"x","y","estatus","ID_Predio","Tipo_Explotacion","Bovinos_Adultos","Bovinos_Jovenes","Ovinos_Adultos","Ovinos_Jovenes","Porcinos_Adultos","Porcinos_Jovenes","Aves","Equinos","orientacion_productiva","Fecha_Sospecha","Fecha_Positividad","Fecha_Sacrificio","Bovinos_Afectados","Ovinos_Afectados","Porcinos_Afectados","In_Degree","Out_Degree","Ingoing_Contact_Chain","Outgoing_Contact_Chain","Betweenness_Centrality","Closeness_Centrality"
333.032756004922,541.340475287245,"caso","P0001","Monoespecie",0,0,46,47,0,0,0,0,"Ovi_Mixto",2001-04-21,2001-04-22,2001-04-24,0,18,0,6,10,39,67,0.15918,0.3188
336.142773730945,543.346180966449,"caso","P0002","Multiespecie",18,13,947,1035,63,272,47,0,"Ovi_Lana",2001-03-14,2001-03-15,2001-03-16,18,374,158,7,9,22,46,0.07126,0.28649
341.47615240692,551.179421306902,"caso","P0003","Multiespecie",4,3,18,19,1,5,90091,3,"Ovi_Lana",2001-04-11,2001-04-12,2001-04-14,2,4,2,6,9,42,51,0.14294,0.40529
358.001580149709,534.320968986166,"caso","P0004","Multiespecie",43,34,94,83,1,4,1174,4,"Ovi_Lana",2001-03-06,2001-03-08,2001-03-09,29,42,3,5,10,12,40,0.25691,0.45086
382.318870431629,514.970692859894,"caso","P0005","Multiespecie",20,11,225,163,3,9,38,1,"Ovi_Carne",2001-04-17,2001-04-20,2001-04-21,19,90,7,8,7,47,43,0.18925,0.27752
333.95669372841,540.765466126733,"caso","P0006","Multiespecie",10,8,175,109,24,56,0,0,"Ovi_Mixto",2001-04-07,2001-04-10,2001-04-12,10,25,51,8,8,28,67,0.06491,0.38938
335.829466828777,541.928968643989,"caso","P0007","Multiespecie",25,16,47,43,18,41,0,5,"Ovi_Lana",2001-05-09,2001-05-11,2001-05-12,13,5,28,6,6,47,32,0.24211,0.37873
336.533393080018,541.388938717537,"caso","P0008","Monoespecie",0,0,119,134,0,0,1058,0,"Ovi_Mixto",2001-03-02,2001-03-06,2001-03-08,0,60,0,7,5,19,24,0.09963,0.49545
334.396370091562,540.079582129596,"caso","P0009","Multiespecie",86,49,89,79,43,171,12,0,"Mixtos",2001-03-16,2001-03-20,2001-03-22,69,19,95,21,4,156,13,0.18958,0.43232
334.345499952976,542.632723325991,"caso","P0010","Multiespecie",51,20,75,75,2,5,0,3,"Ovi_Mixto",2001-03-12,2001-03-15,2001-03-17,8,9,2,6,4,29,11,0.15198,0.43659
335.868911504117,541.802699547673,"caso","P0011","Multiespecie",37,28,107,126,5,17,0,2,"Ovi_Lana",2001-05-02,2001-05-03,2001-05-04,35,14,7,12,6,24,38,0.2294,0.42229
336.044285177135,542.256612882834,"caso","P0012","Monoespecie",83,36,0,0,0,0,0,2,"Bov_Carne",2001-03-29,2001-04-01,2001-04-02,67,0,0,5,9,19,42,0.2897,0.26794
333.517070798903,542.3925176218,"caso","P0013","Multiespecie",55,28,916,556,44,140,0,0,"Ovi_Mixto",2001-03-22,2001-03-25,2001-03-26,24,332,141,5,3,40,27,0.08185,0.33261
337.000709289427,541.845010159663,"caso","P0014","Monoespecie",0,0,244,220,0,0,0,4,"Ovi_Mixto",2001-04-29,2001-04-30,2001-05-01,0,138,0,6,9,40,53,0.14967,0.37973
335.361017669968,542.838378965141,"caso","P0015","Multiespecie",44,31,297,192,4,18,0,0,"Ovi_Carne",2001-04-10,2001-04-13,2001-04-15,18,122,8,5,8,39,63,0.18969,0.48286
336.467976417495,543.242263339121,"caso","P0016","Multiespecie",55,27,189,179,6,26,0,0,"Ovi_Carne",2001-03-26,2001-03-27,2001-03-29,20,62,22,5,8,11,66,0.23264,0.38488
333.989908156986,544.817754434988,"caso","P0017","Multiespecie",46,19,536,495,35,144,0,8,"Ovi_Lana",2001-04-01,2001-04-04,2001-04-06,38,79,125,7,10,22,75,0.15114,0.35827
334.660479444764,541.082887857296,"caso","P0018","Multiespecie",18,14,59,47,4,13,0,0,"Ovi_Lana",2001-03-11,2001-03-15,2001-03-17,18,30,11,7,5,22,29,0.16618,0.42371
335.602559698872,542.828747117702,"caso","P0019","Multiespecie",38,18,62,72,25,54,18,0,"Ovi_Carne",2001-03-01,2001-03-04,2001-03-06,31,11,27,8,4,18,39,0.08342,0.48276
336.257281815427,545.498621890276,"caso","P0020","Multiespecie",28,12,70,45,5,12,987,4,"Ovi_Mixto",2001-04-22,2001-04-24,2001-04-25,13,14,11,8,5,40,40,0.08772,0.32367
336.506251470186,535.867923858313,"caso","P0021","Multiespecie",10,6,327,372,70,272,0,5,"Ovi_Mixto",2001-02-27,2001-02-28,2001-03-01,9,91,217,8,10,49,80,0.18282,0.22393
331.050577505307,539.637996266716,"caso","P0022","Multiespecie",237,121,179,197,3,7,36,3,"Ovi_Carne",2001-03-07,2001-03-11,2001-03-13,192,22,5,5,11,24,44,0.1477,0.3094
335.325414179826,536.192155971754,"caso","P0023","Multiespecie",7,3,91,107,26,122,0,0,"Ovi_Carne",2001-03-01,2001-03-02,2001-03-04,4,21,51,7,5,53,21,0.01353,0.47515
335.927582636382,534.323171119019,"caso","P0024","Multiespecie",17,13,136,158,78,306,0,0,"Mixtos",2001-03-07,2001-03-11,2001-03-13,8,81,174,7,4,34,30,0.17639,0.5204
333.987532827399,538.048907169685,"caso","P0025","Multiespecie",108,82,282,265,2,10,16,0,"Ovi_Lana",2001-04-21,2001-04-23,2001-04-25,32,107,5,14,4,88,36,0.19152,0.26444
338.224029468509,550.81652461747,"caso","P0026","Multiespecie",6,4,19,15,31,153,0,0,"Mixtos",2001-03-18,2001-03-22,2001-03-23,3,7,47,7,6,26,48,0.03599,0.44296
339.367241076046,550.495129962895,"caso","P0027","Multiespecie",66,33,21,24,1,2,0,8,"Bov_Carne",2001-03-21,2001-03-25,2001-03-27,24,4,1,7,8,19,43,0.04061,0.37622
337.488278438407,549.44436880687,"caso","P0028","Multiespecie",24,18,20,17,10,38,0,0,"Mixtos",2001-03-19,2001-03-21,2001-03-23,16,9,27,4,7,10,21,0.22732,0.47971
337.757596628543,552.086641514626,"caso","P0029","Multiespecie",23,10,350,399,4,9,0,2,"Ovi_Lana",2001-03-13,2001-03-14,2001-03-15,14,41,7,5,6,16,20,0.04433,0.25083
336.846907854346,549.220477732886,"caso","P0030","Monoespecie",0,0,1344,1273,0,0,334,3,"Ovi_Mixto",2001-03-16,2001-03-18,2001-03-19,0,413,0,6,6,32,59,0.01295,0.38271
335.207732194315,549.390057302707,"caso","P0031","Monoespecie",0,0,69,74,0,0,0,0,"Ovi_Lana",2001-03-14,2001-03-15,2001-03-17,0,34,0,4,4,20,28,0.13884,0.2874
335.093864928423,547.903968953793,"caso","P0032","Multiespecie",50,23,35,29,25,75,0,0,"Mixtos",2001-04-21,2001-04-23,2001-04-25,7,10,47,8,7,21,43,0.18297,0.56078
334.039109828126,550.288145679561,"caso","P0033","Monoespecie",0,0,249,205,0,0,134,3,"Ovi_Lana",2001-04-18,2001-04-20,2001-04-22,0,117,0,3,9,22,45,0.03913,0.39074
335.923957117224,545.580361167506,"caso","P0034","Multiespecie",111,53,15,11,1,5,0,1,"Bov_Carne",2001-04-02,2001-04-03,2001-04-04,39,2,3,4,16,22,155,0.2839,0.44628
337.294637552482,547.890631317632,"caso","P0035","Multiespecie",35,14,44,34,19,93,0,0,"Mixtos",2001-04-10,2001-04-11,2001-04-12,9,8,83,8,7,45,33,0.20363,0.41701
336.843834911947,547.428116645136,"caso","P0036","Multiespecie",33,25,708,850,17,69,0,0,"Ovi_Lana",2001-04-30,2001-05-02,2001-05-03,15,401,57,7,7,45,62,0.15244,0.20327
340.075337739867,544.994291106152,"caso","P0037","Multiespecie",30,15,30,36,62,170,0,0,"Mixtos",2001-03-28,2001-03-29,2001-03-30,18,16,73,3,6,18,47,0.17628,0.28109
339.492656870286,546.509599220733,"caso","P0038","Multiespecie",50,28,47,53,4,17,0,3,"Ovi_Carne",2001-03-16,2001-03-19,2001-03-20,38,27,12,7,7,17,43,0.05038,0.39233
340.720530239938,545.769302460086,"caso","P0039","Monoespecie",120,82,0,0,0,0,0,2,"Bov_Carne",2001-04-17,2001-04-19,2001-04-20,119,0,0,10,6,50,15,0.06633,0.26651
340.07302193386,546.908770453108,"caso","P0040","Multiespecie",78,58,150,166,14,30,0,5,"Ovi_Carne",2001-04-18,2001-04-22,2001-04-24,30,67,25,8,7,32,69,0.11393,0.27145
338.396347944798,547.335363008259,"caso","P0041","Multiespecie",75,33,34,38,1,3,0,7,"Bov_Leche",2001-03-29,2001-03-30,2001-04-01,46,16,2,8,7,32,58,0.11909,0.47077
334.826270806664,546.054108537654,"caso","P0042","Monoespecie",155,108,0,0,0,0,0,0,"Bov_Leche",2001-04-08,2001-04-10,2001-04-11,135,0,0,8,7,25,66,0.21001,0.47425
337.033351711421,544.145361415507,"caso","P0043","Multiespecie",22,14,397,439,12,34,0,2,"Ovi_Carne",2001-04-21,2001-04-22,2001-04-24,14,94,35,4,9,30,22,0.19048,0.41804
338.78671884486,544.739944994485,"caso","P0044","Multiespecie",31,24,777,765,3,12,0,0,"Ovi_Carne",2001-04-01,2001-04-05,2001-04-06,19,387,8,6,8,28,39,0.00858,0.41294
336.421586349748,543.088390397129,"caso","P0045","Multiespecie",214,138,257,210,3,13,0,2,"Ovi_Carne",2001-03-26,2001-03-27,2001-03-28,90,55,7,8,6,44,32,0.21267,0.30762
336.474953410017,543.017688277928,"caso","P0046","Multiespecie",20,15,113,92,16,64,0,1,"Ovi_Lana",2001-04-09,2001-04-13,2001-04-14,6,57,18,7,7,52,31,0.11864,0.32393
338.650419248248,544.296430951535,"caso","P0047","Monoespecie",0,0,0,0,123,603,6936,1,"Mixtos",2001-04-15,2001-04-19,2001-04-21,0,0,392,10,9,75,32,0.15183,0.18419
338.19025450631,545.844331691984,"caso","P0048","Multiespecie",45,31,41,35,2,10,0,0,"Bov_Carne",2001-03-22,2001-03-24,2001-03-26,43,9,7,9,8,19,23,0.22159,0.38224
336.741514124671,548.210332621887,"caso","P0049","Multiespecie",254,194,11,11,13,44,344,0,"Bov_Mixto",2001-03-14,2001-03-18,2001-03-20,167,5,17,5,9,37,57,0.24293,0.30831
340.816599036785,550.493812412202,"caso","P0050","Multiespecie",164,81,15,17,4,16,0,3,"Bov_Carne",2001-04-08,2001-04-10,2001-04-12,142,5,10,8,6,44,40,0.21677,0.42867
340.878196725775,550.772067581807,"caso","P0051","Monoespecie",0,0,0,0,37,150,0,0,"Mixtos",2001-03-27,2001-03-29,2001-03-31,0,0,44,10,12,40,24,0.18753,0.26161
340.392010426641,550.831623517049,"caso","P0052","Monoespecie",0,0,0,0,331,900,33,0,"Mixtos",2001-03-17,2001-03-21,2001-03-22,0,0,602,4,3,11,17,0.11385,0.43015
341.833875682004,551.99979091696,"caso","P0053","Monoespecie",0,0,0,0,31,120,70,0,"Mixtos",2001-03-30,2001-04-03,2001-04-05,0,0,103,4,7,26,52,0.12498,0.47994
343.498410797502,550.546542202309,"caso","P0054","Monoespecie",0,0,235,206,0,0,0,0,"Ovi_Carne",2001-03-28,2001-03-30,2001-04-01,0,39,0,8,8,18,68,0.20649,0.14448
346.004151117483,549.928951887244,"caso","P0055","Multiespecie",66,33,236,248,31,92,0,3,"Ovi_Mixto",2001-04-14,2001-04-18,2001-04-20,31,94,56,6,5,21,12,0.12536,0.18897
344.582341327898,549.143417507427,"caso","P0056","Monoespecie",388,188,0,0,0,0,0,1,"Bov_Mixto",2001-03-30,2001-04-02,2001-04-03,168,0,0,6,6,32,18,0.16819,0.13687
343.296380819149,552.760273990517,"caso","P0057","Monoespecie",0,0,298,329,0,0,56,0,"Ovi_Carne",2001-05-04,2001-05-07,2001-05-08,0,161,0,8,7,59,45,0.16238,0.34969
342.109788411027,552.600793358912,"caso","P0058","Multiespecie",62,37,184,172,139,579,0,5,"Mixtos",2001-03-29,2001-04-01,2001-04-03,40,106,187,7,5,28,25,0.04238,0.26993
344.035477996323,548.063298982104,"caso","P0059","Monoespecie",0,0,444,435,0,0,0,4,"Ovi_Lana",2001-04-28,2001-04-29,2001-05-01,0,235,0,7,9,15,49,0.08888,0.35939
341.69037840639,549.697287867851,"caso","P0060","Multiespecie",9,6,1004,779,4,13,0,5,"Ovi_Carne",2001-03-23,2001-03-27,2001-03-29,3,477,11,9,7,21,22,0.25136,0.29531
344.983226409891,550.952181737546,"caso","P0061","Multiespecie",36,26,23,18,11,23,0,0,"Bov_Carne",2001-03-14,2001-03-18,2001-03-19,13,4,9,10,3,64,25,0.09099,0.48004
339.511420919308,550.566159086575,"caso","P0062","Monoespecie",0,0,0,0,225,808,0,5,"Mixtos",2001-04-04,2001-04-07,2001-04-08,0,0,590,7,8,40,66,0.22987,0.34642
339.987193945567,551.82200296439,"caso","P0063","Multiespecie",44,28,53,42,166,744,0,3,"Mixtos",2001-04-10,2001-04-13,2001-04-14,34,11,459,5,2,30,16,0.15362,0.2905
350.616857914734,549.676036364539,"caso","P0064","Multiespecie",69,51,168,166,151,598,0,0,"Mixtos",2001-03-08,2001-03-10,2001-03-12,28,30,206,4,6,32,18,0.25176,0.21703
345.822235901517,551.068115905482,"caso","P0065","Multiespecie",33,20,76,61,26,107,0,1,"Ovi_Lana",2001-04-27,2001-05-01,2001-05-02,20,31,65,4,10,32,37,0.16385,0.45208
345.251430863005,551.711171413068,"caso","P0066","Multiespecie",21,9,13,9,3,14,0,1,"Bov_Carne",2001-04-12,2001-04-15,2001-04-17,6,5,9,13,14,71,82,0.0876,0.34378
348.040187327844,549.81027477091,"caso","P0067","Monoespecie",91,72,0,0,0,0,0,5,"Bov_Carne",2001-03-05,2001-03-07,2001-03-09,52,0,0,8,4,36,15,0.23541,0.18357
349.137907310853,551.323046828871,"caso","P0068","Multiespecie",9,7,17,14,3,12,0,0,"Ovi_Mixto",2001-04-26,2001-04-30,2001-05-02,3,9,10,7,8,27,53,0.16936,0.39056
350.284713121419,553.25118825199,"caso","P0069","Multiespecie",70,47,20,15,21,88,300,0,"Bov_Leche",2001-03-20,2001-03-21,2001-03-22,38,9,52,5,10,36,24,0.06081,0.35108
350.580065700886,550.011908455859,"caso","P0070","Monoespecie",0,0,0,0,38,93,20,6,"Mixtos",2001-05-14,2001-05-18,2001-05-19,0,0,68,9,3,26,29,0.01045,0.3277
350.642829369215,550.85311586045,"caso","P0071","Monoespecie",0,0,76,74,0,0,7,4,"Ovi_Carne",2001-03-26,2001-03-30,2001-04-01,0,43,0,5,3,34,13,0.15207,0.19663
352.976122412587,549.294609322774,"caso","P0072","Multiespecie",20,12,17,17,21,93,0,2,"Mixtos",2001-03-16,2001-03-18,2001-03-19,4,5,58,4,9,10,88,0.19799,0.30127
351.15113920922,549.08492568319,"caso","P0073","Monoespecie",121,50,0,0,0,0,0,0,"Bov_Leche",2001-04-30,2001-05-03,2001-05-04,29,0,0,6,3,37,27,0.18336,0.16764
351.078031915415,548.326815885402,"caso","P0074","Monoespecie",0,0,86,99,0,0,0,3,"Ovi_Lana",2001-04-06,2001-04-08,2001-04-09,0,19,0,2,10,12,58,0.23583,0.32432
351.226171311687,544.385365868258,"caso","P0075","Multiespecie",142,82,73,70,2,9,0,0,"Bov_Carne",2001-04-04,2001-04-05,2001-04-06,84,20,8,9,13,26,117,0.12292,0.35402
354.264263787619,545.061432885716,"caso","P0076","Monoespecie",0,0,0,0,58,258,3899,0,"Mixtos",2001-04-13,2001-04-14,2001-04-16,0,0,178,10,4,58,39,0.06775,0.42062
353.413439800848,546.538074781403,"caso","P0077","Monoespecie",108,86,0,0,0,0,0,2,"Bov_Carne",2001-03-17,2001-03-20,2001-03-22,37,0,0,8,6,37,35,0.18465,0.49272
352.409613335005,545.934363073796,"caso","P0078","Multiespecie",31,19,40,30,9,29,2117,0,"Ovi_Carne",2001-03-28,2001-03-30,2001-04-01,15,12,15,6,6,22,24,0.1957,0.39075
369.477856152976,547.667669985563,"caso","P0079","Multiespecie",19,8,124,135,1,3,161,0,"Ovi_Carne",2001-03-25,2001-03-27,2001-03-28,8,51,3,6,6,33,32,0.28938,0.50422
337.678161526092,535.436193822669,"caso","P0080","Monoespecie",0,0,14,10,0,0,0,6,"Ovi_Carne",2001-03-21,2001-03-24,2001-03-25,0,2,0,2,5,4,36,0.15909,0.21343
339.397678547382,541.140007579032,"caso","P0081","Multiespecie",31,24,417,380,7,19,0,2,"Ovi_Carne",2001-03-23,2001-03-24,2001-03-25,23,116,13,5,7,17,61,0.14212,0.34471
337.518002519366,543.890830081566,"caso","P0082","Monoespecie",26,20,0,0,0,0,0,0,"Bov_Mixto",2001-04-24,2001-04-25,2001-04-27,19,0,0,7,8,51,22,0.15264,0.36337
336.380474363923,540.785010052227,"caso","P0083","Monoespecie",224,159,0,0,0,0,0,0,"Bov_Carne",2001-03-30,2001-04-02,2001-04-03,197,0,0,9,7,67,27,0.18425,0.23431
338.965065234175,541.724534314013,"caso","P0084","Monoespecie",0,0,90,58,0,0,38,0,"Ovi_Carne",2001-04-10,2001-04-11,2001-04-13,0,40,0,10,6,27,21,0.03122,0.14509
334.941705840551,538.313450282617,"caso","P0085","Multiespecie",19,9,22,20,1,5,0,1,"Ovi_Carne",2001-04-01,2001-04-03,2001-04-04,11,4,3,6,6,25,59,0.25514,0.4539
335.435740487451,540.451799743794,"caso","P0086","Monoespecie",90,54,0,0,0,0,0,0,"Bov_Leche",2001-03-29,2001-04-02,2001-04-04,81,0,0,8,4,48,22,0.275,0.52597
336.698449842559,539.518246414384,"caso","P0087","Monoespecie",0,0,522,451,0,0,0,0,"Ovi_Lana",2001-03-10,2001-03-11,2001-03-12,0,248,0,6,6,25,33,0.08443,0.22195
333.70802323787,539.881700374006,"caso","P0088","Monoespecie",0,0,94,79,0,0,0,3,"Ovi_Lana",2001-04-11,2001-04-15,2001-04-17,0,47,0,7,5,52,22,0.15019,0.47642
333.707056001878,539.64435487888,"caso","P0089","Multiespecie",53,42,137,132,2,8,159,2,"Ovi_Lana",2001-03-12,2001-03-15,2001-03-16,49,26,3,5,7,21,14,0.08557,0.3653
337.903929504053,540.91503788532,"caso","P0090","Multiespecie",18,10,294,244,7,24,58,0,"Ovi_Carne",2001-04-22,2001-04-24,2001-04-26,11,73,16,10,8,51,21,0.19443,0.36837
337.65330726417,537.577270935563,"caso","P0091","Monoespecie",0,0,162,116,0,0,407,4,"Ovi_Lana",2001-03-25,2001-03-27,2001-03-29,0,72,0,5,10,16,77,0.05074,0.2586
337.103766957768,537.100456989712,"caso","P0092","Monoespecie",0,0,100,112,0,0,686,0,"Ovi_Carne",2001-04-03,2001-04-05,2001-04-06,0,22,0,4,5,30,17,0.16483,0.38272
350.591328135249,531.166458383542,"caso","P0093","Monoespecie",0,0,157,139,0,0,1071,0,"Ovi_Carne",2001-03-04,2001-03-08,2001-03-10,0,49,0,9,6,63,16,0.09736,0.38566
347.749573894002,532.790168282737,"caso","P0094","Multiespecie",12,9,84,64,14,56,19,0,"Ovi_Mixto",2001-03-30,2001-04-02,2001-04-03,4,9,36,4,7,30,19,0.09609,0.27405
349.143643934801,531.698149629476,"caso","P0095","Multiespecie",76,33,211,179,14,61,14,3,"Ovi_Carne",2001-04-06,2001-04-09,2001-04-10,44,50,16,8,14,34,90,0.00935,0.31225
363.170727304863,531.67294545138,"caso","P0096","Multiespecie",64,50,46,33,15,64,0,2,"Bov_Mixto",2001-03-05,2001-03-08,2001-03-10,54,16,32,6,8,43,59,0.00919,0.34582
362.698763635242,530.84007572916,"caso","P0097","Monoespecie",0,0,0,0,30,61,0,0,"Mixtos",2001-04-18,2001-04-21,2001-04-23,0,0,39,8,15,52,131,0.18575,0.20655
361.818676025363,532.663140390358,"caso","P0098","Multiespecie",169,130,368,257,20,41,0,0,"Ovi_Carne",2001-03-15,2001-03-17,2001-03-19,112,98,20,19,6,146,12,0.12543,0.49091
362.789779188912,530.458145892692,"caso","P0099","Monoespecie",0,0,2475,2593,0,0,0,0,"Ovi_Carne",2001-04-09,2001-04-12,2001-04-13,0,899,0,5,8,15,24,0.08735,0.28526
346.287194406309,533.93024529661,"caso","P0100","Multiespecie",66,41,111,113,1,4,0,3,"Ovi_Carne",2001-03-08,2001-03-11,2001-03-12,35,24,3,10,6,28,35,0.18789,0.25406
350.216681501066,530.82815322451,"caso","P0101","Multiespecie",22,16,230,179,41,92,0,5,"Ovi_Carne",2001-03-19,2001-03-23,2001-03-25,21,101,60,9,7,23,46,0.11211,0.35568
349.102757957692,529.196601713252,"caso","P0102","Monoespecie",137,89,0,0,0,0,0,0,"Bov_Leche",2001-03-18,2001-03-19,2001-03-21,28,0,0,11,6,76,53,0.16669,0.28018
346.305645379355,529.132660614278,"caso","P0103","Multiespecie",37,20,10,9,91,236,0,0,"Mixtos",2001-05-15,2001-05-17,2001-05-19,18,3,127,7,7,33,68,0.08942,0.2126
347.357292507811,529.878842576869,"caso","P0104","Multiespecie",21,10,24,15,5,16,0,0,"Ovi_Carne",2001-04-04,2001-04-06,2001-04-07,17,5,15,4,8,32,39,0.08422,0.54157
343.64652105418,531.886446721347,"caso","P0105","Multiespecie",80,61,211,132,22,50,0,0,"Ovi_Carne",2001-04-20,2001-04-22,2001-04-23,24,46,30,8,9,34,83,0.04974,0.44164
361.218516629434,540.265489935808,"caso","P0106","Multiespecie",15,9,57,56,10,36,0,1,"Ovi_Carne",2001-03-20,2001-03-24,2001-03-25,5,21,23,4,4,10,31,0.18241,0.41698
356.730246816783,539.492109085238,"caso","P0107","Monoespecie",0,0,186,187,0,0,0,0,"Ovi_Carne",2001-03-17,2001-03-19,2001-03-20,0,110,0,7,7,52,21,0.26171,0.42123
356.490727140611,539.981995974428,"caso","P0108","Monoespecie",125,80,0,0,0,0,0,0,"Bov_Mixto",2001-03-09,2001-03-10,2001-03-11,36,0,0,7,5,49,23,0.2471,0.401
358.904093077388,540.701411601222,"caso","P0109","Multiespecie",90,53,684,494,597,2410,0,0,"Mixtos",2001-03-11,2001-03-13,2001-03-15,48,259,2364,5,6,38,51,0.22267,0.36203
354.260926612095,535.905702441328,"caso","P0110","Multiespecie",94,66,272,248,60,282,0,2,"Ovi_Lana",2001-02-28,2001-03-01,2001-03-02,84,95,93,4,9,11,72,0.04983,0.21751
352.412059187945,536.341825611528,"caso","P0111","Multiespecie",65,48,117,133,27,116,0,0,"Ovi_Mixto",2001-03-28,2001-04-01,2001-04-03,27,68,67,7,8,37,38,0.21262,0.27734
352.636334850917,536.266415457251,"caso","P0112","Monoespecie",41,22,0,0,0,0,0,0,"Bov_Carne",2001-03-13,2001-03-14,2001-03-16,31,0,0,7,3,19,14,0.19161,0.26258
354.986416357497,537.916082944772,"caso","P0113","Multiespecie",13,10,22,23,73,322,0,0,"Mixtos",2001-03-27,2001-03-28,2001-03-29,13,10,198,7,7,34,50,0.17362,0.18883
355.499218961088,536.507146265093,"caso","P0114","Multiespecie",19,14,357,382,24,67,137,3,"Ovi_Carne",2001-03-28,2001-03-31,2001-04-01,10,193,43,8,4,45,33,0.23996,0.26644
354.062903799987,535.017571048023,"caso","P0115","Multiespecie",26,15,98,112,7,25,0,6,"Ovi_Mixto",2001-04-17,2001-04-18,2001-04-20,11,46,15,18,6,100,40,0.19256,0.35185
356.242920031434,538.093293745654,"caso","P0116","Multiespecie",87,52,66,68,15,74,0,0,"Bov_Mixto",2001-04-11,2001-04-14,2001-04-16,73,16,30,5,4,21,35,0.01774,0.37023
355.58228977268,537.670006474684,"caso","P0117","Multiespecie",28,12,48,32,3,8,0,0,"Ovi_Lana",2001-03-18,2001-03-19,2001-03-21,19,16,4,5,6,32,45,0.10442,0.44002
355.937476579431,535.159379495343,"caso","P0118","Multiespecie",65,47,48,38,65,313,43,0,"Mixtos",2001-03-14,2001-03-18,2001-03-20,37,25,112,4,3,18,22,0.23896,0.42631
342.164207766511,532.931978743194,"caso","P0119","Multiespecie",60,29,17,18,72,241,0,0,"Mixtos",2001-05-18,2001-05-20,2001-05-22,31,2,174,8,5,34,26,0.24382,0.39212
343.626268937172,533.712291987277,"caso","P0120","Monoespecie",0,0,100,77,0,0,147,0,"Ovi_Lana",2001-03-08,2001-03-11,2001-03-13,0,25,0,6,5,28,37,0.09469,0.34999
343.879844052689,532.643401729379,"caso","P0121","Multiespecie",9,6,17,18,23,93,0,5,"Mixtos",2001-02-22,2001-02-26,2001-02-28,8,9,43,8,6,46,24,0.0814,0.33696
344.525639182609,541.404448551028,"caso","P0122","Multiespecie",28,22,130,101,355,1077,189,0,"Mixtos",2001-03-19,2001-03-23,2001-03-24,19,36,765,4,13,14,29,0.13072,0.43376
344.884715666953,545.535915577847,"caso","P0123","Multiespecie",23,12,90,108,5,24,0,0,"Ovi_Mixto",2001-02-27,2001-02-28,2001-03-01,5,41,19,5,12,31,89,0.219,0.27664
344.367380439242,547.139116006223,"caso","P0124","Monoespecie",0,0,311,309,0,0,0,0,"Ovi_Carne",2001-03-13,2001-03-14,2001-03-16,0,134,0,12,9,81,31,0.13778,0.3937
350.108712361784,545.249780896077,"caso","P0125","Multiespecie",23,18,143,89,3,11,27,0,"Ovi_Carne",2001-03-24,2001-03-27,2001-03-28,21,34,9,11,6,83,39,0.16951,0.54348
347.342833208173,544.391506273667,"caso","P0126","Multiespecie",119,74,19,17,16,46,0,4,"Bov_Leche",2001-03-27,2001-03-28,2001-03-29,50,2,38,20,15,100,40,0.05349,0.29377
348.108767040136,546.087361401945,"caso","P0127","Multiespecie",16,13,213,129,2,5,5627,0,"Ovi_Carne",2001-03-28,2001-04-01,2001-04-03,13,25,4,8,8,60,60,0.05129,0.15858
345.074595266825,542.198309156556,"caso","P0128","Multiespecie",17,9,25,29,2,5,0,4,"Ovi_Carne",2001-03-15,2001-03-16,2001-03-17,11,12,4,3,7,18,51,0.26143,0.31732
349.588034530208,537.748791727095,"caso","P0129","Multiespecie",190,86,65,73,13,29,0,3,"Bov_Carne",2001-03-02,2001-03-05,2001-03-06,46,28,20,7,8,34,31,0.03175,0.37688
343.919572507133,542.852869711305,"caso","P0130","Multiespecie",36,22,30,19,2,9,5,0,"Bov_Leche",2001-03-29,2001-03-30,2001-03-31,12,14,6,7,10,36,27,0.269,0.38328
347.063872963107,544.644123004291,"caso","P0131","Multiespecie",6,2,100,73,14,38,0,0,"Ovi_Carne",2001-04-22,2001-04-23,2001-04-25,1,26,41,9,8,60,80,0.14703,0.4136
347.259568815406,544.23524821828,"caso","P0132","Monoespecie",0,0,118,78,0,0,604,2,"Ovi_Lana",2001-03-04,2001-03-07,2001-03-08,0,49,0,4,8,12,34,0.21887,0.37846
348.064176073823,537.591205152728,"caso","P0133","Multiespecie",281,137,109,66,4,13,0,0,"Bov_Leche",2001-06-17,2001-06-18,2001-06-20,104,47,6,9,8,41,35,0.23861,0.42922
349.447208479028,547.32665391301,"caso","P0134","Multiespecie",104,81,40,28,26,111,514,4,"Bov_Mixto",2001-04-02,2001-04-05,2001-04-07,51,12,70,8,8,27,56,0.06187,0.23606
345.169876488756,542.789680147461,"caso","P0135","Monoespecie",0,0,99,65,0,0,0,0,"Ovi_Mixto",2001-03-03,2001-03-06,2001-03-07,0,9,0,6,6,41,13,0.1777,0.406
343.82487169891,547.002777745459,"caso","P0136","Multiespecie",5,4,285,342,4,14,95,0,"Ovi_Lana",2001-03-25,2001-03-26,2001-03-28,3,78,14,4,6,15,26,0.10787,0.28429
344.01117860393,547.072584131494,"caso","P0137","Multiespecie",5,2,152,143,13,49,0,0,"Ovi_Carne",2001-04-18,2001-04-19,2001-04-20,3,79,34,4,5,21,27,0.25772,0.27581
347.117146839966,541.679853773163,"caso","P0138","Multiespecie",9,5,104,94,42,128,0,0,"Ovi_Lana",2001-03-24,2001-03-26,2001-03-27,4,15,64,6,6,32,43,0.23645,0.32238
349.964841964126,538.578486116355,"caso","P0139","Multiespecie",8,3,800,861,11,23,0,0,"Ovi_Lana",2001-02-24,2001-02-28,2001-03-01,1,225,14,7,6,26,59,0.28642,0.19966
342.289459949387,547.830705792116,"caso","P0140","Multiespecie",24,14,476,466,11,28,0,0,"Ovi_Mixto",2001-03-28,2001-04-01,2001-04-02,12,134,20,11,4,77,38,0.05971,0.42023
345.940450628013,543.58534532249,"caso","P0141","Monoespecie",0,0,0,0,179,468,0,0,"Mixtos",2001-03-08,2001-03-12,2001-03-13,0,0,237,6,7,34,19,0.11638,0.48908
342.772952446494,547.695271591432,"caso","P0142","Multiespecie",21,12,29,20,12,44,0,0,"Mixtos",2001-04-16,2001-04-20,2001-04-22,15,7,32,5,7,24,47,0.17429,0.40519
349.225697234145,538.642091808278,"caso","P0143","Multiespecie",15,7,28,19,12,28,170,4,"Ovi_Carne",2001-03-17,2001-03-21,2001-03-23,6,3,29,6,5,32,16,0.22619,0.34261
345.766805112096,548.510527823841,"caso","P0144","Monoespecie",0,0,908,778,0,0,0,2,"Ovi_Lana",2001-03-09,2001-03-12,2001-03-14,0,107,0,10,5,77,47,0.11754,0.15348
347.134893306213,547.942814545845,"caso","P0145","Monoespecie",0,0,16,19,0,0,111,3,"Ovi_Lana",2001-04-05,2001-04-06,2001-04-08,0,8,0,4,6,21,23,0.13137,0.44585
347.804307802961,540.082848884622,"caso","P0146","Multiespecie",22,13,197,221,7,29,0,0,"Ovi_Carne",2001-04-22,2001-04-23,2001-04-25,14,106,19,10,7,76,56,0.03009,0.41929
343.894838844423,547.061210057385,"caso","P0147","Multiespecie",9,5,2018,1868,30,68,0,4,"Ovi_Carne",2001-03-17,2001-03-19,2001-03-20,3,902,28,3,7,23,33,0.04486,0.32304
346.885848537617,544.682364779663,"caso","P0148","Monoespecie",186,124,0,0,0,0,1342,0,"Bov_Carne",2001-03-26,2001-03-30,2001-04-01,90,0,0,9,8,69,56,0.25833,0.5129
343.348234896846,543.94641437244,"caso","P0149","Monoespecie",0,0,413,296,0,0,0,0,"Ovi_Carne",2001-03-06,2001-03-08,2001-03-09,0,88,0,9,4,64,29,0.18989,0.5176
344.458415859934,545.734610685767,"caso","P0150","Multiespecie",88,69,37,29,3,12,140,0,"Bov_Mixto",2001-04-11,2001-04-15,2001-04-17,55,14,7,8,10,48,53,0.16413,0.12731
343.370370928117,542.224367364801,"caso","P0151","Multiespecie",17,12,39,28,8,37,0,3,"Ovi_Mixto",2001-03-01,2001-03-02,2001-03-03,11,16,28,3,4,20,25,0.12074,0.26406
346.031130035991,540.382692380654,"caso","P0152","Multiespecie",36,20,60,41,10,31,0,0,"Ovi_Carne",2001-04-08,2001-04-09,2001-04-10,14,20,30,13,10,90,70,0.04219,0.15771
346.769438637544,548.722868112791,"caso","P0153","Monoespecie",0,0,108,115,0,0,397,0,"Ovi_Lana",2001-03-26,2001-03-27,2001-03-28,0,40,0,10,4,29,20,0.08212,0.33176
345.78439886755,546.948051898717,"caso","P0154","Multiespecie",15,6,48,46,35,88,548,2,"Mixtos",2001-03-11,2001-03-15,2001-03-17,7,14,38,5,7,39,52,0.00973,0.37371
347.233300811045,546.208141919157,"caso","P0155","Monoespecie",0,0,0,0,29,108,191,6,"Mixtos",2001-02-26,2001-02-27,2001-02-28,0,0,85,14,7,65,52,0.08498,0.18178
344.809099162409,542.72669221848,"caso","P0156","Monoespecie",0,0,168,182,0,0,0,0,"Ovi_Carne",2001-05-02,2001-05-03,2001-05-05,0,64,0,10,8,63,53,0.07008,0.40313
357.36726771443,535.934787749089,"caso","P0157","Multiespecie",40,31,176,108,3,14,0,4,"Ovi_Carne",2001-04-02,2001-04-04,2001-04-06,28,42,5,3,4,16,33,0.23421,0.45355
356.770960640822,537.428405881562,"caso","P0158","Monoespecie",0,0,122,87,0,0,0,0,"Ovi_Carne",2001-05-05,2001-05-07,2001-05-08,0,59,0,6,7,17,64,0.20394,0.31852
356.749539561894,536.21561001732,"caso","P0159","Monoespecie",0,0,287,250,0,0,0,0,"Ovi_Lana",2001-03-17,2001-03-18,2001-03-19,0,149,0,8,7,59,20,0.17523,0.45949
340.705844932762,526.957345088116,"caso","P0160","Multiespecie",15,9,34,26,48,98,0,0,"Mixtos",2001-03-14,2001-03-18,2001-03-20,6,17,80,8,10,34,79,0.07029,0.19264
360.197671511965,542.850928799839,"caso","P0161","Multiespecie",87,54,111,118,27,124,128,5,"Ovi_Lana",2001-03-01,2001-03-03,2001-03-04,25,53,113,8,7,26,68,0.24543,0.39969
355.879574780208,545.523709150872,"caso","P0162","Multiespecie",55,25,2196,1711,51,223,0,3,"Ovi_Mixto",2001-03-30,2001-04-02,2001-04-03,47,1087,96,6,6,14,56,0.16239,0.30329
359.789430054379,547.078794631903,"caso","P0163","Monoespecie",0,0,0,0,2,10,0,6,"Mixtos",2001-03-28,2001-03-31,2001-04-01,0,0,9,5,4,40,33,0.18779,0.49924
360.72922786493,542.762681154476,"caso","P0164","Multiespecie",9,4,34,37,6,24,0,4,"Ovi_Carne",2001-03-11,2001-03-14,2001-03-15,6,5,23,9,9,60,88,0.27205,0.52902
358.038968223151,542.896366570601,"caso","P0165","Multiespecie",156,81,315,286,16,55,116,0,"Ovi_Carne",2001-04-13,2001-04-16,2001-04-17,121,177,43,8,9,59,59,0.07687,0.34857
356.729426150725,544.400989083972,"caso","P0166","Multiespecie",40,30,163,127,6,17,3,7,"Ovi_Carne",2001-03-18,2001-03-19,2001-03-20,17,85,14,6,5,13,41,0.02715,0.39476
357.804960952009,542.73024710794,"caso","P0167","Multiespecie",24,12,90,72,20,69,0,0,"Ovi_Lana",2001-04-19,2001-04-21,2001-04-23,20,31,56,6,8,37,45,0.14991,0.29223
355.794686603139,542.673675497611,"caso","P0168","Multiespecie",43,32,13,15,39,78,0,0,"Mixtos",2001-05-30,2001-06-03,2001-06-05,17,3,78,6,8,34,33,0.23453,0.48465
358.022331558926,541.667018574433,"caso","P0169","Multiespecie",9,7,70,75,13,35,1233,3,"Ovi_Carne",2001-05-21,2001-05-23,2001-05-24,7,36,28,6,7,41,32,0.22813,0.19068
352.701090117809,542.26644413491,"caso","P0170","Multiespecie",25,17,102,80,0,0,0,0,"Ovi_Carne",2001-03-14,2001-03-18,2001-03-20,14,29,0,8,7,64,39,0.06944,0.48904
356.825307313779,544.302206556643,"caso","P0171","Monoespecie",0,0,126,78,0,0,173,0,"Ovi_Carne",2001-03-03,2001-03-04,2001-03-05,0,61,0,6,6,21,30,0.2632,0.33179
354.83325914372,531.013683528907,"caso","P0172","Monoespecie",0,0,0,0,65,261,0,0,"Mixtos",2001-05-06,2001-05-07,2001-05-09,0,0,148,9,7,62,36,0.26817,0.36467
357.108966937557,532.299592952534,"caso","P0173","Multiespecie",17,12,144,131,11,43,783,0,"Ovi_Mixto",2001-03-11,2001-03-13,2001-03-14,9,25,42,10,8,41,48,0.20467,0.19945
356.017571059461,534.244342795187,"caso","P0174","Monoespecie",0,0,86,79,0,0,101,2,"Ovi_Lana",2001-03-04,2001-03-08,2001-03-10,0,46,0,7,11,23,60,0.01798,0.53703
353.176897045082,534.717590249324,"caso","P0175","Multiespecie",137,91,476,520,7,26,11,0,"Ovi_Lana",2001-03-18,2001-03-21,2001-03-23,117,140,20,7,7,43,35,0.10848,0.3845
353.341119516737,537.936795132714,"caso","P0176","Multiespecie",54,38,1127,1003,29,76,0,0,"Ovi_Lana",2001-03-25,2001-03-27,2001-03-28,49,472,44,7,6,42,29,0.05509,0.51048
350.584435343971,543.651598350969,"caso","P0177","Monoespecie",0,0,60,51,0,0,454,0,"Ovi_Carne",2001-04-08,2001-04-12,2001-04-14,0,18,0,6,8,33,19,0.16017,0.21395
354.717645962748,541.092699490942,"caso","P0178","Monoespecie",0,0,0,0,69,310,0,0,"Mixtos",2001-03-16,2001-03-19,2001-03-21,0,0,273,8,3,30,22,0.23567,0.2215
351.840170802658,542.837547490253,"caso","P0179","Monoespecie",0,0,378,285,0,0,0,2,"Ovi_Carne",2001-03-13,2001-03-16,2001-03-18,0,45,0,5,10,23,34,0.09987,0.18634
350.813365841075,541.342069298904,"caso","P0180","Multiespecie",34,16,57,50,14,33,0,0,"Ovi_Carne",2001-03-17,2001-03-20,2001-03-22,14,17,19,8,6,57,46,0.15314,0.35394
357.186782964225,538.723071484975,"caso","P0181","Multiespecie",42,17,50,51,0,0,171,2,"Ovi_Mixto",2001-03-28,2001-03-29,2001-03-30,17,15,0,8,6,29,53,0.08501,0.15089
341.349775339443,526.425633178188,"caso","P0182","Multiespecie",25,13,24,25,839,3958,430,0,"Mixtos",2001-03-20,2001-03-21,2001-03-22,21,5,2738,9,8,30,17,0.10811,0.50741
342.645877093802,523.973788055899,"caso","P0183","Monoespecie",0,0,0,0,373,927,0,0,"Mixtos",2001-03-07,2001-03-10,2001-03-12,0,0,937,7,5,39,49,0.08814,0.29299
338.422600896244,536.517613816253,"caso","P0184","Monoespecie",0,0,68,74,0,0,0,0,"Ovi_Carne",2001-05-11,2001-05-12,2001-05-13,0,28,0,5,6,16,43,0.20107,0.40979
341.30661041898,530.714936294424,"caso","P0185","Multiespecie",19,14,18,12,17,60,0,3,"Mixtos",2001-03-11,2001-03-15,2001-03-17,20,5,18,8,2,38,15,0.12354,0.31813
340.014432200785,530.222999773216,"caso","P0186","Multiespecie",3,2,737,675,9,31,0,0,"Ovi_Mixto",2001-04-08,2001-04-10,2001-04-11,3,366,23,11,10,77,68,0.18849,0.46442
336.026913384082,532.461339370963,"caso","P0187","Monoespecie",0,0,0,0,476,2233,0,0,"Mixtos",2001-03-16,2001-03-20,2001-03-21,0,0,879,12,9,33,51,0.10547,0.25966
334.905718893769,533.189998730327,"caso","P0188","Multiespecie",16,11,153,145,1,3,0,0,"Ovi_Mixto",2001-03-04,2001-03-07,2001-03-08,4,70,1,4,8,14,38,0.27723,0.37046
340.103227278531,528.22469659119,"caso","P0189","Multiespecie",2,1,58,59,2,4,0,5,"Ovi_Lana",2001-03-25,2001-03-29,2001-03-31,1,19,3,16,5,81,42,0.0944,0.29593
336.88934554097,534.479512207454,"caso","P0190","Multiespecie",93,55,66,49,36,125,564,0,"Mixtos",2001-03-08,2001-03-09,2001-03-10,65,14,62,23,8,182,73,0.10768,0.32812
336.974191723824,534.865037450143,"caso","P0191","Multiespecie",46,19,45,51,9,29,93,1,"Ovi_Carne",2001-04-13,2001-04-14,2001-04-15,12,15,22,4,8,31,32,0.06079,0.44956
358.787186924651,538.602216244074,"caso","P0192","Multiespecie",2,1,12,11,21,50,0,4,"Mixtos",2001-03-26,2001-03-30,2001-03-31,1,2,54,13,8,66,50,0.26575,0.22608
360.83290108296,534.419505132638,"caso","P0193","Multiespecie",25,13,477,427,43,113,62,0,"Ovi_Mixto",2001-03-19,2001-03-23,2001-03-25,6,158,98,9,6,24,50,0.26422,0.46265
360.947558434912,535.209229581343,"caso","P0194","Monoespecie",0,0,203,200,0,0,0,2,"Ovi_Mixto",2001-03-20,2001-03-22,2001-03-23,0,116,0,10,4,76,30,0.05787,0.31128
360.960327287464,537.386994667738,"caso","P0195","Multiespecie",125,77,379,448,73,357,79,2,"Ovi_Carne",2001-03-05,2001-03-06,2001-03-07,39,237,193,7,9,20,77,0.23638,0.51898
359.87960161136,533.435525929215,"caso","P0196","Multiespecie",221,95,114,79,12,50,0,0,"Bov_Carne",2001-04-23,2001-04-26,2001-04-27,117,46,23,3,5,8,44,0.17354,0.17388
361.400332607689,533.634543371564,"caso","P0197","Multiespecie",38,25,15,17,4,11,269,0,"Bov_Carne",2001-03-23,2001-03-24,2001-03-25,6,9,9,6,6,16,38,0.22356,0.53282
362.453042763121,536.727448812246,"caso","P0198","Multiespecie",89,41,51,48,69,262,0,0,"Mixtos",2001-04-16,2001-04-18,2001-04-19,45,26,72,9,9,40,60,0.05118,0.54939
348.612213089196,531.626487847453,"caso","P0199","Monoespecie",144,97,0,0,0,0,0,0,"Bov_Carne",2001-04-16,2001-04-19,2001-04-21,50,0,0,5,7,21,56,0.22622,0.52431
350.414437426006,534.768112788934,"caso","P0200","Multiespecie",21,11,4,3,12,43,0,0,"Mixtos",2001-03-08,2001-03-11,2001-03-12,14,1,19,3,5,9,18,0.0327,0.22427
352.972255219776,532.58134810346,"caso","P0201","Monoespecie",54,39,0,0,0,0,11,0,"Bov_Leche",2001-03-12,2001-03-14,2001-03-15,31,0,0,7,9,46,48,0.12395,0.28062
350.83773118392,535.114112050228,"caso","P0202","Monoespecie",0,0,83,86,0,0,0,0,"Ovi_Mixto",2001-03-03,2001-03-06,2001-03-07,0,23,0,11,5,86,24,0.05732,0.36315
352.540883825423,532.010458363249,"caso","P0203","Multiespecie",18,9,28,21,3,9,0,1,"Ovi_Carne",2001-05-01,2001-05-05,2001-05-07,9,3,3,5,8,12,77,0.26199,0.39999
351.526398511176,534.135511230298,"caso","P0204","Monoespecie",0,0,0,0,41,151,248,0,"Mixtos",2001-04-10,2001-04-11,2001-04-12,0,0,96,7,7,26,48,0.18105,0.17203
342.511619068841,541.331275115019,"caso","P0205","Multiespecie",25,11,83,90,34,130,0,2,"Ovi_Lana",2001-04-15,2001-04-16,2001-04-18,14,49,56,11,9,30,59,0.11903,0.26093
341.276299145808,535.972057911481,"caso","P0206","Monoespecie",80,59,0,0,0,0,34,3,"Bov_Carne",2001-03-26,2001-03-30,2001-03-31,38,0,0,3,7,17,20,0.11251,0.37092
343.896914125512,538.034103125866,"caso","P0207","Multiespecie",23,16,31,35,25,71,0,1,"Mixtos",2001-03-02,2001-03-04,2001-03-05,20,19,52,7,11,33,64,0.0259,0.42102
343.307770744642,539.094923828628,"caso","P0208","Monoespecie",0,0,477,423,0,0,0,0,"Ovi_Mixto",2001-03-24,2001-03-27,2001-03-29,0,69,0,6,7,16,66,0.12222,0.35659
343.622314381441,538.973528947703,"caso","P0209","Monoespecie",0,0,54,63,0,0,0,1,"Ovi_Carne",2001-03-23,2001-03-25,2001-03-27,0,9,0,9,7,30,60,0.04813,0.35993
342.156651774096,537.1712416473,"caso","P0210","Multiespecie",79,61,824,846,2,4,0,0,"Ovi_Carne",2001-03-08,2001-03-09,2001-03-11,35,191,3,6,6,33,17,0.03715,0.34386
345.439722408022,535.603871243857,"caso","P0211","Monoespecie",0,0,89,92,0,0,0,2,"Ovi_Carne",2001-03-15,2001-03-16,2001-03-18,0,28,0,8,10,39,43,0.05072,0.18491
341.171260114131,534.164198735186,"caso","P0212","Multiespecie",8,4,1345,969,6,27,1659,3,"Ovi_Mixto",2001-04-05,2001-04-08,2001-04-09,3,430,8,7,8,46,75,0.09889,0.38378
341.874289678249,541.104010081016,"caso","P0213","Multiespecie",37,27,59,57,120,457,70,4,"Mixtos",2001-04-02,2001-04-06,2001-04-08,19,13,213,6,7,34,39,0.18472,0.32561
340.329692847344,538.931863725206,"caso","P0214","Multiespecie",38,28,17,18,4,18,0,0,"Bov_Leche",2001-05-08,2001-05-12,2001-05-14,23,7,16,5,8,39,51,0.11771,0.37032
345.227415551243,538.876605940329,"caso","P0215","Monoespecie",0,0,111,128,0,0,0,0,"Ovi_Lana",2001-03-12,2001-03-15,2001-03-17,0,69,0,8,4,38,33,0.06265,0.38181
342.138810395665,538.64896229758,"caso","P0216","Multiespecie",146,110,101,75,14,36,0,0,"Bov_Leche",2001-03-11,2001-03-13,2001-03-14,30,21,25,6,9,33,60,0.21234,0.25164
343.549194050581,537.735113976704,"caso","P0217","Multiespecie",6,4,142,148,19,55,4598,4,"Ovi_Mixto",2001-03-17,2001-03-21,2001-03-23,5,19,54,7,6,21,19,0.14182,0.32788
342.506425646414,543.436857191579,"caso","P0218","Multiespecie",8,6,101,94,1,4,0,0,"Ovi_Carne",2001-04-08,2001-04-12,2001-04-14,1,34,2,10,13,38,72,0.04472,0.24731
342.580402818543,536.316238390561,"caso","P0219","Multiespecie",23,13,31,29,102,444,267,0,"Mixtos",2001-04-13,2001-04-16,2001-04-18,12,7,321,5,4,20,32,0.24809,0.37764
345.293534198302,540.233383993488,"caso","P0220","Multiespecie",39,16,99,84,1,4,0,0,"Ovi_Carne",2001-04-24,2001-04-25,2001-04-27,21,38,4,5,4,15,15,0.15774,0.42989
344.856908976747,537.166443599126,"caso","P0221","Multiespecie",11,8,12,7,14,31,0,2,"Mixtos",2001-03-07,2001-03-09,2001-03-10,6,3,21,13,13,43,55,0.09562,0.44402
343.148551957382,541.027503909622,"caso","P0222","Monoespecie",0,0,0,0,82,329,201,5,"Mixtos",2001-04-04,2001-04-07,2001-04-09,0,0,276,2,7,15,22,0.1181,0.30481
341.64314550529,546.184342103602,"caso","P0223","Multiespecie",24,18,749,887,5,24,0,0,"Ovi_Mixto",2001-03-11,2001-03-12,2001-03-13,17,202,18,4,10,23,72,0.24731,0.23591
346.776579871271,536.229539076806,"caso","P0224","Monoespecie",0,0,0,0,87,430,4594,1,"Mixtos",2001-03-02,2001-03-04,2001-03-05,0,0,212,12,6,30,23,0.06123,0.23902
338.990584641666,544.406103461995,"caso","P0225","Multiespecie",12,6,70,49,25,52,1098,7,"Ovi_Mixto",2001-03-24,2001-03-27,2001-03-28,6,25,16,13,7,64,51,0.12578,0.28874
342.573119458876,540.865442186634,"caso","P0226","Monoespecie",0,0,261,185,0,0,0,0,"Ovi_Lana",2001-04-16,2001-04-20,2001-04-21,0,68,0,9,6,48,46,0.12956,0.47942
343.678135506377,538.054849129464,"caso","P0227","Monoespecie",0,0,2490,2139,0,0,0,0,"Ovi_Carne",2001-03-18,2001-03-21,2001-03-23,0,482,0,6,13,25,30,0.03898,0.22565
343.7086503439,534.233237168371,"caso","P0228","Multiespecie",12,6,176,157,18,62,0,1,"Ovi_Carne",2001-03-11,2001-03-13,2001-03-14,10,55,33,9,5,65,41,0.07261,0.2465
345.787014397529,531.312438420269,"caso","P0229","Multiespecie",34,25,57,47,15,59,187,1,"Ovi_Carne",2001-03-10,2001-03-14,2001-03-15,8,28,31,5,3,12,28,0.06876,0.4658
341.917655156148,545.14024583537,"caso","P0230","Multiespecie",9,6,240,149,12,40,0,0,"Ovi_Mixto",2001-03-03,2001-03-06,2001-03-08,9,67,30,4,9,10,85,0.01042,0.39404
342.434958218686,534.901612701675,"caso","P0231","Multiespecie",33,23,53,33,41,204,0,2,"Mixtos",2001-05-08,2001-05-11,2001-05-13,23,24,160,6,7,16,19,0.19526,0.24644
340.321056550369,533.147924664062,"caso","P0232","Multiespecie",39,26,88,66,6,29,0,4,"Ovi_Lana",2001-03-24,2001-03-25,2001-03-27,14,45,9,10,6,64,46,0.27651,0.49036
366.878617125921,522.755585019094,"caso","P0233","Multiespecie",118,74,3,3,9,37,0,0,"Bov_Leche",2001-03-09,2001-03-12,2001-03-13,101,1,30,6,5,41,13,0.25901,0.33916
367.854097227128,520.631407945973,"caso","P0234","Multiespecie",30,19,28,20,21,79,0,3,"Mixtos",2001-04-28,2001-04-29,2001-04-30,5,10,29,3,4,15,37,0.09975,0.22103
368.3714484347,520.143058939035,"caso","P0235","Monoespecie",0,0,129,155,0,0,140,0,"Ovi_Carne",2001-04-16,2001-04-20,2001-04-22,0,28,0,12,8,25,17,0.09884,0.24293
368.291573626003,518.226662388527,"caso","P0236","Monoespecie",0,0,0,0,36,72,74,0,"Mixtos",2001-03-21,2001-03-22,2001-03-23,0,0,86,5,5,20,25,0.27195,0.54465
371.113663861561,521.221289180764,"caso","P0237","Monoespecie",0,0,45,49,0,0,0,0,"Ovi_Lana",2001-03-31,2001-04-04,2001-04-05,0,18,0,8,8,44,31,0.05919,0.33444
368.139669888954,520.45463305485,"caso","P0238","Multiespecie",32,22,50,57,121,243,223,0,"Mixtos",2001-04-05,2001-04-08,2001-04-09,31,23,107,14,5,82,37,0.02733,0.43186
368.714781886276,518.518773472405,"caso","P0239","Multiespecie",126,58,56,48,13,28,0,0,"Bov_Leche",2001-04-13,2001-04-15,2001-04-17,25,8,25,5,19,20,43,0.22373,0.34056
369.813081793796,520.638512720711,"caso","P0240","Monoespecie",0,0,26,31,0,0,0,0,"Ovi_Lana",2001-03-27,2001-03-29,2001-03-31,0,6,0,6,7,25,21,0.03394,0.444
368.374692084124,519.809911403583,"caso","P0241","Monoespecie",0,0,0,0,66,315,237,0,"Mixtos",2001-05-07,2001-05-09,2001-05-11,0,0,127,9,7,41,36,0.12681,0.23319
378.976189171309,515.403909120908,"caso","P0242","Multiespecie",22,18,269,186,2,9,0,1,"Ovi_Carne",2001-04-11,2001-04-15,2001-04-16,21,72,2,5,7,30,66,0.14751,0.47764
377.176829322838,514.006118614591,"caso","P0243","Monoespecie",0,0,0,0,50,168,0,0,"Mixtos",2001-04-29,2001-05-03,2001-05-05,0,0,103,4,3,20,13,0.05622,0.28852
379.67386764554,511.577996307062,"caso","P0244","Monoespecie",0,0,1587,1022,0,0,0,3,"Ovi_Carne",2001-05-04,2001-05-08,2001-05-10,0,239,0,7,5,20,36,0.29577,0.29032
382.062136769536,512.63935452066,"caso","P0245","Multiespecie",42,30,23,24,151,479,0,0,"Mixtos",2001-05-01,2001-05-04,2001-05-06,33,7,350,10,8,72,30,0.15751,0.22391
382.861442896185,511.448780400725,"caso","P0246","Multiespecie",18,9,103,103,6,13,214,0,"Ovi_Lana",2001-03-23,2001-03-25,2001-03-27,7,46,7,6,7,41,35,0.07763,0.4012
373.327729007942,510.148279751665,"caso","P0247","Monoespecie",0,0,197,182,0,0,0,3,"Ovi_Lana",2001-03-31,2001-04-02,2001-04-04,0,62,0,4,5,23,45,0.22955,0.35215
368.342764350657,512.166738951959,"caso","P0248","Multiespecie",49,36,258,239,3,15,0,2,"Ovi_Carne",2001-03-30,2001-04-03,2001-04-05,45,84,13,6,9,20,50,0.24828,0.30688
367.754688489217,513.955820328506,"caso","P0249","Multiespecie",26,17,75,61,3,7,0,3,"Ovi_Carne",2001-03-16,2001-03-18,2001-03-20,24,16,5,8,6,46,51,0.0347,0.19273
372.41256299363,511.714536209642,"caso","P0250","Multiespecie",22,12,602,404,107,497,57,0,"Ovi_Mixto",2001-04-13,2001-04-15,2001-04-17,7,299,312,10,5,22,42,0.19354,0.31685
368.396273417842,512.808075855276,"caso","P0251","Monoespecie",252,193,0,0,0,0,0,4,"Bov_Mixto",2001-03-21,2001-03-24,2001-03-26,102,0,0,10,7,29,58,0.04616,0.38201
370.738175560836,512.111068596332,"caso","P0252","Multiespecie",10,7,29,28,4,18,635,4,"Ovi_Lana",2001-02-25,2001-02-27,2001-02-28,8,7,15,3,8,12,26,0.16317,0.36878
370.524789069485,510.714195552019,"caso","P0253","Multiespecie",25,18,171,125,42,88,584,0,"Ovi_Carne",2001-03-05,2001-03-09,2001-03-11,6,24,90,10,8,36,47,0.23607,0.35489
368.968391554308,512.653879545187,"caso","P0254","Monoespecie",0,0,141,109,0,0,811,0,"Ovi_Lana",2001-03-30,2001-04-02,2001-04-03,0,30,0,5,5,29,49,0.14283,0.3145
366.135696958171,514.448833382796,"caso","P0255","Multiespecie",39,19,5,6,9,22,0,2,"Bov_Leche",2001-04-06,2001-04-10,2001-04-11,30,1,22,6,11,33,101,0.12945,0.30576
368.28871812937,512.257148331425,"caso","P0256","Multiespecie",121,59,51,36,3,11,0,4,"Bov_Mixto",2001-04-03,2001-04-07,2001-04-08,63,6,5,12,8,46,58,0.19474,0.40512
369.641300701847,510.795977687377,"caso","P0257","Monoespecie",0,0,0,0,68,292,4,4,"Mixtos",2001-04-02,2001-04-04,2001-04-05,0,0,109,3,21,12,152,0.07906,0.53955
368.859529231959,513.1340809584,"caso","P0258","Monoespecie",0,0,107,93,0,0,140,0,"Ovi_Carne",2001-03-29,2001-04-02,2001-04-03,0,53,0,6,6,33,55,0.10338,0.54595
368.401155049209,510.562256776704,"caso","P0259","Monoespecie",0,0,324,238,0,0,0,0,"Ovi_Carne",2001-03-10,2001-03-11,2001-03-12,0,137,0,8,4,43,12,0.25774,0.54775
376.344317501842,514.672711063328,"caso","P0260","Monoespecie",0,0,10,9,0,0,0,0,"Ovi_Carne",2001-03-29,2001-03-31,2001-04-01,0,5,0,9,8,28,38,0.08506,0.29332
376.300304807685,514.568710886583,"caso","P0261","Multiespecie",31,23,84,95,32,91,0,0,"Ovi_Mixto",2001-05-24,2001-05-28,2001-05-30,24,16,46,11,6,29,30,0.26828,0.51267
376.301366318535,512.506304508547,"caso","P0262","Multiespecie",63,33,2,2,196,555,0,0,"Mixtos",2001-03-22,2001-03-25,2001-03-26,54,0,248,7,4,27,34,0.2744,0.2015
380.437496852688,508.767036155371,"caso","P0263","Monoespecie",163,118,0,0,0,0,0,0,"Bov_Leche",2001-03-10,2001-03-14,2001-03-16,97,0,0,8,7,58,19,0.13226,0.31982
379.456535332536,507.077257173337,"caso","P0264","Multiespecie",5,3,109,95,37,98,179,0,"Ovi_Lana",2001-04-16,2001-04-19,2001-04-21,5,24,54,4,2,18,17,0.02891,0.36899
379.089089952461,512.168910558318,"caso","P0265","Monoespecie",0,0,50,43,0,0,0,0,"Ovi_Mixto",2001-04-24,2001-04-27,2001-04-28,0,6,0,18,11,100,101,0.14867,0.33647
382.173969060661,509.164238595936,"caso","P0266","Multiespecie",89,62,131,114,8,39,0,0,"Ovi_Lana",2001-03-21,2001-03-23,2001-03-25,70,32,35,5,6,37,34,0.16799,0.37439
383.358121130797,510.311869788309,"caso","P0267","Multiespecie",89,52,310,364,12,38,19,0,"Ovi_Lana",2001-04-09,2001-04-10,2001-04-11,20,42,20,9,9,71,78,0.10658,0.4295
381.662603513586,511.827346673714,"caso","P0268","Multiespecie",20,14,127,89,28,78,63,1,"Ovi_Lana",2001-03-20,2001-03-23,2001-03-25,19,26,51,7,4,36,28,0.14918,0.20852
376.191464676972,506.96918863018,"caso","P0269","Monoespecie",0,0,0,0,137,325,0,0,"Mixtos",2001-03-03,2001-03-07,2001-03-09,0,0,255,5,7,11,16,0.26166,0.36023
376.887686338531,507.376389331401,"caso","P0270","Monoespecie",0,0,0,0,35,149,0,0,"Mixtos",2001-04-06,2001-04-09,2001-04-11,0,0,107,8,4,24,16,0.08604,0.41648
376.357191173518,509.755454550799,"caso","P0271","Multiespecie",143,61,49,55,15,53,680,0,"Bov_Leche",2001-03-22,2001-03-25,2001-03-26,97,29,36,12,4,34,22,0.22457,0.58528
375.46990410994,506.804456319266,"caso","P0272","Multiespecie",3,2,115,121,9,35,0,0,"Ovi_Lana",2001-03-31,2001-04-02,2001-04-04,1,30,25,6,6,47,59,0.21622,0.25434
363.160688525595,528.701853259308,"caso","P0273","Multiespecie",24,16,54,34,51,123,0,0,"Mixtos",2001-03-18,2001-03-19,2001-03-20,5,13,51,5,6,22,37,0.1787,0.25819
364.363582530571,524.27917331075,"caso","P0274","Multiespecie",58,41,440,319,24,59,912,2,"Ovi_Mixto",2001-03-09,2001-03-13,2001-03-14,16,171,30,7,6,26,37,0.0578,0.34682
364.779542129487,528.00188445004,"caso","P0275","Monoespecie",29,23,0,0,0,0,0,0,"Bov_Leche",2001-04-23,2001-04-25,2001-04-26,5,0,0,10,6,37,59,0.20663,0.27962
369.14259416991,527.181103500921,"caso","P0276","Multiespecie",32,18,57,56,38,108,0,0,"Mixtos",2001-03-10,2001-03-11,2001-03-12,10,16,114,9,6,41,35,0.22372,0.23836
368.654349121661,524.532666153794,"caso","P0277","Monoespecie",167,81,0,0,0,0,0,3,"Bov_Mixto",2001-03-23,2001-03-25,2001-03-27,128,0,0,6,9,38,70,0.24423,0.17484
365.326247251055,524.070654877431,"caso","P0278","Monoespecie",0,0,83,72,0,0,0,0,"Ovi_Carne",2001-03-12,2001-03-16,2001-03-17,0,9,0,7,4,29,22,0.05523,0.46804
364.661612181706,528.801990082565,"caso","P0279","Monoespecie",0,0,88,55,0,0,178,5,"Ovi_Mixto",2001-04-02,2001-04-04,2001-04-06,0,22,0,13,3,38,15,0.05292,0.53783
365.415428622373,527.85609410516,"caso","P0280","Multiespecie",21,10,129,92,2266,5886,0,3,"Mixtos",2001-04-10,2001-04-12,2001-04-13,7,47,5592,7,5,47,19,0.07815,0.4657
371.021830373481,530.494786840635,"caso","P0281","Monoespecie",0,0,203,151,0,0,0,2,"Ovi_Lana",2001-03-26,2001-03-30,2001-04-01,0,66,0,8,7,55,15,0.15786,0.36939
379.673663593958,504.88485794454,"caso","P0282","Monoespecie",0,0,79,55,0,0,0,4,"Ovi_Mixto",2001-03-12,2001-03-16,2001-03-18,0,25,0,9,7,41,37,0.19498,0.24518
376.911671858405,505.274151893869,"caso","P0283","Multiespecie",47,35,10,11,3,8,0,3,"Bov_Carne",2001-03-30,2001-04-01,2001-04-02,40,2,4,4,6,27,32,0.0802,0.31529
385.753138694922,511.522607154245,"caso","P0284","Monoespecie",0,0,0,0,32,133,613,5,"Mixtos",2001-03-16,2001-03-19,2001-03-20,0,0,129,7,6,31,13,0.18126,0.18806
382.039254807084,515.872898882685,"caso","P0285","Monoespecie",358,224,0,0,0,0,0,0,"Bov_Carne",2001-03-17,2001-03-21,2001-03-22,214,0,0,6,4,45,11,0.13475,0.41604
383.114768266516,512.190162375759,"caso","P0286","Multiespecie",182,117,212,246,28,79,0,0,"Ovi_Carne",2001-03-18,2001-03-19,2001-03-21,101,80,25,13,5,37,49,0.20476,0.36868
379.946277238635,514.279524942131,"caso","P0287","Multiespecie",18,9,5,3,20,90,60,0,"Mixtos",2001-03-19,2001-03-20,2001-03-21,8,1,28,8,8,22,65,0.03596,0.31849
386.634868772632,512.801099489943,"caso","P0288","Multiespecie",19,13,66,75,7,17,2903,0,"Ovi_Carne",2001-04-03,2001-04-04,2001-04-06,12,35,9,4,8,12,49,0.00165,0.32121
384.902943139276,512.950043084815,"caso","P0289","Monoespecie",0,0,241,169,0,0,38,2,"Ovi_Carne",2001-03-29,2001-04-02,2001-04-03,0,121,0,6,4,27,26,0.11261,0.28087
369.02723821465,515.495113019939,"caso","P0290","Monoespecie",0,0,0,0,118,511,0,0,"Mixtos",2001-04-30,2001-05-02,2001-05-03,0,0,149,10,6,76,28,0.12691,0.27086
370.854375966389,515.237281646321,"caso","P0291","Multiespecie",5,3,116,109,1,5,144,0,"Ovi_Carne",2001-05-14,2001-05-16,2001-05-18,4,17,1,6,8,35,73,0.18915,0.2959
370.597256239427,514.876711880946,"caso","P0292","Monoespecie",63,30,0,0,0,0,0,0,"Bov_Leche",2001-03-17,2001-03-19,2001-03-21,40,0,0,12,15,64,66,0.15094,0.26493
376.620838371847,509.931838771079,"caso","P0293","Monoespecie",0,0,286,306,0,0,0,2,"Ovi_Carne",2001-03-02,2001-03-06,2001-03-08,0,84,0,4,6,30,30,0.0186,0.32525
374.440173330085,510.871756424845,"caso","P0294","Monoespecie",0,0,0,0,12,45,0,0,"Mixtos",2001-04-08,2001-04-11,2001-04-12,0,0,33,3,11,14,49,0.25862,0.29285
362.893952471166,527.43727111887,"caso","P0295","Monoespecie",195,134,0,0,0,0,165,11,"Bov_Leche",2001-03-27,2001-03-31,2001-04-02,84,0,0,10,5,72,46,0.18832,0.41393
359.584934809406,526.502418019553,"caso","P0296","Monoespecie",0,0,64,55,0,0,0,0,"Ovi_Carne",2001-03-26,2001-03-29,2001-03-31,0,15,0,8,19,24,156,0.12522,0.22239
374.576394158081,513.584610139194,"caso","P0297","Multiespecie",9,4,65,69,13,32,0,2,"Ovi_Mixto",2001-02-25,2001-02-28,2001-03-01,2,28,30,10,14,20,93,0.18684,0.39235
371.631312657995,519.272329755707,"caso","P0298","Multiespecie",14,10,12,10,25,105,0,2,"Mixtos",2001-05-07,2001-05-08,2001-05-09,7,1,44,4,5,19,32,0.06463,0.27825
374.713891313188,516.595938950982,"caso","P0299","Multiespecie",5,4,173,109,88,328,0,0,"Mixtos",2001-03-08,2001-03-12,2001-03-13,3,20,99,2,4,4,39,0.20758,0.4824
373.060526326381,517.441704353478,"caso","P0300","Multiespecie",10,6,19,14,204,515,0,0,"Mixtos",2001-04-13,2001-04-15,2001-04-17,7,2,168,9,9,48,57,0.18407,0.40343
376.702857220799,502.981622330545,"caso","P0301","Multiespecie",146,71,151,153,2,9,0,3,"Ovi_Carne",2001-02-23,2001-02-26,2001-02-27,56,50,4,6,9,28,62,0.05262,0.27654
375.814261666817,511.084822635149,"caso","P0302","Multiespecie",52,26,758,812,23,102,858,3,"Ovi_Lana",2001-03-03,2001-03-07,2001-03-09,25,245,98,9,6,32,13,0.18867,0.24279
376.819779535287,511.815936598653,"caso","P0303","Monoespecie",0,0,2417,2784,0,0,0,0,"Ovi_Lana",2001-04-11,2001-04-14,2001-04-16,0,941,0,10,9,75,62,0.24197,0.48012
381.058621310283,510.773881644959,"caso","P0304","Multiespecie",61,32,27,27,388,1743,0,0,"Mixtos",2001-04-01,2001-04-02,2001-04-03,53,14,1371,9,9,43,74,0.06789,0.44269
376.718809792397,510.31320476823,"caso","P0305","Monoespecie",0,0,190,227,0,0,0,1,"Ovi_Carne",2001-03-21,2001-03-24,2001-03-26,0,64,0,8,9,24,28,0.0195,0.41826
376.244935203625,512.89553688897,"caso","P0306","Multiespecie",11,5,20,12,2,9,695,0,"Ovi_Carne",2001-04-19,2001-04-21,2001-04-23,8,8,7,8,8,47,57,0.21022,0.28898
350.524847270382,523.477278239538,"caso","P0307","Monoespecie",0,0,224,257,0,0,2,0,"Ovi_Lana",2001-04-17,2001-04-18,2001-04-20,0,120,0,14,8,37,35,0.22376,0.28101
352.584909189811,520.074722154791,"caso","P0308","Multiespecie",37,19,114,123,79,323,0,3,"Mixtos",2001-05-02,2001-05-04,2001-05-06,13,36,226,5,7,28,42,0.11246,0.16563
351.026696742796,521.351757959974,"caso","P0309","Monoespecie",0,0,0,0,43,213,0,0,"Mixtos",2001-05-02,2001-05-05,2001-05-06,0,0,157,6,9,46,53,0.1363,0.30204
351.661195230623,516.684716643924,"caso","P0310","Monoespecie",0,0,0,0,62,233,0,0,"Mixtos",2001-04-09,2001-04-10,2001-04-12,0,0,199,9,7,58,44,0.16162,0.37319
351.185057302415,517.609735717647,"caso","P0311","Monoespecie",0,0,127,133,0,0,51,0,"Ovi_Carne",2001-04-30,2001-05-02,2001-05-03,0,21,0,7,8,28,46,0.12913,0.30426
352.161743797122,521.066668063737,"caso","P0312","Monoespecie",0,0,132,135,0,0,35,2,"Ovi_Mixto",2001-04-29,2001-05-01,2001-05-02,0,34,0,7,6,39,21,0.25184,0.27586
351.407501491135,518.463650834205,"caso","P0313","Multiespecie",465,321,128,101,54,188,0,0,"Bov_Carne",2001-03-25,2001-03-29,2001-03-31,277,54,191,5,5,20,37,0.12535,0.40626
353.543469037777,519.188773280169,"caso","P0314","Monoespecie",0,0,34,40,0,0,289,3,"Ovi_Carne",2001-04-21,2001-04-22,2001-04-23,0,21,0,8,5,39,23,0.19666,0.35794
353.716738195326,518.863882148891,"caso","P0315","Multiespecie",6,3,169,146,177,657,0,2,"Mixtos",2001-03-26,2001-03-29,2001-03-30,4,31,282,9,10,49,80,0.21921,0.23597
349.429279676243,516.969517900163,"caso","P0316","Monoespecie",0,0,730,693,0,0,0,0,"Ovi_Carne",2001-03-16,2001-03-17,2001-03-19,0,107,0,10,6,76,40,0.23379,0.16183
349.118134526134,519.416592923027,"caso","P0317","Multiespecie",23,10,122,123,6,25,4252,0,"Ovi_Carne",2001-03-05,2001-03-09,2001-03-10,10,63,8,8,5,59,40,0.03809,0.49788
348.121732230907,525.902885100976,"caso","P0318","Multiespecie",79,48,41,44,6,20,0,0,"Bov_Carne",2001-03-04,2001-03-06,2001-03-08,34,5,10,5,7,38,40,0.15845,0.36831
364.63438652487,520.91258137545,"caso","P0319","Monoespecie",0,0,0,0,127,439,127,4,"Mixtos",2001-03-22,2001-03-24,2001-03-26,0,0,188,3,9,16,23,0.27271,0.33222
362.653065737541,525.406102826329,"caso","P0320","Monoespecie",0,0,48,49,0,0,0,6,"Ovi_Carne",2001-03-07,2001-03-11,2001-03-12,0,25,0,16,8,72,53,0.07298,0.31118
361.185906631725,521.868099629625,"caso","P0321","Monoespecie",0,0,0,0,41,193,33,3,"Mixtos",2001-03-28,2001-03-31,2001-04-02,0,0,48,4,7,13,32,0.21983,0.23319
360.130378542683,525.175553105162,"caso","P0322","Multiespecie",61,36,294,346,15,59,0,0,"Ovi_Mixto",2001-03-27,2001-03-28,2001-03-29,42,50,40,7,6,30,60,0.23524,0.50919
364.985953725869,523.350373618157,"caso","P0323","Multiespecie",70,33,3,3,1,3,0,0,"Bov_Leche",2001-04-10,2001-04-13,2001-04-14,56,2,3,5,5,29,34,0.06148,0.16199
355.351805487113,526.561661230212,"caso","P0324","Monoespecie",0,0,260,301,0,0,0,4,"Ovi_Carne",2001-05-27,2001-05-31,2001-06-02,0,149,0,11,4,33,27,0.20299,0.23695
360.304921597093,514.173562358035,"caso","P0325","Multiespecie",14,9,58,61,4,16,0,0,"Ovi_Mixto",2001-04-18,2001-04-22,2001-04-23,5,30,9,8,7,36,46,0.14517,0.42507
363.612768645656,515.150013478924,"caso","P0326","Monoespecie",0,0,0,0,886,2356,0,0,"Mixtos",2001-02-24,2001-02-28,2001-03-01,0,0,1334,7,8,20,36,0.07156,0.46065
362.833213443843,511.268810374846,"caso","P0327","Monoespecie",52,38,0,0,0,0,0,0,"Bov_Leche",2001-03-01,2001-03-03,2001-03-04,46,0,0,6,4,35,10,0.10536,0.42086
360.790232016711,514.400107033723,"caso","P0328","Monoespecie",0,0,178,211,0,0,0,2,"Ovi_Lana",2001-03-17,2001-03-21,2001-03-23,0,82,0,3,4,6,32,0.07765,0.30632
361.971065658706,511.249547905066,"caso","P0329","Multiespecie",59,43,889,855,47,167,0,0,"Ovi_Carne",2001-03-12,2001-03-14,2001-03-16,22,94,118,7,7,24,69,0.23861,0.35553
361.241509311698,513.357850195402,"caso","P0330","Monoespecie",0,0,113,109,0,0,0,0,"Ovi_Carne",2001-03-30,2001-04-03,2001-04-05,0,62,0,7,3,14,20,0.13756,0.43128
362.101625852372,514.468928936645,"caso","P0331","Multiespecie",41,18,365,414,7,22,0,0,"Ovi_Carne",2001-04-11,2001-04-14,2001-04-15,34,142,21,3,8,16,79,0.06601,0.27771
362.813212708579,513.960238457516,"caso","P0332","Monoespecie",0,0,130,151,0,0,0,3,"Ovi_Carne",2001-04-20,2001-04-24,2001-04-25,0,18,0,7,12,20,117,0.25426,0.49552
361.853952504344,514.089668789175,"caso","P0333","Monoespecie",0,0,0,0,23,96,0,0,"Mixtos",2001-03-20,2001-03-23,2001-03-24,0,0,78,5,7,27,36,0.19494,0.34848
363.984794090443,515.176009074961,"caso","P0334","Monoespecie",0,0,390,407,0,0,2035,2,"Ovi_Lana",2001-03-08,2001-03-10,2001-03-11,0,120,0,5,5,16,24,0.11278,0.35702
364.695952498082,517.754938667523,"caso","P0335","Multiespecie",58,26,124,99,4,15,0,2,"Ovi_Lana",2001-03-21,2001-03-22,2001-03-23,39,27,9,4,6,14,51,0.16217,0.3685
361.922583890481,516.893070194115,"caso","P0336","Monoespecie",0,0,227,254,0,0,0,2,"Ovi_Lana",2001-04-08,2001-04-12,2001-04-13,0,89,0,12,8,59,21,0.26144,0.46742
365.374304945769,516.970710796027,"caso","P0337","Multiespecie",104,68,16,16,22,75,0,3,"Bov_Carne",2001-04-03,2001-04-05,2001-04-07,19,4,20,9,10,68,42,0.07384,0.26407
363.787498523069,519.852993584731,"caso","P0338","Multiespecie",27,15,52,42,8,26,1628,0,"Ovi_Lana",2001-03-12,2001-03-14,2001-03-15,21,20,13,7,8,46,48,0.0617,0.49532
360.702135874009,516.345800563425,"caso","P0339","Multiespecie",18,11,42,39,5,24,0,3,"Ovi_Carne",2001-03-18,2001-03-21,2001-03-23,6,21,14,4,6,14,35,0.2169,0.33298
359.485381797273,515.984254432298,"caso","P0340","Monoespecie",0,0,116,71,0,0,0,0,"Ovi_Lana",2001-03-09,2001-03-12,2001-03-14,0,25,0,7,9,44,58,0.05907,0.26843
361.650251665842,516.229230422846,"caso","P0341","Multiespecie",160,122,448,469,8,33,0,5,"Ovi_Mixto",2001-03-13,2001-03-15,2001-03-16,168,104,27,7,6,38,35,0.19691,0.35887
362.550173409302,517.925125756769,"caso","P0342","Multiespecie",23,12,27,23,1,5,0,0,"Ovi_Mixto",2001-04-02,2001-04-05,2001-04-07,19,8,2,7,15,27,63,0.20024,0.1865
361.741163413669,519.051488361541,"caso","P0343","Multiespecie",35,16,24,24,31,117,32,5,"Mixtos",2001-03-19,2001-03-20,2001-03-22,18,7,106,6,8,30,67,0.07522,0.26554
359.556998066338,516.730856973524,"caso","P0344","Multiespecie",18,10,22,14,9,32,0,0,"Mixtos",2001-03-05,2001-03-09,2001-03-10,9,6,22,6,7,47,19,0.22249,0.5173
359.928115045893,513.344059654131,"caso","P0345","Monoespecie",0,0,374,264,0,0,0,0,"Ovi_Mixto",2001-03-20,2001-03-23,2001-03-25,0,104,0,10,11,39,52,0.10137,0.18741
360.691658288506,519.338414233943,"caso","P0346","Multiespecie",59,24,109,115,0,0,684,0,"Ovi_Lana",2001-03-08,2001-03-12,2001-03-13,32,49,0,9,8,43,17,0.10009,0.45681
355.188092720913,527.266954720876,"caso","P0347","Multiespecie",31,15,131,83,10,37,0,0,"Ovi_Mixto",2001-04-11,2001-04-14,2001-04-16,16,51,20,5,4,13,15,0.11218,0.51142
351.963772871916,526.379853700957,"caso","P0348","Multiespecie",40,23,61,56,204,474,0,5,"Mixtos",2001-03-16,2001-03-18,2001-03-20,20,10,139,9,7,67,58,0.05028,0.52989
355.876733273347,525.714366714434,"caso","P0349","Multiespecie",17,12,50,59,7,29,0,0,"Ovi_Carne",2001-03-08,2001-03-12,2001-03-14,6,16,7,2,11,4,28,0.24282,0.45889
354.389928600914,525.333386511562,"caso","P0350","Multiespecie",89,55,213,139,18,78,0,1,"Ovi_Carne",2001-03-17,2001-03-20,2001-03-21,29,100,34,7,16,37,95,0.18634,0.31111
357.408342795432,521.631025987439,"caso","P0351","Multiespecie",56,37,76,59,5,14,0,3,"Ovi_Carne",2001-03-21,2001-03-22,2001-03-23,23,11,14,14,4,65,15,0.0732,0.40216
356.536388270506,523.113948871912,"caso","P0352","Monoespecie",0,0,130,96,0,0,0,3,"Ovi_Carne",2001-03-25,2001-03-27,2001-03-28,0,31,0,7,6,21,39,0.1284,0.3674
357.807412469664,523.781075002082,"caso","P0353","Multiespecie",52,39,12,13,6,30,0,0,"Bov_Carne",2001-03-10,2001-03-12,2001-03-13,13,3,13,6,11,42,32,0.0462,0.33514
357.739294990117,524.050582564122,"caso","P0354","Multiespecie",112,76,779,593,11,42,748,0,"Ovi_Carne",2001-03-05,2001-03-09,2001-03-10,81,152,15,8,5,24,18,0.22962,0.32031
361.419776546079,521.09043192112,"caso","P0355","Monoespecie",0,0,359,257,0,0,0,7,"Ovi_Lana",2001-03-23,2001-03-25,2001-03-26,0,100,0,6,4,46,29,0.14348,0.38791
364.629218136534,517.365122602747,"caso","P0356","Monoespecie",0,0,684,634,0,0,0,0,"Ovi_Lana",2001-03-29,2001-03-30,2001-04-01,0,383,0,8,10,59,38,0.07362,0.2587
360.941375084497,519.92859058966,"caso","P0357","Monoespecie",0,0,152,135,0,0,11,1,"Ovi_Carne",2001-04-03,2001-04-06,2001-04-07,0,39,0,7,6,56,20,0.09335,0.18715
357.999676791635,520.633679061315,"caso","P0358","Multiespecie",34,15,107,85,69,212,297,2,"Mixtos",2001-03-06,2001-03-07,2001-03-09,23,25,77,5,6,29,23,0.03814,0.41856
356.983718811529,518.57944196796,"caso","P0359","Multiespecie",194,155,113,133,489,1472,0,1,"Mixtos",2001-03-27,2001-03-28,2001-03-29,189,36,1111,5,5,15,11,0.19597,0.3409
351.468829629866,525.136288416272,"caso","P0360","Monoespecie",0,0,108,94,0,0,0,0,"Ovi_Carne",2001-04-20,2001-04-22,2001-04-23,0,21,0,7,7,54,35,0.2849,0.50914
354.369839428584,522.1178682254,"caso","P0361","Multiespecie",43,22,77,63,5,17,130,0,"Ovi_Carne",2001-04-09,2001-04-10,2001-04-12,35,8,15,7,7,51,66,0.16215,0.29257
359.442839097917,524.618435232269,"caso","P0362","Multiespecie",15,11,44,31,5,25,701,0,"Ovi_Carne",2001-03-11,2001-03-13,2001-03-15,8,21,10,11,11,25,35,0.06896,0.40203
359.739419889201,524.449523261723,"caso","P0363","Monoespecie",0,0,0,0,87,191,297,1,"Mixtos",2001-06-04,2001-06-08,2001-06-09,0,0,141,11,6,66,51,0.22788,0.27703
360.401867471368,521.793504303524,"caso","P0364","Multiespecie",21,11,63,44,7,16,0,0,"Ovi_Carne",2001-03-13,2001-03-17,2001-03-19,16,23,16,5,5,32,18,0.13312,0.36603
356.206299596255,519.123573717688,"caso","P0365","Monoespecie",0,0,216,180,0,0,0,0,"Ovi_Lana",2001-03-26,2001-03-30,2001-03-31,0,21,0,9,10,22,41,0.17815,0.36464
358.260532881381,519.539858567468,"caso","P0366","Multiespecie",35,14,88,103,5,14,0,3,"Ovi_Mixto",2001-03-03,2001-03-07,2001-03-09,20,42,12,2,8,13,32,0.18285,0.3725
357.852074752862,521.184067052312,"caso","P0367","Monoespecie",0,0,59,57,0,0,24,4,"Ovi_Lana",2001-06-17,2001-06-21,2001-06-22,0,34,0,7,4,37,28,0.10238,0.37656
358.966872760918,520.086684871452,"caso","P0368","Monoespecie",0,0,111,80,0,0,0,0,"Ovi_Lana",2001-03-08,2001-03-12,2001-03-13,0,24,0,18,8,89,62,0.03288,0.1621
358.733646219813,520.798421504094,"caso","P0369","Multiespecie",33,18,98,60,14,54,225,6,"Ovi_Carne",2001-04-15,2001-04-18,2001-04-19,25,38,49,7,4,18,10,0.03743,0.26409
360.036028759953,521.694209326645,"caso","P0370","Monoespecie",0,0,0,0,56,244,117,0,"Mixtos",2001-05-31,2001-06-03,2001-06-05,0,0,201,9,7,24,28,0.09477,0.17986
363.109839263819,506.803626423077,"caso","P0371","Monoespecie",0,0,102,69,0,0,0,1,"Ovi_Carne",2001-04-21,2001-04-22,2001-04-23,0,31,0,5,4,35,25,0.0264,0.3786
360.458652932824,506.17226388866,"caso","P0372","Multiespecie",2,1,84,94,189,697,0,2,"Mixtos",2001-03-30,2001-04-03,2001-04-05,1,18,597,4,3,30,19,0.06645,0.27233
355.360103217962,512.883161297261,"caso","P0373","Monoespecie",0,0,215,139,0,0,427,0,"Ovi_Carne",2001-05-26,2001-05-30,2001-06-01,0,97,0,7,7,45,66,0.17534,0.4005
356.152095877839,513.661242415544,"caso","P0374","Multiespecie",30,22,105,100,5,16,0,0,"Ovi_Mixto",2001-03-16,2001-03-18,2001-03-19,12,53,6,3,6,19,19,0.02496,0.26874
360.838256689386,517.62335332375,"caso","P0375","Monoespecie",0,0,68,48,0,0,0,0,"Ovi_Carne",2001-03-17,2001-03-20,2001-03-21,0,6,0,8,15,21,134,0.24492,0.30701
350.883585849357,528.236896958618,"caso","P0376","Multiespecie",57,34,171,180,21,95,0,0,"Ovi_Mixto",2001-03-12,2001-03-13,2001-03-15,19,104,74,7,6,31,50,0.08464,0.53876
350.413592202383,528.35096490835,"caso","P0377","Monoespecie",0,0,283,252,0,0,0,0,"Ovi_Mixto",2001-03-06,2001-03-08,2001-03-09,0,112,0,8,4,22,39,0.04683,0.31276
351.474259485725,527.201651612418,"caso","P0378","Multiespecie",64,26,158,114,33,115,58,0,"Ovi_Mixto",2001-03-19,2001-03-22,2001-03-23,51,69,54,7,5,30,31,0.05463,0.3815
351.990405894406,527.104055406582,"caso","P0379","Multiespecie",9,4,52,42,5,15,0,0,"Ovi_Carne",2001-04-06,2001-04-07,2001-04-08,3,9,14,5,9,38,30,0.0683,0.29498
366.10610118969,519.066951790226,"caso","P0380","Multiespecie",54,24,28,18,6,20,1917,2,"Bov_Mixto",2001-03-03,2001-03-06,2001-03-08,18,2,13,7,7,22,37,0.20018,0.27835
353.677790615154,518.252706030051,"caso","P0381","Monoespecie",118,89,0,0,0,0,0,1,"Bov_Carne",2001-03-06,2001-03-07,2001-03-09,84,0,0,5,6,37,57,0.25819,0.48736
354.977206661337,514.885391592731,"caso","P0382","Monoespecie",0,0,209,227,0,0,0,0,"Ovi_Carne",2001-04-15,2001-04-18,2001-04-20,0,61,0,5,6,11,36,0.21908,0.35092
354.695823693097,515.052862443804,"caso","P0383","Multiespecie",21,11,40,42,79,194,0,0,"Mixtos",2001-03-31,2001-04-04,2001-04-06,19,13,90,8,10,39,58,0.22823,0.28935
355.649199840258,517.951535049703,"caso","P0384","Multiespecie",25,12,459,362,0,0,0,0,"Ovi_Carne",2001-03-07,2001-03-09,2001-03-10,15,98,0,2,10,13,91,0.09928,0.34722
348.898600081477,515.224826581365,"caso","P0385","Monoespecie",0,0,238,180,0,0,5,0,"Ovi_Carne",2001-03-02,2001-03-06,2001-03-08,0,29,0,12,10,68,99,0.03303,0.2494
357.531231645995,513.665659790117,"caso","P0386","Monoespecie",0,0,44,28,0,0,72,2,"Ovi_Lana",2001-03-28,2001-04-01,2001-04-02,0,9,0,9,8,39,75,0.13587,0.14713
351.841446165115,518.018630382242,"caso","P0387","Monoespecie",0,0,104,112,0,0,0,0,"Ovi_Lana",2001-04-27,2001-04-28,2001-04-29,0,18,0,13,6,62,50,0.18302,0.20555
394.729520367452,548.549217381143,"caso","P0388","Multiespecie",26,21,1013,1160,25,62,702,3,"Ovi_Carne",2001-04-03,2001-04-07,2001-04-08,13,360,18,6,7,21,23,0.19414,0.50953
397.669675812027,519.958947391516,"caso","P0389","Multiespecie",17,10,153,109,27,92,0,9,"Ovi_Mixto",2001-03-05,2001-03-08,2001-03-09,12,48,84,9,5,47,45,0.19651,0.24778
395.292481776365,521.091494628097,"caso","P0390","Multiespecie",35,22,337,250,39,95,0,3,"Ovi_Mixto",2001-03-17,2001-03-18,2001-03-19,34,111,65,4,9,27,68,0.1826,0.24996
379.243770007055,557.939138664763,"caso","P0391","Monoespecie",0,0,0,0,240,1035,61,0,"Mixtos",2001-03-27,2001-03-28,2001-03-30,0,0,338,11,3,25,18,0.15348,0.26723
384.918764779512,557.224224135784,"caso","P0392","Monoespecie",0,0,263,175,0,0,103,0,"Ovi_Carne",2001-03-24,2001-03-27,2001-03-29,0,68,0,6,6,39,59,0.21488,0.25999
383.778014228352,556.876809736191,"caso","P0393","Multiespecie",18,9,128,80,2,9,0,0,"Ovi_Lana",2001-03-23,2001-03-24,2001-03-25,8,24,5,5,7,27,67,0.17633,0.27698
385.289233571412,555.275639880094,"caso","P0394","Multiespecie",67,54,2165,2550,3,14,0,0,"Ovi_Carne",2001-03-31,2001-04-03,2001-04-05,66,273,10,3,8,20,70,0.20297,0.29908
384.74226066592,555.883376156594,"caso","P0395","Multiespecie",197,107,39,41,565,1202,336,1,"Mixtos",2001-03-15,2001-03-18,2001-03-19,69,20,997,6,8,16,27,0.10245,0.23732
383.665840467708,554.086326815025,"caso","P0396","Monoespecie",0,0,51,54,0,0,14,0,"Ovi_Carne",2001-04-11,2001-04-15,2001-04-17,0,30,0,6,6,23,13,0.2072,0.23399
381.672282070702,553.791145947252,"caso","P0397","Multiespecie",10,8,76,58,11,42,0,3,"Ovi_Carne",2001-03-15,2001-03-18,2001-03-20,3,25,37,6,8,34,29,0.17153,0.41478
385.05964504981,555.809150961203,"caso","P0398","Monoespecie",0,0,92,103,0,0,0,2,"Ovi_Mixto",2001-04-01,2001-04-04,2001-04-05,0,52,0,8,5,33,40,0.20619,0.32083
390.331722170164,558.341239907549,"caso","P0399","Multiespecie",40,29,92,76,3,12,0,0,"Ovi_Lana",2001-03-30,2001-04-02,2001-04-03,24,25,8,5,5,13,47,0.01405,0.53323
389.183753478859,559.206303760179,"caso","P0400","Multiespecie",34,15,50,36,10,34,0,0,"Ovi_Carne",2001-04-04,2001-04-08,2001-04-09,9,14,31,8,4,46,32,0.17039,0.37801
393.474880324813,556.821936197755,"caso","P0401","Multiespecie",11,6,253,229,58,229,0,0,"Ovi_Carne",2001-03-19,2001-03-21,2001-03-23,4,121,127,10,10,42,30,0.17832,0.43427
393.17759134556,554.107316085458,"caso","P0402","Multiespecie",42,20,251,239,10,28,26,7,"Ovi_Carne",2001-04-30,2001-05-03,2001-05-04,14,37,26,7,7,18,60,0.2357,0.30504
389.776651162143,555.96665845282,"caso","P0403","Monoespecie",0,0,287,209,0,0,0,3,"Ovi_Mixto",2001-04-04,2001-04-05,2001-04-06,0,39,0,5,10,35,95,0.26208,0.15662
393.012119988506,549.571235010777,"caso","P0404","Multiespecie",45,29,21,15,121,375,65,0,"Mixtos",2001-03-28,2001-03-31,2001-04-02,28,6,369,5,9,30,35,0.11542,0.22617
378.450071516601,552.236602120677,"caso","P0405","Multiespecie",30,15,52,46,5,17,0,0,"Ovi_Carne",2001-03-11,2001-03-15,2001-03-17,10,15,11,4,3,16,18,0.18714,0.36039
382.23187398725,488.830636002664,"caso","P0406","Multiespecie",8,6,138,155,10,48,0,3,"Ovi_Lana",2001-03-10,2001-03-13,2001-03-14,5,84,14,9,4,26,37,0.187,0.30094
389.598829293211,489.752130200788,"caso","P0407","Multiespecie",132,103,47,55,7,18,0,0,"Bov_Leche",2001-03-25,2001-03-26,2001-03-28,49,6,7,10,3,53,7,0.1851,0.29868
385.892124859414,489.230288124445,"caso","P0408","Multiespecie",130,82,111,113,45,203,0,0,"Mixtos",2001-03-25,2001-03-26,2001-03-27,81,65,82,3,7,9,38,0.06706,0.37232
387.858263544607,488.761663810887,"caso","P0409","Multiespecie",35,20,60,37,20,89,965,8,"Mixtos",2001-03-20,2001-03-22,2001-03-24,16,16,38,5,13,18,114,0.18787,0.30112
390.417286383706,489.823897116363,"caso","P0410","Monoespecie",0,0,542,626,0,0,0,2,"Ovi_Mixto",2001-03-19,2001-03-23,2001-03-24,0,145,0,7,8,21,56,0.05723,0.22479
336.35299361203,536.969418780308,"control","P0411","Monoespecie",0,0,142,158,0,0,0,0,"Ovi_Mixto",NA,NA,NA,0,0,0,4,4,27,12,0.04325,0.16501
335.52544427196,546.554245844565,"control","P0412","Multiespecie",12,7,37,40,73,355,0,4,"Mixtos",NA,NA,NA,0,0,0,3,2,11,17,0.04789,0.17977
342.157115412121,539.557433352067,"control","P0413","Multiespecie",77,41,191,219,28,138,0,2,"Ovi_Mixto",NA,NA,NA,0,0,0,5,2,40,5,0.00477,0.33272
347.097822147527,554.473818335957,"control","P0414","Monoespecie",0,0,181,130,0,0,0,2,"Ovi_Carne",NA,NA,NA,0,0,0,2,2,8,10,0.00385,0.30077
353.930241572871,536.811109429521,"control","P0415","Multiespecie",24,12,26,18,4,8,4559,0,"Ovi_Carne",NA,NA,NA,0,0,0,3,2,23,8,0.026,0.26964
377.746156453568,543.873196663869,"control","P0416","Multiespecie",54,23,135,141,3,10,0,0,"Ovi_Carne",NA,NA,NA,0,0,0,3,7,12,62,0.00573,0.19841
379.020245546139,545.61652908256,"control","P0417","Multiespecie",126,75,93,90,1,3,0,0,"Bov_Carne",NA,NA,NA,0,0,0,2,1,11,6,0.02654,0.15875
362.181685241456,530.718168219892,"control","P0418","Multiespecie",15,10,903,841,11,45,1861,2,"Ovi_Carne",NA,NA,NA,0,0,0,6,3,30,27,0.03832,0.26294
361.562235989505,530.889464708663,"control","P0419","Monoespecie",42,22,0,0,0,0,0,4,"Bov_Carne",NA,NA,NA,0,0,0,5,2,21,12,0.01811,0.2993
360.339273633928,538.320580984135,"control","P0420","Multiespecie",109,83,63,70,9,21,56,2,"Bov_Leche",NA,NA,NA,0,0,0,2,2,4,4,0.00785,0.35363
337.934792107598,533.063731335994,"control","P0421","Multiespecie",34,24,7988,7595,57,201,0,10,"Ovi_Mixto",NA,NA,NA,0,0,0,1,2,3,11,0.02467,0.2221
345.126288670037,547.497603200292,"control","P0422","Multiespecie",5,4,37,33,62,299,12,2,"Mixtos",NA,NA,NA,0,0,0,3,4,21,11,0.00644,0.10646
351.116173478678,537.471256952556,"control","P0423","Monoespecie",84,52,0,0,0,0,0,3,"Bov_Carne",NA,NA,NA,0,0,0,1,1,5,2,0.01369,0.36191
343.764211079124,544.77424726612,"control","P0424","Multiespecie",62,49,159,183,13,51,0,0,"Ovi_Lana",NA,NA,NA,0,0,0,3,11,16,102,0.0488,0.28866
356.225394145977,535.209257936884,"control","P0425","Multiespecie",84,38,19,14,7,22,0,0,"Bov_Carne",NA,NA,NA,0,0,0,6,4,23,16,0.03607,0.25233
341.966398411685,527.352166039368,"control","P0426","Multiespecie",31,24,714,734,70,308,149,3,"Ovi_Lana",NA,NA,NA,0,0,0,4,4,12,13,0.03408,0.31424
359.633362980895,536.728192116639,"control","P0427","Multiespecie",112,86,47,33,171,843,40,0,"Mixtos",NA,NA,NA,0,0,0,6,4,28,19,0.02183,0.2408
350.312217624251,524.900048288146,"control","P0428","Multiespecie",39,28,303,305,3,8,0,6,"Ovi_Carne",NA,NA,NA,0,0,0,5,2,36,6,0.04663,0.2604
341.497888868746,525.2587181133,"control","P0429","Multiespecie",35,26,189,203,7,25,10,3,"Ovi_Mixto",NA,NA,NA,0,0,0,2,11,10,73,0.04612,0.10622
342.043053734829,542.719012074982,"control","P0430","Monoespecie",0,0,93,111,0,0,54,2,"Ovi_Carne",NA,NA,NA,0,0,0,5,5,35,28,0.04811,0.31182
339.946203994334,542.103876488086,"control","P0431","Monoespecie",334,213,0,0,0,0,0,0,"Bov_Carne",NA,NA,NA,0,0,0,6,5,39,34,0.0206,0.12469
344.369631128535,536.480102592702,"control","P0432","Multiespecie",76,42,12,8,12,49,26,4,"Bov_Mixto",NA,NA,NA,0,0,0,6,5,32,48,0.04034,0.18474
340.127004999139,544.987780874261,"control","P0433","Monoespecie",0,0,0,0,22,74,18,5,"Mixtos",NA,NA,NA,0,0,0,2,6,4,18,0.02443,0.13025
340.49435621272,544.270351473056,"control","P0434","Multiespecie",21,16,19,23,17,44,0,0,"Mixtos",NA,NA,NA,0,0,0,5,2,17,19,0.04126,0.29103
337.962142098824,503.75522789345,"control","P0435","Monoespecie",71,53,0,0,0,0,0,0,"Bov_Leche",NA,NA,NA,0,0,0,1,3,3,27,0.01863,0.35545
366.448676308491,528.761946498395,"control","P0436","Multiespecie",18,10,823,518,13,61,0,0,"Ovi_Lana",NA,NA,NA,0,0,0,6,5,36,37,0.0497,0.35836
365.404121191449,516.368175744665,"control","P0437","Monoespecie",0,0,125,78,0,0,0,0,"Ovi_Carne",NA,NA,NA,0,0,0,4,3,29,27,0.03418,0.27566
381.54786675342,516.102420273198,"control","P0438","Multiespecie",15,11,344,379,5,12,0,0,"Ovi_Carne",NA,NA,NA,0,0,0,1,2,7,11,0.03541,0.18539
377.824831106536,514.830128792583,"control","P0439","Monoespecie",0,0,46,54,0,0,117,0,"Ovi_Mixto",NA,NA,NA,0,0,0,4,2,28,13,0.00178,0.18073
369.257224941625,514.341019221399,"control","P0440","Multiespecie",20,11,43,33,424,2059,6,0,"Mixtos",NA,NA,2001-03-15,0,0,0,2,4,4,15,0.00213,0.22955
377.613850809256,514.284752042731,"control","P0441","Multiespecie",33,23,192,191,52,118,0,0,"Ovi_Carne",NA,NA,NA,0,0,0,4,5,8,30,0.02755,0.18957
376.097971989563,508.537716465196,"control","P0442","Multiespecie",29,20,35,33,25,103,0,0,"Mixtos",NA,NA,NA,0,0,0,2,2,16,15,0.03686,0.10902
376.960630331771,514.700779994824,"control","P0443","Multiespecie",28,16,20,19,5,19,0,0,"Bov_Leche",NA,NA,NA,0,0,0,3,6,20,54,0.00357,0.20567
379.528468552768,514.159003527659,"control","P0444","Multiespecie",20,15,65,63,336,1556,1395,0,"Mixtos",NA,NA,2001-03-16,0,0,0,4,13,20,62,0.04107,0.1654
364.029287637524,524.789352809653,"control","P0445","Multiespecie",15,11,38,25,6,17,687,0,"Ovi_Mixto",NA,NA,2001-03-22,0,0,0,8,2,28,7,0.00168,0.37335
367.880659313988,520.292381124307,"control","P0446","Monoespecie",153,66,0,0,0,0,0,0,"Bov_Mixto",NA,NA,NA,0,0,0,1,4,4,30,0.0273,0.37383
369.423787221089,516.544005504803,"control","P0447","Multiespecie",80,33,369,365,13,61,0,1,"Ovi_Mixto",NA,NA,NA,0,0,0,4,1,20,7,0.03314,0.17259
370.811655781866,505.498619287965,"control","P0448","Multiespecie",38,20,62,74,230,606,0,2,"Mixtos",NA,NA,NA,0,0,0,2,3,13,6,0.00327,0.32449
374.034330281167,511.694594730468,"control","P0449","Multiespecie",38,23,309,196,1,3,0,0,"Ovi_Lana",NA,NA,NA,0,0,0,2,7,15,35,0.02058,0.15547
378.311270020736,505.380771347173,"control","P0450","Multiespecie",42,26,257,230,13,47,0,5,"Ovi_Carne",NA,NA,2001-04-01,0,0,0,3,4,7,31,0.03815,0.26237
376.718963274954,506.111167301211,"control","P0451","Monoespecie",0,0,181,200,0,0,0,0,"Ovi_Carne",NA,NA,NA,0,0,0,3,2,21,11,0.03796,0.10636
379.859375154568,511.121625406521,"control","P0452","Multiespecie",23,12,143,143,47,214,0,0,"Ovi_Carne",NA,NA,NA,0,0,0,1,2,5,10,0.04782,0.24562
341.346934590383,492.919698354118,"control","P0453","Multiespecie",10,7,18,12,15,43,0,0,"Mixtos",NA,NA,NA,0,0,0,2,2,6,17,0.04563,0.20161
347.937235728233,488.751274894096,"control","P0454","Monoespecie",0,0,52,57,0,0,2,1,"Ovi_Carne",NA,NA,NA,0,0,0,4,3,21,24,0.01832,0.25211
351.32176389469,492.603973207467,"control","P0455","Multiespecie",58,37,33,28,7,30,0,0,"Bov_Carne",NA,NA,NA,0,0,0,2,6,13,18,0.00836,0.32347
357.503206737842,488.353323579685,"control","P0456","Multiespecie",38,22,93,107,21,85,0,0,"Ovi_Mixto",NA,NA,NA,0,0,0,5,3,11,16,0.01496,0.25376
347.744383214613,499.365095281663,"control","P0457","Monoespecie",0,0,19,22,0,0,0,2,"Ovi_Carne",NA,NA,NA,0,0,0,5,6,19,59,0.04826,0.35636
350.833893808609,496.606771905495,"control","P0458","Monoespecie",0,0,0,0,30,106,0,0,"Mixtos",NA,NA,NA,0,0,0,2,2,4,7,0.04234,0.38407
348.31666266912,493.181082271,"control","P0459","Monoespecie",0,0,259,183,0,0,2922,4,"Ovi_Carne",NA,NA,NA,0,0,0,3,3,15,30,0.03524,0.39622
345.656700667833,492.616263679604,"control","P0460","Monoespecie",0,0,125,138,0,0,0,3,"Ovi_Mixto",NA,NA,2001-03-29,0,0,0,2,2,8,7,0.04865,0.26232
354.786465496886,499.026837459778,"control","P0461","Multiespecie",213,139,17,17,15,39,0,1,"Bov_Leche",NA,NA,NA,0,0,0,3,3,17,19,0.0251,0.34979
354.3668709638,499.818680466777,"control","P0462","Monoespecie",0,0,223,174,0,0,0,2,"Ovi_Carne",NA,NA,NA,0,0,0,4,3,10,24,0.04052,0.33828
362.488070840703,492.84362438354,"control","P0463","Monoespecie",0,0,70,47,0,0,0,0,"Ovi_Carne",NA,NA,NA,0,0,0,3,4,12,18,0.00421,0.35873
362.073673823206,491.388097451007,"control","P0464","Multiespecie",102,69,730,569,2,5,0,3,"Ovi_Lana",NA,NA,NA,0,0,0,2,3,11,22,0.02954,0.18309
363.113213842567,489.119926233527,"control","P0465","Monoespecie",0,0,284,336,0,0,0,6,"Ovi_Carne",NA,NA,NA,0,0,0,1,1,6,7,0.00083,0.28023
361.274830081852,487.219009413659,"control","P0466","Multiespecie",105,56,39,24,4,11,0,2,"Bov_Mixto",NA,NA,NA,0,0,0,1,5,4,29,0.0351,0.1214
363.533605053659,523.689785705346,"control","P0467","Monoespecie",0,0,328,277,0,0,0,0,"Ovi_Lana",NA,NA,NA,0,0,0,5,3,24,14,0.04528,0.3529
357.791865324179,521.643107173259,"control","P0468","Multiespecie",113,58,27,21,4,19,0,0,"Bov_Carne",NA,NA,NA,0,0,0,3,6,7,32,0.01216,0.2088
357.578423190601,514.7793791389,"control","P0469","Multiespecie",23,18,88,64,82,410,26,4,"Mixtos",NA,NA,NA,0,0,0,4,6,31,56,0.0445,0.38133
356.250053985359,517.09488664161,"control","P0470","Multiespecie",32,22,42,46,12,25,0,0,"Ovi_Lana",NA,NA,NA,0,0,0,6,5,26,34,0.04303,0.10889
350.37994869018,525.487172650686,"control","P0471","Monoespecie",0,0,0,0,49,156,194,0,"Mixtos",NA,NA,NA,0,0,0,2,2,8,5,0.04868,0.30795
370.200272629723,521.099247167452,"control","P0472","Multiespecie",10,4,122,79,5,17,0,0,"Ovi_Lana",NA,NA,NA,0,0,0,1,3,5,13,0.0053,0.2334
334.553864466463,499.653313567941,"control","P0473","Multiespecie",32,15,216,231,14,33,0,3,"Ovi_Carne",NA,NA,NA,0,0,0,4,1,25,6,0.02994,0.12328
335.917352405824,499.441835659562,"control","P0474","Multiespecie",34,26,7,4,69,274,0,0,"Mixtos",NA,NA,2001-04-04,0,0,0,2,1,10,10,0.03819,0.2727
379.414944330868,492.545837499226,"control","P0475","Monoespecie",0,0,261,193,0,0,0,0,"Ovi_Lana",NA,NA,NA,0,0,0,7,9,37,23,0.04295,0.39018
361.801075623324,492.476148983178,"control","P0476","Monoespecie",0,0,381,362,0,0,0,5,"Ovi_Carne",NA,NA,NA,0,0,0,5,2,27,16,0.04424,0.25316
368.289508766694,493.904934262153,"control","P0477","Monoespecie",0,0,306,285,0,0,0,0,"Ovi_Carne",NA,NA,NA,0,0,0,5,4,27,29,0.01089,0.35168
369.774338369987,493.637227327364,"control","P0478","Multiespecie",30,23,532,353,8,26,97,3,"Ovi_Carne",NA,NA,NA,0,0,0,4,1,12,10,0.00848,0.31773
362.688081825875,492.366730499372,"control","P0479","Monoespecie",0,0,70,66,0,0,0,5,"Ovi_Carne",NA,NA,NA,0,0,0,4,8,9,29,0.01659,0.22699
396.703369530175,520.556419511834,"control","P0480","Monoespecie",0,0,162,117,0,0,0,0,"Ovi_Lana",NA,NA,2001-03-14,0,0,0,2,9,12,31,0.01957,0.3203
395.863949224264,527.86863515426,"control","P0481","Monoespecie",0,0,180,214,0,0,107,1,"Ovi_Mixto",NA,NA,NA,0,0,0,1,2,6,13,0.00468,0.25798
386.607098774297,538.683999259726,"control","P0482","Multiespecie",80,52,28,32,4,18,0,0,"Bov_Carne",NA,NA,NA,0,0,0,1,5,4,32,0.03848,0.37416
386.103484915948,540.51092564629,"control","P0483","Multiespecie",167,115,8,6,10,26,0,0,"Bov_Carne",NA,NA,NA,0,0,0,1,2,7,12,0.04375,0.10216
398.84286806308,542.026011931306,"control","P0484","Multiespecie",31,15,114,81,24,56,2704,0,"Ovi_Mixto",NA,NA,NA,0,0,0,2,2,15,14,0.0256,0.13485
386.951318414326,539.844243665731,"control","P0485","Monoespecie",0,0,0,0,167,364,0,4,"Mixtos",NA,NA,NA,0,0,0,5,1,33,5,0.02919,0.39462
385.635780287156,538.776521574394,"control","P0486","Monoespecie",0,0,35,39,0,0,500,2,"Ovi_Lana",NA,NA,2001-03-12,0,0,0,4,2,8,14,0.00972,0.10935
389.141894437989,537.883474000702,"control","P0487","Monoespecie",0,0,0,0,19,94,0,4,"Mixtos",NA,NA,NA,0,0,0,3,5,17,13,0.0316,0.35124
391.297089840575,537.706882899112,"control","P0488","Multiespecie",36,17,99,88,11,46,0,0,"Ovi_Lana",NA,NA,NA,0,0,0,6,13,22,58,0.01648,0.19184
390.39503730777,536.349518629342,"control","P0489","Multiespecie",7,4,499,391,10,33,0,2,"Ovi_Carne",NA,NA,2001-04-03,0,0,0,14,6,109,22,0.02824,0.39717
394.480067381495,523.483389042553,"control","P0490","Monoespecie",0,0,500,575,0,0,0,0,"Ovi_Lana",NA,NA,NA,0,0,0,3,2,15,11,0.04659,0.20868
381.805308215579,557.855976103965,"control","P0491","Multiespecie",21,10,210,178,1,3,0,0,"Ovi_Carne",NA,NA,NA,0,0,0,1,2,7,16,0.01467,0.22278
382.546964160198,558.098979292353,"control","P0492","Monoespecie",0,0,134,155,0,0,152,0,"Ovi_Carne",NA,NA,NA,0,0,0,4,3,20,16,0.03164,0.29054
392.257716271445,551.565108591693,"control","P0493","Multiespecie",18,12,24,15,7,24,0,0,"Ovi_Carne",NA,NA,NA,0,0,0,5,2,28,5,0.01394,0.33018
378.370713561433,551.432094293843,"control","P0494","Monoespecie",0,0,94,112,0,0,0,0,"Ovi_Carne",NA,NA,NA,0,0,0,2,2,4,17,0.03239,0.31272
385.097722701357,486.995669867523,"control","P0495","Multiespecie",194,125,23,16,14,53,0,3,"Bov_Carne",NA,NA,NA,0,0,0,4,6,23,18,0.02506,0.12737
387.261467066494,491.673895532507,"control","P0496","Multiespecie",28,13,25,21,122,419,0,1,"Mixtos",NA,NA,NA,0,0,0,1,6,6,13,0.02163,0.27439
333.860564327453,539.203048845887,"control","P0497","Monoespecie",0,0,158,154,0,0,0,0,"Ovi_Carne",NA,NA,NA,0,0,0,11,3,77,22,0.02834,0.39481
335.827071551085,541.723295096334,"control","P0498","Monoespecie",0,0,86,97,0,0,112,0,"Ovi_Carne",NA,NA,NA,0,0,0,4,4,15,27,0.03827,0.10119
333.300381652041,538.819971929756,"control","P0499","Multiespecie",34,17,164,102,30,105,84,0,"Ovi_Carne",NA,NA,NA,0,0,0,2,2,16,5,0.02126,0.28999
337.35377619837,542.902393324739,"control","P0500","Monoespecie",0,0,0,0,221,1084,281,0,"Mixtos",NA,NA,2001-03-25,0,0,0,5,2,25,8,0.00955,0.22111
333.323685556396,544.079719707261,"control","P0501","Multiespecie",61,36,57,36,95,432,0,0,"Mixtos",NA,NA,NA,0,0,0,2,2,9,12,0.04601,0.15203
334.403530413395,543.828156178687,"control","P0502","Monoespecie",0,0,22,19,0,0,0,1,"Ovi_Carne",NA,NA,2001-03-08,0,0,0,3,2,17,6,0.00853,0.30073
334.510187950926,544.072171546274,"control","P0503","Monoespecie",0,0,580,655,0,0,0,4,"Ovi_Carne",NA,NA,NA,0,0,0,4,2,19,9,0.01678,0.24373
335.555352673121,545.357603224744,"control","P0504","Multiespecie",15,8,403,383,20,64,0,0,"Ovi_Carne",NA,NA,2001-03-19,0,0,0,2,6,8,36,0.04148,0.36926
333.686695699614,541.155352466023,"control","P0505","Multiespecie",11,5,69,60,304,1265,0,0,"Mixtos",NA,NA,NA,0,0,0,3,1,14,9,0.00715,0.30851
334.384716539553,539.090543143026,"control","P0506","Multiespecie",36,16,144,113,50,165,0,1,"Ovi_Mixto",NA,NA,NA,0,0,0,6,10,14,54,0.04378,0.32404
336.557496094577,536.922351916826,"control","P0507","Multiespecie",380,220,175,200,172,426,0,7,"Bov_Leche",NA,NA,NA,0,0,0,2,4,13,21,0.04111,0.33012
335.493088012642,535.552227101496,"control","P0508","Monoespecie",0,0,725,826,0,0,0,0,"Ovi_Lana",NA,NA,NA,0,0,0,13,2,79,8,0.00176,0.29612
329.884177507352,535.959466985924,"control","P0509","Monoespecie",0,0,113,80,0,0,0,2,"Ovi_Lana",NA,NA,2001-04-12,0,0,0,3,3,20,12,0.01956,0.21333
329.333286025138,539.729290497064,"control","P0510","Multiespecie",49,23,106,90,1,3,241,3,"Ovi_Lana",NA,NA,NA,0,0,0,4,1,19,4,0.03285,0.29614
332.471280868679,540.151243892253,"control","P0511","Multiespecie",61,37,339,253,16,57,0,1,"Ovi_Mixto",NA,NA,NA,0,0,0,9,7,46,28,0.03475,0.39065
330.446033352788,539.118820181806,"control","P0512","Multiespecie",82,59,461,418,68,142,22,2,"Ovi_Lana",NA,NA,NA,0,0,0,3,4,9,9,0.0429,0.15754
331.633953427803,540.192910625041,"control","P0513","Multiespecie",51,21,329,318,85,401,0,0,"Ovi_Carne",NA,NA,NA,0,0,0,7,2,50,17,0.03461,0.31326
332.030003941364,538.885327633672,"control","P0514","Multiespecie",151,114,278,200,35,109,0,0,"Ovi_Lana",NA,NA,NA,0,0,0,8,3,56,18,0.0473,0.13443
332.117424676938,537.305490701448,"control","P0515","Monoespecie",0,0,210,194,0,0,0,0,"Ovi_Carne",NA,NA,NA,0,0,0,7,2,47,5,0.04209,0.19943
331.369216247981,539.815237327263,"control","P0516","Multiespecie",74,53,64,62,4,16,0,3,"Bov_Leche",NA,NA,NA,0,0,0,3,3,13,26,0.04619,0.10562
335.568317439822,536.327996221018,"control","P0517","Multiespecie",23,14,138,162,81,379,0,0,"Mixtos",NA,NA,NA,0,0,0,5,8,21,54,0.04003,0.25723
329.38267435109,539.570261839981,"control","P0518","Monoespecie",0,0,62,46,0,0,0,4,"Ovi_Carne",NA,NA,2001-03-30,0,0,0,4,3,18,6,0.00778,0.34615
336.285499248845,536.7060140428,"control","P0519","Multiespecie",97,39,12,12,7,15,0,0,"Bov_Carne",NA,NA,2001-03-21,0,0,0,3,2,17,7,0.02461,0.27975
331.267178773164,540.489855652081,"control","P0520","Multiespecie",274,161,262,193,842,2027,128,4,"Mixtos",NA,NA,NA,0,0,0,4,16,28,97,0.01757,0.16285
332.858462128506,539.470165625909,"control","P0521","Monoespecie",0,0,53,38,0,0,0,0,"Ovi_Mixto",NA,NA,NA,0,0,0,1,1,4,4,0.04143,0.29992
333.45471269341,535.990766740683,"control","P0522","Monoespecie",72,55,0,0,0,0,16,0,"Bov_Leche",NA,NA,NA,0,0,0,4,2,23,5,0.0161,0.18675
335.439884283108,535.446711049421,"control","P0523","Monoespecie",0,0,0,0,187,901,73,0,"Mixtos",NA,NA,NA,0,0,0,5,3,17,26,0.02079,0.29605
328.819070913345,537.135579530793,"control","P0524","Monoespecie",0,0,0,0,43,151,0,5,"Mixtos",NA,NA,NA,0,0,0,2,2,12,7,0.00356,0.15429
332.635152584538,538.847894703024,"control","P0525","Multiespecie",8,4,4,4,5,19,0,5,"Mixtos",NA,NA,NA,0,0,0,2,2,6,19,0.02144,0.25627
330.48201883712,540.067733119216,"control","P0526","Monoespecie",0,0,47,30,0,0,0,2,"Ovi_Lana",NA,NA,NA,0,0,0,2,3,13,22,0.03106,0.31965
329.484566281282,537.421295347406,"control","P0527","Multiespecie",146,115,7,6,3,12,7,0,"Bov_Carne",NA,NA,NA,0,0,0,3,2,13,10,0.03053,0.37725
331.794794963673,537.222237747528,"control","P0528","Multiespecie",136,67,153,98,56,267,20,0,"Mixtos",NA,NA,NA,0,0,0,3,7,15,25,0.00876,0.30421
330.219099318065,539.220536595405,"control","P0529","Multiespecie",29,22,20,24,12,40,0,0,"Mixtos",NA,NA,NA,0,0,0,2,3,5,19,0.03429,0.20744
333.608358926633,537.765533157376,"control","P0530","Multiespecie",38,23,183,200,5,22,1119,0,"Ovi_Mixto",NA,NA,NA,0,0,0,4,5,23,32,0.01025,0.37817
330.54532091022,539.012311806613,"control","P0531","Multiespecie",8,3,70,55,28,94,590,0,"Ovi_Mixto",NA,NA,2001-03-18,0,0,0,3,2,19,5,0.00666,0.10623
334.691863945389,539.877710736338,"control","P0532","Multiespecie",4,3,414,273,19,57,0,2,"Ovi_Carne",NA,NA,2001-03-27,0,0,0,1,1,5,9,0.0275,0.26586
336.76892302974,551.203239594981,"control","P0533","Multiespecie",60,36,18,19,1,3,0,1,"Bov_Leche",NA,NA,NA,0,0,0,2,2,11,14,0.01326,0.13037
335.32389541207,547.733858398857,"control","P0534","Multiespecie",15,7,63,39,38,187,0,5,"Mixtos",NA,NA,NA,0,0,0,9,10,69,53,0.04895,0.38994
334.305658374352,547.944268539315,"control","P0535","Monoespecie",0,0,0,0,173,706,0,5,"Mixtos",NA,NA,NA,0,0,0,4,2,27,10,0.01766,0.31552
337.095154892564,544.291538475173,"control","P0536","Multiespecie",63,41,699,782,7,33,0,0,"Ovi_Mixto",NA,NA,NA,0,0,0,2,3,7,10,0.01012,0.2455
335.5064863401,545.968442209069,"control","P0537","Monoespecie",142,98,0,0,0,0,0,0,"Bov_Mixto",NA,NA,NA,0,0,0,5,4,29,32,0.04721,0.35191
334.665337164804,550.915199913936,"control","P0538","Multiespecie",120,75,283,273,17,82,0,5,"Ovi_Carne",NA,NA,NA,0,0,0,9,3,69,29,0.04914,0.19538
338.556619244798,546.256149506062,"control","P0539","Multiespecie",87,36,199,185,21,81,198,4,"Ovi_Lana",NA,NA,NA,0,0,0,6,2,15,10,0.04243,0.15051
339.873653956931,548.071097882577,"control","P0540","Multiespecie",24,12,52,40,10,26,0,0,"Ovi_Lana",NA,NA,NA,0,0,0,7,1,15,4,0.00638,0.22216
334.634706829677,547.642797889922,"control","P0541","Monoespecie",99,77,0,0,0,0,0,0,"Bov_Leche",NA,NA,NA,0,0,0,3,3,7,22,0.01869,0.24354
335.597820582985,548.779895688142,"control","P0542","Monoespecie",0,0,302,187,0,0,0,0,"Ovi_Carne",NA,NA,NA,0,0,0,2,7,4,26,0.02781,0.16676
334.501094576557,548.657464393931,"control","P0543","Multiespecie",13,6,145,136,10,49,0,0,"Ovi_Carne",NA,NA,NA,0,0,0,8,2,64,13,0.02562,0.17521
338.708727173428,546.095899858546,"control","P0544","Monoespecie",0,0,111,132,0,0,0,3,"Ovi_Carne",NA,NA,NA,0,0,0,3,2,18,19,0.01046,0.26281
340.167149987803,545.356674182376,"control","P0545","Multiespecie",34,18,86,93,45,96,114,4,"Ovi_Carne",NA,NA,NA,0,0,0,3,10,6,79,0.03051,0.25129
335.942835913333,543.976042508926,"control","P0546","Multiespecie",61,37,8,8,148,694,0,0,"Mixtos",NA,NA,2001-04-16,0,0,0,3,2,16,13,0.03314,0.1099
338.448650784475,552.333285093883,"control","P0547","Monoespecie",100,66,0,0,0,0,0,0,"Bov_Mixto",NA,NA,NA,0,0,0,3,3,20,9,0.0476,0.37916
336.67373253513,551.034363630593,"control","P0548","Multiespecie",93,51,39,28,24,48,0,0,"Bov_Mixto",NA,NA,NA,0,0,0,1,5,6,38,0.00828,0.28838
337.724006315533,552.266677879808,"control","P0549","Monoespecie",0,0,81,67,0,0,0,4,"Ovi_Lana",NA,NA,NA,0,0,0,3,5,6,49,0.04808,0.23004
336.195125539756,549.705013969354,"control","P0550","Multiespecie",24,18,119,132,11,34,934,4,"Ovi_Carne",NA,NA,NA,0,0,0,5,3,15,22,0.04987,0.12385
340.357670955552,546.573817782643,"control","P0551","Monoespecie",0,0,0,0,87,373,0,2,"Mixtos",NA,NA,NA,0,0,0,4,2,30,8,0.04777,0.29936
341.399101974607,549.901960473854,"control","P0552","Multiespecie",58,33,123,97,1,3,0,0,"Ovi_Lana",NA,NA,NA,0,0,0,4,10,26,88,0.0145,0.11375
340.014583752213,549.81321926135,"control","P0553","Monoespecie",0,0,194,156,0,0,52,0,"Ovi_Lana",NA,NA,NA,0,0,0,3,4,9,16,0.00291,0.37755
341.098991246943,548.764495702933,"control","P0554","Multiespecie",17,11,928,1040,16,76,0,6,"Ovi_Lana",NA,NA,NA,0,0,0,6,1,18,9,0.02438,0.23438
340.200204747934,546.726270349887,"control","P0555","Multiespecie",11,8,382,449,5,21,0,0,"Ovi_Lana",NA,NA,NA,0,0,0,3,4,23,13,0.03022,0.37258
341.442228644219,552.278301831002,"control","P0556","Multiespecie",5,4,404,267,17,46,0,4,"Ovi_Mixto",NA,NA,NA,0,0,0,1,1,6,6,0.01081,0.37503
343.402046313953,549.981640097936,"control","P0557","Multiespecie",9,7,264,284,155,714,0,4,"Mixtos",NA,NA,NA,0,0,0,7,7,19,17,0.009,0.25911
343.922554857606,549.272333532675,"control","P0558","Monoespecie",0,0,110,103,0,0,0,0,"Ovi_Mixto",NA,NA,NA,0,0,0,3,4,7,22,0.02646,0.17792
342.669736948893,550.070748906736,"control","P0559","Multiespecie",19,14,40,47,74,315,0,0,"Mixtos",NA,NA,NA,0,0,0,8,5,34,42,0.01059,0.12887
341.712226648175,548.57621192299,"control","P0560","Multiespecie",42,32,82,92,6,14,0,0,"Ovi_Carne",NA,NA,NA,0,0,0,4,8,19,29,0.02381,0.11857
339.401337129051,552.172160686976,"control","P0561","Monoespecie",0,0,894,943,0,0,0,3,"Ovi_Carne",NA,NA,NA,0,0,0,2,13,12,113,0.04644,0.15716
343.997765345494,547.928969190099,"control","P0562","Monoespecie",0,0,97,84,0,0,0,0,"Ovi_Carne",NA,NA,NA,0,0,0,4,1,14,6,0.04078,0.20786
342.919467706448,552.190891525346,"control","P0563","Monoespecie",0,0,61,43,0,0,0,3,"Ovi_Mixto",NA,NA,NA,0,0,0,3,6,8,53,0.03157,0.30738
339.847670411069,550.619596956097,"control","P0564","Multiespecie",11,9,97,104,94,222,0,3,"Mixtos",NA,NA,NA,0,0,0,2,12,10,88,0.04186,0.23943
347.867318623809,552.790078955399,"control","P0565","Multiespecie",24,12,36,29,235,1097,12,0,"Mixtos",NA,NA,NA,0,0,0,10,4,45,36,0.00439,0.19358
344.490427779413,552.572827431597,"control","P0566","Multiespecie",8,4,145,117,13,38,0,7,"Ovi_Mixto",NA,NA,NA,0,0,0,3,4,9,14,0.02435,0.17558
345.922632665304,553.513234353363,"control","P0567","Multiespecie",16,7,82,79,2,6,0,2,"Ovi_Mixto",NA,NA,NA,0,0,0,2,4,9,27,0.04376,0.15417
347.949542345706,557.001035906841,"control","P0568","Multiespecie",376,176,53,48,13,58,0,1,"Bov_Carne",NA,NA,NA,0,0,0,4,1,13,10,0.03381,0.12348
350.239744882011,548.870802741958,"control","P0569","Monoespecie",40,31,0,0,0,0,567,1,"Bov_Mixto",NA,NA,NA,0,0,0,4,4,22,32,0.00212,0.19707
347.821894278931,549.250297350436,"control","P0570","Multiespecie",18,9,126,130,74,267,0,0,"Mixtos",NA,NA,NA,0,0,0,4,2,27,4,0.0315,0.24803
345.877870947317,555.946501152703,"control","P0571","Multiespecie",31,19,207,157,265,924,0,5,"Mixtos",NA,NA,NA,0,0,0,2,2,5,14,0.0375,0.22045
345.410446690251,553.445681719994,"control","P0572","Monoespecie",0,0,0,0,32,85,0,0,"Mixtos",NA,NA,NA,0,0,0,16,9,104,53,0.01176,0.33743
347.626748797918,551.245210989031,"control","P0573","Multiespecie",45,34,155,137,829,2384,0,3,"Mixtos",NA,NA,NA,0,0,0,7,2,49,13,0.01317,0.39127
349.58325725985,548.240425071439,"control","P0574","Multiespecie",27,19,162,111,8,22,81,2,"Ovi_Mixto",NA,NA,NA,0,0,0,3,5,15,29,0.02648,0.21496
350.520846954668,552.007938296357,"control","P0575","Multiespecie",8,6,74,50,19,84,0,1,"Ovi_Lana",NA,NA,NA,0,0,0,1,3,6,9,0.03983,0.30243
345.380107585189,552.321669192632,"control","P0576","Multiespecie",25,19,95,87,12,42,0,4,"Ovi_Lana",NA,NA,NA,0,0,0,1,2,7,5,0.00388,0.10996
345.272533465164,555.602356983966,"control","P0577","Monoespecie",105,63,0,0,0,0,0,0,"Bov_Carne",NA,NA,NA,0,0,0,3,4,13,31,0.04304,0.3738
348.224657621026,554.606073279359,"control","P0578","Multiespecie",37,26,102,110,28,103,0,0,"Ovi_Mixto",NA,NA,2001-04-08,0,0,0,5,2,32,14,0.03642,0.20816
347.268709727851,554.842767728401,"control","P0579","Multiespecie",49,33,23,27,3,14,0,2,"Bov_Mixto",NA,NA,NA,0,0,0,2,3,13,21,0.00679,0.30465
344.201501925488,555.789931385911,"control","P0580","Monoespecie",0,0,332,313,0,0,0,0,"Ovi_Carne",NA,NA,2001-03-31,0,0,0,3,2,7,6,0.00405,0.36799
347.726294158537,555.051482849693,"control","P0581","Monoespecie",0,0,159,138,0,0,134,0,"Ovi_Lana",NA,NA,2001-03-24,0,0,0,4,5,16,31,0.01547,0.14807
350.123771675322,548.477665629999,"control","P0582","Monoespecie",0,0,0,0,93,389,0,1,"Mixtos",NA,NA,NA,0,0,0,6,8,25,60,0.03591,0.17027
346.94557215886,555.374752596058,"control","P0583","Multiespecie",56,38,110,110,8,37,21,2,"Ovi_Carne",NA,NA,NA,0,0,0,3,18,20,93,0.02518,0.11673
347.143460309221,554.800277156649,"control","P0584","Multiespecie",7,5,202,200,260,590,0,0,"Mixtos",NA,NA,2001-03-15,0,0,0,5,2,23,18,0.01256,0.29202
349.35742263544,553.648776218828,"control","P0585","Monoespecie",0,0,81,78,0,0,145829,2,"Ovi_Mixto",NA,NA,NA,0,0,0,10,1,66,10,0.019,0.36237
348.126389653068,556.676875715626,"control","P0586","Multiespecie",22,10,99,84,1,4,6,0,"Ovi_Lana",NA,NA,NA,0,0,0,11,3,44,22,0.01154,0.29941
346.205563477523,552.696810047817,"control","P0587","Monoespecie",37,17,0,0,0,0,0,0,"Bov_Carne",NA,NA,NA,0,0,0,6,2,37,9,0.02427,0.12776
345.784439391684,556.861207236968,"control","P0588","Monoespecie",0,0,31,25,0,0,0,0,"Ovi_Carne",NA,NA,NA,0,0,0,7,6,20,45,0.03051,0.21595
343.831283899419,554.166069226141,"control","P0589","Multiespecie",116,68,127,118,8,29,0,0,"Ovi_Lana",NA,NA,NA,0,0,0,14,7,44,43,0.0192,0.22964
346.784591784447,557.613189397652,"control","P0590","Multiespecie",33,21,150,178,9,42,51,0,"Ovi_Carne",NA,NA,NA,0,0,0,3,3,12,19,0.00395,0.12617
344.10624084982,558.707710724414,"control","P0591","Monoespecie",0,0,0,0,16,80,0,2,"Mixtos",NA,NA,NA,0,0,0,3,2,6,8,0.02327,0.12669
345.605173961295,552.642713611904,"control","P0592","Multiespecie",21,13,95,105,13,63,0,2,"Ovi_Lana",NA,NA,NA,0,0,0,2,3,9,19,0.01136,0.18824
350.107628498248,552.667425207074,"control","P0593","Multiespecie",387,250,17,15,31,94,68,0,"Bov_Carne",NA,NA,NA,0,0,0,4,3,31,11,0.00861,0.32997
351.102556714834,549.839451095013,"control","P0594","Multiespecie",29,20,189,150,4,13,0,0,"Ovi_Lana",NA,NA,NA,0,0,0,7,8,54,70,0.01658,0.21305
350.337688651296,548.604826009396,"control","P0595","Multiespecie",52,32,18,14,7,32,0,0,"Bov_Carne",NA,NA,NA,0,0,0,2,3,15,25,0.01966,0.26286
354.112205341956,547.348258749046,"control","P0596","Multiespecie",24,14,409,363,72,176,0,0,"Ovi_Lana",NA,NA,NA,0,0,0,3,16,17,55,0.00318,0.20723
349.494611847641,550.042492305487,"control","P0597","Multiespecie",20,14,407,480,41,178,0,0,"Ovi_Mixto",NA,NA,NA,0,0,0,6,3,42,12,0.00487,0.16846
351.014156745805,550.257068312633,"control","P0598","Monoespecie",0,0,328,333,0,0,0,2,"Ovi_Carne",NA,NA,NA,0,0,0,5,1,11,3,0.04508,0.27234
348.597387964278,552.315205330741,"control","P0599","Multiespecie",115,76,6,7,6,24,0,1,"Bov_Carne",NA,NA,NA,0,0,0,2,6,16,18,0.03614,0.11414
352.674292939363,550.464430456617,"control","P0600","Monoespecie",158,124,0,0,0,0,0,2,"Bov_Mixto",NA,NA,NA,0,0,0,4,2,18,9,0.03754,0.33928
355.136608940466,548.255179456982,"control","P0601","Multiespecie",28,12,1041,1001,5,22,0,0,"Ovi_Carne",NA,NA,NA,0,0,0,5,4,40,12,0.03165,0.33026
352.753445907369,548.966375427473,"control","P0602","Monoespecie",0,0,56,36,0,0,0,1,"Ovi_Carne",NA,NA,NA,0,0,0,6,6,43,18,0.0307,0.38726
351.202639941833,548.801813633567,"control","P0603","Multiespecie",105,42,4,4,13,32,0,5,"Bov_Carne",NA,NA,NA,0,0,0,3,5,9,10,0.01668,0.36117
352.960654984777,551.631040274106,"control","P0604","Monoespecie",154,85,0,0,0,0,20,5,"Bov_Leche",NA,NA,NA,0,0,0,3,5,18,12,0.00144,0.10539
356.142792772023,546.000945205144,"control","P0605","Multiespecie",23,17,44,32,22,90,0,0,"Mixtos",NA,NA,NA,0,0,0,6,4,28,31,0.009,0.33159
351.616622845347,542.716735345632,"control","P0606","Multiespecie",28,16,99,82,12,41,0,5,"Ovi_Mixto",NA,NA,NA,0,0,0,3,2,21,13,0.04198,0.30663
352.554534674813,548.851362030485,"control","P0607","Monoespecie",0,0,189,164,0,0,0,1,"Ovi_Carne",NA,NA,NA,0,0,0,7,3,35,27,0.04788,0.32375
355.42713844445,545.300591358463,"control","P0608","Monoespecie",48,25,0,0,0,0,0,5,"Bov_Leche",NA,NA,NA,0,0,0,4,2,28,18,0.02901,0.23037
353.692856117637,546.903199670715,"control","P0609","Multiespecie",14,9,175,161,30,93,107,0,"Ovi_Carne",NA,NA,NA,0,0,0,4,7,20,20,0.01585,0.22787
355.865470393156,545.94702209925,"control","P0610","Monoespecie",0,0,126,91,0,0,0,3,"Ovi_Carne",NA,NA,NA,0,0,0,3,3,22,23,0.0398,0.28968
351.681477460871,547.240182862425,"control","P0611","Multiespecie",2,1,75,75,14,41,0,5,"Ovi_Carne",NA,NA,NA,0,0,0,3,4,10,30,0.02103,0.39041
357.552398668868,547.469085268664,"control","P0612","Multiespecie",83,61,66,47,1,4,0,0,"Bov_Leche",NA,NA,2001-04-16,0,0,0,3,2,10,4,0.04613,0.15428
355.687661173939,546.769215376241,"control","P0613","Multiespecie",54,26,372,234,58,117,0,0,"Ovi_Lana",NA,NA,NA,0,0,0,5,8,35,78,0.04236,0.35192
353.69758398518,549.1173506702,"control","P0614","Monoespecie",0,0,305,354,0,0,0,2,"Ovi_Carne",NA,NA,NA,0,0,0,1,6,4,28,0.04453,0.11897
358.929787975335,548.874931622412,"control","P0615","Monoespecie",0,0,54,58,0,0,301,0,"Ovi_Carne",NA,NA,NA,0,0,0,3,3,9,16,0.02106,0.2637
353.952430492611,544.819375723273,"control","P0616","Monoespecie",0,0,160,121,0,0,651,4,"Ovi_Mixto",NA,NA,NA,0,0,0,1,2,7,16,0.01577,0.14386
354.276859544566,547.628231571027,"control","P0617","Monoespecie",0,0,70,44,0,0,549,4,"Ovi_Mixto",NA,NA,NA,0,0,0,4,5,30,39,0.00676,0.34294
352.913688107722,545.344287544482,"control","P0618","Multiespecie",14,9,235,149,21,86,36,2,"Ovi_Mixto",NA,NA,NA,0,0,0,3,2,24,18,0.01971,0.31972
353.113664329618,545.541295787075,"control","P0619","Monoespecie",0,0,223,222,0,0,0,4,"Ovi_Carne",NA,NA,NA,0,0,0,4,9,15,88,0.02504,0.28695
357.327856314579,547.35195478211,"control","P0620","Multiespecie",62,25,48,52,6,15,0,2,"Ovi_Carne",NA,NA,NA,0,0,0,4,2,19,8,0.00671,0.10859
352.780900294164,544.254873411179,"control","P0621","Multiespecie",11,9,304,262,33,134,0,1,"Ovi_Carne",NA,NA,NA,0,0,0,7,3,21,11,0.02191,0.38312
355.371696300185,547.73584651092,"control","P0622","Multiespecie",127,74,157,128,6,17,0,0,"Ovi_Carne",NA,NA,2001-04-13,0,0,0,2,5,9,15,0.04784,0.39664
350.563624091292,545.142362822286,"control","P0623","Multiespecie",111,73,108,75,6,29,0,7,"Bov_Leche",NA,NA,NA,0,0,0,4,1,14,9,0.04071,0.29318
357.725445736059,547.412228460432,"control","P0624","Monoespecie",0,0,0,0,861,2623,0,4,"Mixtos",NA,NA,2001-03-22,0,0,0,3,9,23,90,0.025,0.18251
353.470792663247,547.524874750121,"control","P0625","Monoespecie",0,0,0,0,12,55,0,0,"Mixtos",NA,NA,NA,0,0,0,4,3,25,21,0.03041,0.37593
351.327167090303,546.877815833033,"control","P0626","Multiespecie",148,113,53,43,61,177,8,4,"Bov_Leche",NA,NA,NA,0,0,0,3,5,14,48,0.04691,0.33389
352.153307105083,544.816637753809,"control","P0627","Monoespecie",0,0,0,0,19,75,1294,0,"Mixtos",NA,NA,2001-04-01,0,0,0,5,2,24,10,0.01362,0.27556
353.877413126849,544.764793520418,"control","P0628","Monoespecie",0,0,720,853,0,0,0,0,"Ovi_Lana",NA,NA,NA,0,0,0,4,2,15,12,0.01755,0.21308
375.886657119029,545.933332205472,"control","P0629","Multiespecie",68,38,161,182,1,4,0,4,"Ovi_Lana",NA,NA,NA,0,0,0,2,3,7,14,0.02629,0.34344
370.298996921745,546.007403127151,"control","P0630","Monoespecie",0,0,138,145,0,0,0,2,"Ovi_Carne",NA,NA,NA,0,0,0,2,3,14,16,0.04475,0.14725
372.919583028028,546.736816937555,"control","P0631","Multiespecie",24,10,87,97,34,154,0,0,"Mixtos",NA,NA,NA,0,0,0,7,4,54,30,0.01683,0.17769
374.240373020355,544.250134110648,"control","P0632","Multiespecie",37,19,19,21,118,488,0,3,"Mixtos",NA,NA,NA,0,0,0,3,3,17,8,0.04983,0.1469
373.667396974566,545.645721612822,"control","P0633","Multiespecie",20,9,193,225,24,115,448,0,"Ovi_Mixto",NA,NA,NA,0,0,0,8,4,27,13,0.00119,0.19489
375.517397811565,544.102338756584,"control","P0634","Monoespecie",0,0,22,19,0,0,0,3,"Ovi_Carne",NA,NA,2001-04-06,0,0,0,2,2,8,15,0.00062,0.16968
373.152243687472,544.538620823272,"control","P0635","Multiespecie",4,2,28,23,25,96,0,3,"Mixtos",NA,NA,2001-03-15,0,0,0,3,2,11,15,0.00241,0.20707
377.112454125015,546.174047420798,"control","P0636","Monoespecie",0,0,0,0,31,92,0,0,"Mixtos",NA,NA,NA,0,0,0,5,5,39,23,0.03996,0.27006
376.829691646801,546.295866515645,"control","P0637","Monoespecie",35,19,0,0,0,0,0,0,"Bov_Mixto",NA,NA,NA,0,0,0,6,4,30,12,0.03699,0.31139
373.597271274876,547.602002111695,"control","P0638","Monoespecie",0,0,28,30,0,0,0,0,"Ovi_Mixto",NA,NA,NA,0,0,0,3,4,13,35,0.03397,0.18132
370.078967992141,547.22875281689,"control","P0639","Monoespecie",0,0,345,239,0,0,0,5,"Ovi_Carne",NA,NA,2001-03-15,0,0,0,2,2,14,8,0.0163,0.23857
371.631604162629,543.022700202473,"control","P0640","Multiespecie",39,21,35,25,2,9,11,5,"Bov_Carne",NA,NA,NA,0,0,0,4,6,9,42,0.00267,0.19695
375.158734744368,537.589738512541,"control","P0641","Monoespecie",0,0,0,0,165,549,28,0,"Mixtos",NA,NA,NA,0,0,0,2,3,6,23,0.00876,0.2788
375.435162323805,541.287421450005,"control","P0642","Monoespecie",0,0,0,0,12,40,0,2,"Mixtos",NA,NA,NA,0,0,0,3,7,11,38,0.00252,0.25182
374.683945886006,542.713460066725,"control","P0643","Multiespecie",290,165,98,79,3,14,0,7,"Bov_Mixto",NA,NA,NA,0,0,0,9,2,39,13,0.00728,0.25254
372.066463332161,544.686597485665,"control","P0644","Multiespecie",37,17,170,167,2,9,795,0,"Ovi_Carne",NA,NA,NA,0,0,0,4,2,27,14,0.03259,0.15737
372.435188922279,546.3856875506,"control","P0645","Multiespecie",88,69,106,122,35,93,0,0,"Ovi_Carne",NA,NA,NA,0,0,0,4,5,24,49,0.00383,0.3916
369.209969870876,545.624770850677,"control","P0646","Monoespecie",0,0,94,67,0,0,0,0,"Ovi_Carne",NA,NA,NA,0,0,0,4,2,30,5,0.0313,0.23838
377.57183775945,545.736449158032,"control","P0647","Monoespecie",157,122,0,0,0,0,0,3,"Bov_Carne",NA,NA,NA,0,0,0,6,3,12,26,0.01482,0.39345
372.480724522032,543.620504023914,"control","P0648","Multiespecie",36,21,112,81,2,9,0,2,"Ovi_Carne",NA,NA,2001-04-01,0,0,0,1,1,6,6,0.01844,0.1252
374.580574653047,542.96165883298,"control","P0649","Monoespecie",0,0,0,0,14,31,22,0,"Mixtos",NA,NA,2001-03-17,0,0,0,7,2,16,6,0.03229,0.20431
369.891563472203,548.556174318281,"control","P0650","Multiespecie",18,9,9,6,9,28,0,0,"Mixtos",NA,NA,NA,0,0,0,2,4,16,30,0.02682,0.15043
374.346744969069,547.821834331255,"control","P0651","Monoespecie",0,0,0,0,56,204,0,0,"Mixtos",NA,NA,NA,0,0,0,2,2,7,9,0.0105,0.18246
370.252814674772,545.037532186042,"control","P0652","Monoespecie",0,0,769,667,0,0,0,0,"Ovi_Lana",NA,NA,NA,0,0,0,4,4,30,30,0.04191,0.24676
376.602174328277,536.929953175261,"control","P0653","Monoespecie",0,0,227,204,0,0,0,3,"Ovi_Carne",NA,NA,NA,0,0,0,9,6,66,26,0.03208,0.18692
376.930344820604,546.288348818514,"control","P0654","Multiespecie",5,3,67,77,30,128,0,0,"Mixtos",NA,NA,NA,0,0,0,3,1,15,3,0.02532,0.31465
373.91349247742,543.479598480937,"control","P0655","Multiespecie",26,21,11,10,1,2,0,6,"Bov_Mixto",NA,NA,NA,0,0,0,1,2,4,19,0.04197,0.34769
375.371910874344,541.37828238927,"control","P0656","Multiespecie",13,7,23,22,5,18,154,4,"Ovi_Carne",NA,NA,2001-03-11,0,0,0,5,12,26,109,0.02618,0.39893
375.775480043779,544.486580367681,"control","P0657","Monoespecie",0,0,58,51,0,0,0,2,"Ovi_Carne",NA,NA,NA,0,0,0,3,2,18,7,0.03671,0.11064
373.284584180423,539.331226413466,"control","P0658","Multiespecie",16,7,194,119,42,102,23,4,"Ovi_Lana",NA,NA,NA,0,0,0,2,5,10,21,0.04262,0.10329
373.620953986846,547.366866996838,"control","P0659","Monoespecie",0,0,74,62,0,0,0,0,"Ovi_Carne",NA,NA,NA,0,0,0,7,2,32,7,0.01638,0.18973
372.595927722245,544.685220443418,"control","P0660","Monoespecie",0,0,0,0,63,291,0,0,"Mixtos",NA,NA,NA,0,0,0,4,3,22,28,0.03268,0.22669
374.210831156314,540.725188737687,"control","P0661","Multiespecie",168,89,60,38,13,34,0,0,"Bov_Carne",NA,NA,NA,0,0,0,4,4,13,15,0.03459,0.15913
369.609411553795,542.897730473773,"control","P0662","Multiespecie",290,162,28,30,29,100,0,6,"Bov_Mixto",NA,NA,NA,0,0,0,2,1,12,4,0.04629,0.15699
372.028662786853,544.069947158198,"control","P0663","Multiespecie",7,5,79,58,8,21,0,0,"Ovi_Carne",NA,NA,NA,0,0,0,5,8,26,20,0.02691,0.18429
373.970955646473,546.891750142971,"control","P0664","Multiespecie",19,15,95,73,2,4,0,0,"Ovi_Mixto",NA,NA,2001-04-07,0,0,0,2,3,11,20,0.04109,0.19228
372.78198289648,543.70146846137,"control","P0665","Multiespecie",30,23,89,94,19,81,0,0,"Ovi_Lana",NA,NA,2001-03-21,0,0,0,2,3,11,9,0.03872,0.28552
376.706203247119,544.031737957884,"control","P0666","Multiespecie",16,13,50,40,0,0,0,3,"Ovi_Carne",NA,NA,NA,0,0,0,2,2,10,19,0.04762,0.11471
375.682720669725,535.367585799611,"control","P0667","Multiespecie",129,78,28,19,133,663,0,0,"Mixtos",NA,NA,NA,0,0,0,4,2,27,5,0.02054,0.2309
371.512842749583,543.124011940546,"control","P0668","Monoespecie",0,0,170,159,0,0,0,4,"Ovi_Mixto",NA,NA,NA,0,0,0,5,1,14,9,0.01283,0.22199
372.668092966462,544.737774271132,"control","P0669","Multiespecie",14,7,133,153,67,272,50,0,"Mixtos",NA,NA,NA,0,0,0,1,1,3,6,0.00519,0.29369
372.72787870396,542.944683716688,"control","P0670","Monoespecie",0,0,0,0,433,1030,0,4,"Mixtos",NA,NA,NA,0,0,0,2,6,5,21,0.03253,0.24571
375.757435791375,543.869788332129,"control","P0671","Monoespecie",0,0,252,217,0,0,0,0,"Ovi_Carne",NA,NA,NA,0,0,0,3,4,15,11,0.00105,0.15587
375.29226712965,547.554980856006,"control","P0672","Monoespecie",0,0,17,19,0,0,125,2,"Ovi_Lana",NA,NA,2001-03-23,0,0,0,6,9,36,20,0.03113,0.1887
377.859470731278,546.476777697414,"control","P0673","Multiespecie",99,67,9,6,13,58,0,4,"Bov_Leche",NA,NA,NA,0,0,0,1,2,6,9,0.01391,0.38796
374.734486442761,546.543068133427,"control","P0674","Multiespecie",13,7,7,7,77,246,0,0,"Mixtos",NA,NA,2001-04-06,0,0,0,2,7,5,62,0.03608,0.21147
374.450419314126,540.96300909356,"control","P0675","Multiespecie",61,41,1114,969,1,3,51,4,"Ovi_Mixto",NA,NA,NA,0,0,0,7,3,32,12,0.01316,0.10346
371.563428054674,536.437663705208,"control","P0676","Monoespecie",0,0,0,0,274,1312,0,0,"Mixtos",NA,NA,NA,0,0,0,2,6,4,36,0.01988,0.17448
370.696234944966,544.141742664742,"control","P0677","Monoespecie",0,0,334,224,0,0,0,0,"Ovi_Carne",NA,NA,NA,0,0,0,2,4,10,24,0.01405,0.22749
373.810095960435,544.900045234659,"control","P0678","Monoespecie",0,0,0,0,92,186,284,0,"Mixtos",NA,NA,NA,0,0,0,5,4,24,37,0.0447,0.13773
372.785962649254,548.015494961742,"control","P0679","Monoespecie",0,0,157,181,0,0,0,2,"Ovi_Lana",NA,NA,NA,0,0,0,8,3,46,20,0.02215,0.1471
372.25919959584,547.832040476746,"control","P0680","Monoespecie",219,159,0,0,0,0,0,4,"Bov_Carne",NA,NA,NA,0,0,0,4,5,26,40,0.02191,0.2189
371.375221701369,540.179755231258,"control","P0681","Monoespecie",43,29,0,0,0,0,0,3,"Bov_Carne",NA,NA,NA,0,0,0,2,3,9,11,0.03915,0.36553
376.368973153291,545.445367577493,"control","P0682","Multiespecie",38,18,11,8,2,6,0,0,"Bov_Carne",NA,NA,NA,0,0,0,3,5,23,34,0.02351,0.37649
375.626459673324,541.828152123062,"control","P0683","Monoespecie",0,0,299,277,0,0,0,0,"Ovi_Mixto",NA,NA,NA,0,0,0,8,2,39,15,0.02699,0.21579
338.090419572813,541.748140342222,"control","P0684","Multiespecie",42,26,52,44,2,6,0,0,"Ovi_Carne",NA,NA,NA,0,0,0,1,5,4,24,0.0393,0.31531
336.440641423341,538.268500596296,"control","P0685","Monoespecie",0,0,0,0,60,281,0,0,"Mixtos",NA,NA,NA,0,0,0,7,2,40,17,0.03813,0.37728
337.219593626329,538.454761634069,"control","P0686","Multiespecie",22,13,183,134,38,134,0,0,"Ovi_Mixto",NA,NA,NA,0,0,0,7,5,24,37,0.00398,0.37582
334.563622627462,539.50554192156,"control","P0687","Multiespecie",14,7,39,29,11,26,152,2,"Ovi_Mixto",NA,NA,NA,0,0,0,7,5,38,36,0.04141,0.35903
338.193826888884,542.715271524181,"control","P0688","Multiespecie",28,21,1142,1210,10,30,0,3,"Ovi_Lana",NA,NA,NA,0,0,0,3,4,22,12,0.04031,0.19638
338.222346680471,537.744024943512,"control","P0689","Multiespecie",30,16,669,663,2,8,36,5,"Ovi_Carne",NA,NA,NA,0,0,0,3,4,17,14,0.00754,0.2986
335.298786097486,537.713090553144,"control","P0690","Multiespecie",13,10,108,88,45,192,16,0,"Mixtos",NA,NA,2001-04-02,0,0,0,3,2,18,7,0.03663,0.23925
340.9036741246,538.048157084687,"control","P0691","Monoespecie",0,0,44,37,0,0,0,3,"Ovi_Lana",NA,NA,NA,0,0,0,4,5,22,20,0.04776,0.1895
338.932244265369,541.539762334023,"control","P0692","Multiespecie",9,7,272,230,34,100,0,0,"Ovi_Carne",NA,NA,NA,0,0,0,1,1,3,8,0.04848,0.39263
337.258858933974,539.186590397306,"control","P0693","Monoespecie",0,0,144,127,0,0,0,0,"Ovi_Carne",NA,NA,NA,0,0,0,3,3,16,15,0.04466,0.36005
340.720984425327,542.924095302375,"control","P0694","Multiespecie",31,18,72,60,9,34,25,1,"Ovi_Carne",NA,NA,NA,0,0,0,3,2,13,15,0.04521,0.11562
339.068198858932,541.607548705952,"control","P0695","Monoespecie",0,0,507,463,0,0,0,3,"Ovi_Carne",NA,NA,NA,0,0,0,2,2,14,16,0.04921,0.12849
340.708277813098,540.763734453204,"control","P0696","Monoespecie",0,0,0,0,18,59,393,0,"Mixtos",NA,NA,NA,0,0,0,8,1,41,8,0.04327,0.38825
339.490126909371,540.073179467053,"control","P0697","Multiespecie",56,42,96,96,31,125,0,0,"Ovi_Lana",NA,NA,NA,0,0,0,2,6,12,29,0.0269,0.15533
335.566415325237,538.663029011659,"control","P0698","Multiespecie",140,73,9,6,34,101,156,0,"Bov_Mixto",NA,NA,NA,0,0,0,5,4,25,20,0.00271,0.21038
339.137011391609,537.452988264685,"control","P0699","Monoespecie",0,0,42,38,0,0,0,0,"Ovi_Lana",NA,NA,NA,0,0,0,7,1,31,10,0.03063,0.3724
335.116872655825,539.967358097157,"control","P0700","Multiespecie",79,44,142,159,7,24,0,3,"Ovi_Carne",NA,NA,NA,0,0,0,3,9,19,64,0.0226,0.15883
338.536762315249,535.243063656518,"control","P0701","Monoespecie",0,0,267,301,0,0,0,5,"Ovi_Lana",NA,NA,NA,0,0,0,2,1,12,9,0.04004,0.21148
334.862247339574,539.764074911258,"control","P0702","Multiespecie",19,9,75,65,14,48,0,0,"Ovi_Carne",NA,NA,NA,0,0,0,1,3,4,27,0.00595,0.3907
338.3223934283,537.04524694004,"control","P0703","Multiespecie",25,20,59,54,11,29,0,3,"Ovi_Carne",NA,NA,NA,0,0,0,1,4,6,33,0.02588,0.37025
347.823411142809,535.008158418539,"control","P0704","Multiespecie",13,6,44,36,9,39,1911,0,"Ovi_Carne",NA,NA,NA,0,0,0,5,2,29,5,0.04982,0.26363
347.814717351543,531.794029624129,"control","P0705","Monoespecie",0,0,125,93,0,0,0,2,"Ovi_Carne",NA,NA,NA,0,0,0,5,4,14,11,0.00957,0.3211
358.404972005336,531.587524672098,"control","P0706","Multiespecie",43,22,133,112,11,41,0,0,"Ovi_Mixto",NA,NA,NA,0,0,0,2,3,9,22,0.0399,0.14672
362.180593391692,529.146822989882,"control","P0707","Multiespecie",12,9,153,168,33,107,174,0,"Ovi_Lana",NA,NA,NA,0,0,0,7,4,54,15,0.00605,0.29767
361.349368303224,531.005877290323,"control","P0708","Monoespecie",0,0,35,30,0,0,0,3,"Ovi_Carne",NA,NA,2001-04-15,0,0,0,2,5,5,21,0.03172,0.22669
364.616472379401,530.954140939173,"control","P0709","Multiespecie",49,22,61,43,2,9,311,0,"Ovi_Carne",NA,NA,NA,0,0,0,1,14,7,73,0.01811,0.12095
365.544207930894,533.969264303064,"control","P0710","Multiespecie",18,8,729,705,2,4,0,0,"Ovi_Carne",NA,NA,NA,0,0,0,7,3,21,12,0.0067,0.39345
360.960963115224,532.758079538051,"control","P0711","Multiespecie",12,5,32,37,8,31,48,0,"Ovi_Lana",NA,NA,NA,0,0,0,1,5,4,21,0.04054,0.11539
358.505353108276,532.740014289068,"control","P0712","Monoespecie",0,0,51,57,0,0,0,0,"Ovi_Lana",NA,NA,NA,0,0,0,3,4,12,24,0.02505,0.366
363.697372880924,532.764036298932,"control","P0713","Multiespecie",9,4,418,375,1,5,0,5,"Ovi_Lana",NA,NA,NA,0,0,0,17,4,85,38,0.01117,0.33849
364.006333013234,531.900929453666,"control","P0714","Multiespecie",114,67,24,25,10,31,0,0,"Bov_Carne",NA,NA,NA,0,0,0,2,3,7,8,0.0151,0.38786
362.862026820862,529.989087894464,"control","P0715","Multiespecie",29,16,153,110,9,41,0,0,"Ovi_Lana",NA,NA,NA,0,0,0,4,10,13,68,0.01917,0.33004
360.669229269799,529.270262134395,"control","P0716","Monoespecie",0,0,345,238,0,0,0,0,"Ovi_Carne",NA,NA,NA,0,0,0,3,2,12,11,0.02339,0.2626
362.635846822272,530.510252126038,"control","P0717","Multiespecie",21,11,33,38,11,34,0,1,"Ovi_Carne",NA,NA,NA,0,0,0,4,6,27,13,0.01085,0.23826
363.55634719952,529.959960945163,"control","P0718","Multiespecie",69,47,160,174,18,64,0,2,"Ovi_Carne",NA,NA,NA,0,0,0,2,3,11,16,0.04488,0.25994
364.613059800888,532.126016705429,"control","P0719","Multiespecie",25,18,119,96,2,8,0,0,"Ovi_Carne",NA,NA,NA,0,0,0,9,5,58,18,0.04898,0.16372
363.22805600471,532.311553512064,"control","P0720","Monoespecie",0,0,29,25,0,0,0,2,"Ovi_Carne",NA,NA,NA,0,0,0,3,4,7,24,0.04653,0.33095
367.159565189525,531.743654001297,"control","P0721","Monoespecie",61,46,0,0,0,0,0,1,"Bov_Carne",NA,NA,2001-03-17,0,0,0,5,2,22,11,0.04992,0.28034
345.792137459643,529.743424832209,"control","P0722","Multiespecie",84,45,28,34,1,3,0,0,"Bov_Leche",NA,NA,NA,0,0,0,12,2,53,18,0.03159,0.1623
346.021957472311,530.090689998666,"control","P0723","Multiespecie",22,10,439,514,20,93,0,0,"Ovi_Carne",NA,NA,NA,0,0,0,6,7,34,40,0.01607,0.11316
347.885805519977,528.496204979303,"control","P0724","Multiespecie",56,23,9,10,9,33,0,2,"Bov_Carne",NA,NA,NA,0,0,0,4,2,9,16,0.00694,0.14521
346.782957507445,529.701519896329,"control","P0725","Multiespecie",32,19,157,96,19,42,0,1,"Ovi_Lana",NA,NA,NA,0,0,0,2,2,10,5,0.03937,0.12819
348.837310002926,527.263647236509,"control","P0726","Monoespecie",0,0,105,104,0,0,730,0,"Ovi_Carne",NA,NA,NA,0,0,0,13,8,67,38,0.01835,0.37339
346.547984598114,531.929973588941,"control","P0727","Multiespecie",45,18,52,55,8,33,0,0,"Ovi_Carne",NA,NA,NA,0,0,0,3,1,16,6,0.00676,0.37329
348.130249786313,527.445850308548,"control","P0728","Multiespecie",54,24,102,87,6,13,0,0,"Ovi_Carne",NA,NA,NA,0,0,0,4,2,22,18,0.00739,0.39621
343.824951861756,525.906109861541,"control","P0729","Monoespecie",0,0,104,92,0,0,5418,1,"Ovi_Carne",NA,NA,NA,0,0,0,5,4,22,22,0.03692,0.27316
345.899686601535,525.027632252389,"control","P0730","Multiespecie",23,15,143,98,29,121,0,3,"Ovi_Carne",NA,NA,2001-04-11,0,0,0,5,3,12,14,0.00376,0.3184
343.708900823396,524.821082746341,"control","P0731","Monoespecie",0,0,176,112,0,0,0,2,"Ovi_Carne",NA,NA,NA,0,0,0,6,12,16,48,0.04832,0.34455
347.754417861801,525.41261113127,"control","P0732","Multiespecie",40,22,448,353,55,257,0,0,"Ovi_Carne",NA,NA,2001-03-26,0,0,0,6,1,47,6,0.00122,0.38053
346.913153098642,526.192531971837,"control","P0733","Multiespecie",50,33,74,64,2,10,0,0,"Ovi_Carne",NA,NA,NA,0,0,0,4,1,18,3,0.00136,0.37527
347.505576430241,530.311041488721,"control","P0734","Multiespecie",25,19,357,231,5,15,455,3,"Ovi_Carne",NA,NA,NA,0,0,0,6,3,27,12,0.03153,0.13728
344.766063801481,527.740094663046,"control","P0735","Multiespecie",44,25,733,443,173,809,0,0,"Ovi_Carne",NA,NA,NA,0,0,0,2,1,15,9,0.00589,0.18411
345.767457842215,530.949986353506,"control","P0736","Monoespecie",0,0,258,290,0,0,18,1,"Ovi_Carne",NA,NA,2001-03-18,0,0,0,3,1,11,10,0.01764,0.37675
347.40093238032,528.056648935839,"control","P0737","Monoespecie",0,0,0,0,22,106,0,2,"Mixtos",NA,NA,NA,0,0,0,2,2,5,8,0.03879,0.32083
346.874549125433,528.474301089561,"control","P0738","Multiespecie",14,11,237,168,14,44,788,3,"Ovi_Carne",NA,NA,NA,0,0,0,6,4,21,20,0.03949,0.38039
348.359819056361,530.580095174115,"control","P0739","Monoespecie",220,102,0,0,0,0,44,1,"Bov_Leche",NA,NA,NA,0,0,0,2,4,16,39,0.04151,0.25045
347.773364556307,528.878152477552,"control","P0740","Monoespecie",39,29,0,0,0,0,0,0,"Bov_Leche",NA,NA,NA,0,0,0,4,8,27,28,0.01233,0.32604
349.982301101715,528.372989161389,"control","P0741","Monoespecie",30,15,0,0,0,0,0,0,"Bov_Carne",NA,NA,NA,0,0,0,3,3,18,17,0.04161,0.35386
347.361298757159,532.160548808446,"control","P0742","Multiespecie",9,5,25,25,58,202,0,0,"Mixtos",NA,NA,NA,0,0,0,8,3,24,28,0.01785,0.37596
357.197797533413,536.500142650593,"control","P0743","Multiespecie",30,21,27,22,33,111,0,0,"Mixtos",NA,NA,2001-03-16,0,0,0,2,2,11,14,0.01924,0.34374
356.983356155861,538.849492597942,"control","P0744","Multiespecie",41,32,1427,932,15,41,0,4,"Ovi_Mixto",NA,NA,NA,0,0,0,3,8,17,65,0.01679,0.36555
358.188877594273,539.239649072837,"control","P0745","Monoespecie",44,29,0,0,0,0,0,0,"Bov_Carne",NA,NA,NA,0,0,0,2,1,13,2,0.0031,0.29769
360.85575233877,539.43689955095,"control","P0746","Multiespecie",30,18,4,3,17,45,3039,7,"Mixtos",NA,NA,NA,0,0,0,5,2,35,5,0.03905,0.22982
361.834338957726,540.205302964738,"control","P0747","Multiespecie",29,23,29,24,3,7,32,0,"Ovi_Carne",NA,NA,NA,0,0,0,4,2,24,5,0.01496,0.13058
361.655854097067,538.608203329332,"control","P0748","Monoespecie",50,22,0,0,0,0,0,3,"Bov_Leche",NA,NA,NA,0,0,0,8,4,47,29,0.04271,0.21098
360.029037929364,539.81711956399,"control","P0749","Monoespecie",0,0,611,499,0,0,0,5,"Ovi_Lana",NA,NA,NA,0,0,0,2,2,5,11,0.01229,0.36812
361.789843283815,538.903197231599,"control","P0750","Monoespecie",0,0,0,0,123,455,0,1,"Mixtos",NA,NA,NA,0,0,0,3,3,9,17,0.02563,0.38445
360.681131118064,539.771835240426,"control","P0751","Multiespecie",27,18,33,24,38,185,0,0,"Mixtos",NA,NA,NA,0,0,0,2,2,13,6,0.02207,0.24296
357.798959310344,540.618025383425,"control","P0752","Multiespecie",12,9,59,62,14,39,68,0,"Ovi_Carne",NA,NA,NA,0,0,0,4,3,20,10,0.02629,0.28941
359.318301054878,539.05820110046,"control","P0753","Monoespecie",0,0,518,391,0,0,2047,0,"Ovi_Carne",NA,NA,NA,0,0,0,2,8,13,79,0.04463,0.34034
356.234784684664,535.027721581311,"control","P0754","Multiespecie",10,5,94,58,10,27,0,2,"Ovi_Mixto",NA,NA,NA,0,0,0,8,2,35,14,0.04843,0.3029
355.497341320064,537.371085508311,"control","P0755","Multiespecie",17,9,140,135,35,174,0,9,"Ovi_Carne",NA,NA,NA,0,0,0,9,3,33,14,0.04018,0.25973
353.866317389119,537.938519671665,"control","P0756","Multiespecie",95,48,62,43,5,13,0,1,"Bov_Carne",NA,NA,2001-04-04,0,0,0,2,2,10,13,0.00551,0.36738
352.037481703292,538.573339255439,"control","P0757","Multiespecie",81,55,116,110,16,46,0,2,"Ovi_Mixto",NA,NA,2001-03-13,0,0,0,2,3,11,23,0.02809,0.28155
355.458756752802,536.152925868076,"control","P0758","Multiespecie",20,15,364,256,4,16,610,3,"Ovi_Lana",NA,NA,NA,0,0,0,4,1,10,8,0.02783,0.32944
353.216526766659,535.177713111216,"control","P0759","Monoespecie",0,0,62,48,0,0,0,0,"Ovi_Lana",NA,NA,NA,0,0,0,5,5,15,23,0.00837,0.13642
353.733581547818,535.24394828377,"control","P0760","Multiespecie",41,24,54,46,0,0,0,2,"Ovi_Lana",NA,NA,2001-03-11,0,0,0,15,2,94,11,0.0049,0.38813
354.381253522128,537.556301970801,"control","P0761","Multiespecie",272,215,58,62,2,4,220,0,"Bov_Mixto",NA,NA,NA,0,0,0,8,6,38,26,0.04999,0.3533
344.21768371008,534.501359666758,"control","P0762","Multiespecie",9,4,69,53,202,744,0,4,"Mixtos",NA,NA,NA,0,0,0,3,2,22,4,0.02545,0.21866
342.080942989994,533.267083957262,"control","P0763","Monoespecie",0,0,116,115,0,0,502,0,"Ovi_Lana",NA,NA,NA,0,0,0,2,8,14,78,0.03133,0.23629
343.927494690975,532.159635987231,"control","P0764","Monoespecie",0,0,105,92,0,0,0,0,"Ovi_Carne",NA,NA,NA,0,0,0,2,6,6,38,0.03052,0.17905
339.165131922209,536.712942056585,"control","P0765","Multiespecie",15,7,161,109,4,9,0,0,"Ovi_Carne",NA,NA,NA,0,0,0,3,4,13,39,0.00934,0.1476
343.088420337059,527.24642717717,"control","P0766","Multiespecie",32,14,23,16,447,1379,0,0,"Mixtos",NA,NA,NA,0,0,0,3,6,10,52,0.02616,0.35287
343.758405548203,531.508268338773,"control","P0767","Monoespecie",0,0,0,0,25,120,69,0,"Mixtos",NA,NA,NA,0,0,0,5,12,13,76,0.00665,0.32636
343.220608387481,529.931971689529,"control","P0768","Monoespecie",0,0,584,523,0,0,19,2,"Ovi_Carne",NA,NA,NA,0,0,0,2,3,10,16,0.02477,0.37355
345.288137405754,546.901807705156,"control","P0769","Multiespecie",89,67,100,77,14,39,192,0,"Ovi_Carne",NA,NA,NA,0,0,0,5,1,35,6,0.02531,0.12511
348.286265633215,536.039500832866,"control","P0770","Multiespecie",33,24,271,230,4,16,0,0,"Ovi_Carne",NA,NA,NA,0,0,0,3,4,11,40,0.04339,0.23227
345.081491619284,543.177560695256,"control","P0771","Multiespecie",36,25,1506,1580,4,12,0,2,"Ovi_Lana",NA,NA,2001-03-25,0,0,0,3,3,22,14,0.04969,0.239
348.435042548014,547.466303024648,"control","P0772","Monoespecie",0,0,800,514,0,0,0,0,"Ovi_Lana",NA,NA,NA,0,0,0,3,1,20,7,0.00454,0.34338
346.112872850908,544.680439397306,"control","P0773","Monoespecie",0,0,187,186,0,0,6,0,"Ovi_Carne",NA,NA,NA,0,0,0,1,2,7,14,0.02637,0.30392
348.812151120001,534.185570793181,"control","P0774","Multiespecie",3,2,251,277,20,69,1,2,"Ovi_Carne",NA,NA,NA,0,0,0,3,4,15,37,0.02859,0.23477
343.607525762499,540.778098030624,"control","P0775","Multiespecie",46,35,59,45,3,11,439,4,"Ovi_Carne",NA,NA,NA,0,0,0,8,4,57,27,0.01825,0.37541
344.516325184651,544.610476137541,"control","P0776","Multiespecie",13,5,33,26,8,26,0,0,"Ovi_Lana",NA,NA,2001-03-10,0,0,0,3,3,12,27,0.03768,0.12094
347.33231621029,545.024777533393,"control","P0777","Multiespecie",2,1,46,30,14,35,10655,0,"Ovi_Carne",NA,NA,NA,0,0,0,4,4,14,39,0.04863,0.35016
348.467393092051,538.026092812293,"control","P0778","Monoespecie",0,0,0,0,38,141,0,5,"Mixtos",NA,NA,NA,0,0,0,3,1,15,2,0.03264,0.21488
351.040145558424,538.344106969547,"control","P0779","Monoespecie",0,0,55,53,0,0,306,1,"Ovi_Lana",NA,NA,NA,0,0,0,4,3,30,28,0.03906,0.24988
349.168801333326,539.667613693955,"control","P0780","Monoespecie",0,0,0,0,22,96,556,3,"Mixtos",NA,NA,NA,0,0,0,4,2,21,7,0.01359,0.23604
349.771215096789,537.705613671619,"control","P0781","Multiespecie",23,10,254,188,13,59,0,1,"Ovi_Lana",NA,NA,NA,0,0,0,6,2,20,13,0.00211,0.35784
348.797500806953,546.803391515402,"control","P0782","Monoespecie",0,0,97,111,0,0,125,4,"Ovi_Mixto",NA,NA,NA,0,0,0,2,5,6,33,0.02831,0.34681
348.377346070949,547.233367208773,"control","P0783","Monoespecie",0,0,839,735,0,0,0,5,"Ovi_Carne",NA,NA,NA,0,0,0,1,1,6,9,0.03992,0.25787
342.347853444768,545.014224288977,"control","P0784","Multiespecie",12,6,53,46,24,99,0,3,"Mixtos",NA,NA,NA,0,0,0,1,2,4,8,0.0495,0.10266
345.187925060882,545.65821403134,"control","P0785","Multiespecie",66,43,78,71,40,81,58,3,"Ovi_Lana",NA,NA,NA,0,0,0,2,4,4,35,0.025,0.28209
352.248235770966,547.623031150952,"control","P0786","Monoespecie",0,0,89,82,0,0,0,0,"Ovi_Carne",NA,NA,NA,0,0,0,4,1,23,4,0.04966,0.26288
347.18711931896,544.984856507596,"control","P0787","Monoespecie",0,0,1165,1252,0,0,0,0,"Ovi_Mixto",NA,NA,NA,0,0,0,2,2,10,18,0.01537,0.20045
347.583157444107,538.562527657166,"control","P0788","Multiespecie",17,9,241,278,26,111,69,0,"Ovi_Lana",NA,NA,2001-03-13,0,0,0,13,3,81,23,0.00452,0.13849
349.255463599107,538.344226539361,"control","P0789","Multiespecie",20,16,162,167,29,138,18079,0,"Ovi_Carne",NA,NA,NA,0,0,0,3,2,10,6,0.04109,0.19363
350.546594990626,547.82822542974,"control","P0790","Multiespecie",18,13,378,296,13,61,0,4,"Ovi_Lana",NA,NA,NA,0,0,0,1,8,7,47,0.01493,0.30495
352.091706087243,536.663592942197,"control","P0791","Multiespecie",9,5,1004,1089,11,47,0,6,"Ovi_Carne",NA,NA,2001-04-01,0,0,0,2,6,14,42,0.03534,0.37557
344.767736041083,541.613220894864,"control","P0792","Multiespecie",18,8,152,121,10,35,26,1,"Ovi_Mixto",NA,NA,NA,0,0,0,2,2,15,11,0.02516,0.11303
344.591434255331,543.224776545433,"control","P0793","Monoespecie",0,0,692,584,0,0,72,0,"Ovi_Carne",NA,NA,NA,0,0,0,8,5,49,14,0.0334,0.37591
347.639350509931,541.384278027062,"control","P0794","Multiespecie",24,16,601,497,57,267,0,4,"Ovi_Lana",NA,NA,NA,0,0,0,5,1,34,7,0.02135,0.27135
349.209720394127,546.241280924952,"control","P0795","Multiespecie",15,11,143,151,1,5,0,5,"Ovi_Mixto",NA,NA,NA,0,0,0,4,3,20,26,0.00246,0.38948
343.938458737902,543.29908563783,"control","P0796","Monoespecie",0,0,139,159,0,0,0,1,"Ovi_Lana",NA,NA,NA,0,0,0,4,4,21,18,0.0269,0.36347
359.610517191209,534.61586739634,"control","P0797","Monoespecie",0,0,0,0,162,657,0,3,"Mixtos",NA,NA,NA,0,0,0,2,2,16,5,0.01892,0.14497
357.150104647375,538.67771649648,"control","P0798","Multiespecie",16,8,89,96,6,22,0,4,"Ovi_Carne",NA,NA,NA,0,0,0,4,2,15,18,0.03094,0.24331
359.488660266692,537.059482331981,"control","P0799","Multiespecie",42,18,335,216,3,11,586,4,"Ovi_Lana",NA,NA,NA,0,0,0,1,8,8,30,0.00945,0.27636
358.244889107148,536.391086804625,"control","P0800","Multiespecie",20,10,121,77,1,4,0,0,"Ovi_Carne",NA,NA,NA,0,0,0,4,6,11,36,0.03511,0.3045
357.531703557787,535.641516814109,"control","P0801","Monoespecie",0,0,97,101,0,0,0,0,"Ovi_Lana",NA,NA,NA,0,0,0,3,2,19,12,0.04175,0.36386
357.603635851286,533.285328919108,"control","P0802","Multiespecie",11,4,125,117,301,1290,0,1,"Mixtos",NA,NA,NA,0,0,0,8,2,35,7,0.02601,0.29118
358.250070931916,533.564280959657,"control","P0803","Monoespecie",0,0,0,0,24,73,831,0,"Mixtos",NA,NA,NA,0,0,0,1,2,7,5,0.0172,0.19031
357.170329427198,536.031252338179,"control","P0804","Monoespecie",0,0,132,79,0,0,62,1,"Ovi_Carne",NA,NA,2001-03-08,0,0,0,1,3,8,11,0.02731,0.28963
358.681385303117,537.583506461094,"control","P0805","Multiespecie",29,15,54,40,130,315,476,2,"Mixtos",NA,NA,NA,0,0,0,2,3,14,27,0.01276,0.2722
342.562154942175,526.857671289646,"control","P0806","Monoespecie",76,33,0,0,0,0,0,0,"Bov_Leche",NA,NA,2001-04-05,0,0,0,5,1,12,2,0.00659,0.15827
340.663477286972,527.660322939379,"control","P0807","Multiespecie",12,6,11,9,32,113,0,0,"Mixtos",NA,NA,2001-04-01,0,0,0,2,5,10,26,0.03513,0.21045
342.32463737656,529.203702350154,"control","P0808","Monoespecie",0,0,0,0,10,24,58,3,"Mixtos",NA,NA,2001-03-13,0,0,0,9,3,64,20,0.04353,0.21838
341.756776123825,528.342668455964,"control","P0809","Multiespecie",31,15,13,15,4,13,0,0,"Bov_Carne",NA,NA,NA,0,0,0,1,4,8,19,0.00147,0.34747
339.980875918723,527.496003669521,"control","P0810","Monoespecie",0,0,0,0,53,163,0,0,"Mixtos",NA,NA,NA,0,0,0,2,3,4,29,0.02897,0.34824
338.651451652353,527.701111997456,"control","P0811","Multiespecie",14,10,109,111,17,82,1036,4,"Ovi_Mixto",NA,NA,NA,0,0,0,3,1,12,7,0.03018,0.32332
341.062796109711,529.385673445663,"control","P0812","Monoespecie",0,0,0,0,12,59,2,1,"Mixtos",NA,NA,NA,0,0,0,5,1,12,10,0.01771,0.14569
344.50233215817,527.572660358122,"control","P0813","Monoespecie",0,0,67,79,0,0,3,0,"Ovi_Carne",NA,NA,2001-04-10,0,0,0,3,4,10,16,0.03269,0.33638
339.655951324238,527.991723171472,"control","P0814","Monoespecie",0,0,79,80,0,0,0,0,"Ovi_Carne",NA,NA,NA,0,0,0,4,5,12,30,0.04455,0.19128
345.286156243069,527.678721686858,"control","P0815","Monoespecie",0,0,66,41,0,0,200,0,"Ovi_Mixto",NA,NA,NA,0,0,0,5,3,33,24,0.03625,0.23557
339.981611440655,526.297650508518,"control","P0816","Monoespecie",0,0,94,64,0,0,0,2,"Ovi_Carne",NA,NA,NA,0,0,0,1,2,4,4,0.01014,0.1025
345.182327447222,526.046495359367,"control","P0817","Multiespecie",69,53,301,291,331,685,0,0,"Mixtos",NA,NA,NA,0,0,0,4,1,15,2,0.01293,0.30429
343.294891944486,526.309004829074,"control","P0818","Multiespecie",205,152,430,451,25,95,122,0,"Ovi_Lana",NA,NA,NA,0,0,0,2,1,9,10,0.00694,0.26903
342.559423305489,529.273825011401,"control","P0819","Multiespecie",36,23,40,39,38,177,0,3,"Mixtos",NA,NA,2001-03-19,0,0,0,7,2,24,20,0.02857,0.38594
360.964248308182,544.036153577608,"control","P0820","Monoespecie",0,0,723,513,0,0,0,4,"Ovi_Carne",NA,NA,2001-03-23,0,0,0,3,2,22,6,0.04183,0.25507
354.916869345493,542.02000743882,"control","P0821","Monoespecie",0,0,746,532,0,0,711,2,"Ovi_Lana",NA,NA,NA,0,0,0,5,1,32,7,0.03017,0.35932
354.361741505599,540.196707676651,"control","P0822","Multiespecie",54,24,79,94,1,4,0,3,"Ovi_Carne",NA,NA,NA,0,0,0,3,12,13,27,0.04304,0.24351
355.407632651352,540.872240105474,"control","P0823","Multiespecie",59,30,23,19,11,42,0,0,"Bov_Carne",NA,NA,NA,0,0,0,7,4,43,9,0.01709,0.11245
354.150708954687,540.584443280006,"control","P0824","Multiespecie",37,22,77,83,6,26,50,2,"Ovi_Mixto",NA,NA,NA,0,0,0,2,1,12,7,0.02398,0.15028
357.503125298384,544.136239314409,"control","P0825","Monoespecie",0,0,63,40,0,0,0,6,"Ovi_Carne",NA,NA,NA,0,0,0,3,5,22,27,0.00371,0.14947
359.682586804065,544.546815819361,"control","P0826","Monoespecie",0,0,145,159,0,0,0,0,"Ovi_Carne",NA,NA,NA,0,0,0,2,4,16,35,0.00626,0.10669
357.453971257725,543.755367583224,"control","P0827","Monoespecie",128,75,0,0,0,0,18,4,"Bov_Carne",NA,NA,NA,0,0,0,4,8,22,39,0.02702,0.25883
359.708782678034,544.01297655074,"control","P0828","Multiespecie",104,75,46,45,19,62,672,0,"Bov_Leche",NA,NA,NA,0,0,0,1,0,4,0,0.03636,0.19618
359.348517131851,547.082814575029,"control","P0829","Multiespecie",6,4,26,30,1,5,0,1,"Ovi_Mixto",NA,NA,NA,0,0,0,3,1,7,7,0.01341,0.3065
355.030021685604,543.022870949873,"control","P0830","Multiespecie",18,14,43,48,54,243,1,0,"Mixtos",NA,NA,2001-03-17,0,0,0,3,6,8,38,0.0411,0.25332
363.363866573008,547.162690546974,"control","P0831","Multiespecie",416,247,54,55,6,29,0,0,"Bov_Carne",NA,NA,NA,0,0,0,3,4,22,12,0.028,0.28338
362.319711214126,544.536803776185,"control","P0832","Multiespecie",76,48,80,51,102,461,5721,0,"Mixtos",NA,NA,NA,0,0,0,4,3,17,27,0.04592,0.22104
359.96846073934,547.1431852355,"control","P0833","Monoespecie",0,0,950,1060,0,0,0,0,"Ovi_Mixto",NA,NA,2001-03-11,0,0,0,4,4,30,29,0.04955,0.33896
355.110423789038,543.282866225414,"control","P0834","Monoespecie",0,0,299,242,0,0,0,9,"Ovi_Mixto",NA,NA,NA,0,0,0,2,9,11,48,0.0144,0.11249
357.532663679122,545.809605865995,"control","P0835","Monoespecie",0,0,0,0,153,495,0,0,"Mixtos",NA,NA,NA,0,0,0,5,3,35,19,0.03321,0.15983
360.885596676609,542.025732437261,"control","P0836","Monoespecie",0,0,0,0,119,465,718,0,"Mixtos",NA,NA,NA,0,0,0,1,1,8,3,0.01845,0.25256
361.083132328008,544.227694663208,"control","P0837","Monoespecie",0,0,313,212,0,0,0,0,"Ovi_Lana",NA,NA,NA,0,0,0,2,3,15,18,0.00957,0.27589
358.219928705106,545.139272155475,"control","P0838","Monoespecie",0,0,292,315,0,0,0,4,"Ovi_Mixto",NA,NA,NA,0,0,0,3,2,14,7,0.02825,0.38253
359.119520648734,545.661596046914,"control","P0839","Multiespecie",158,85,51,42,74,323,0,0,"Mixtos",NA,NA,NA,0,0,0,3,4,10,16,0.0071,0.24463
356.308467649419,542.276036021871,"control","P0840","Multiespecie",17,13,29,33,5,22,0,0,"Ovi_Carne",NA,NA,NA,0,0,0,2,3,10,17,0.00144,0.22051
359.023057108085,531.970845156426,"control","P0841","Monoespecie",0,0,71,44,0,0,80,0,"Ovi_Carne",NA,NA,2001-04-09,0,0,0,4,2,10,16,0.01389,0.37801
356.228361348979,531.68219462059,"control","P0842","Monoespecie",0,0,0,0,241,860,25,0,"Mixtos",NA,NA,2001-03-11,0,0,0,4,4,28,28,0.0093,0.12068
356.086117898315,533.672725910254,"control","P0843","Multiespecie",13,8,453,521,52,177,0,3,"Ovi_Lana",NA,NA,NA,0,0,0,2,1,7,3,0.04307,0.37995
353.687414715302,534.07158057464,"control","P0844","Monoespecie",0,0,0,0,19,45,0,3,"Mixtos",NA,NA,NA,0,0,0,4,2,27,12,0.02964,0.17215
357.304403606172,533.448575394016,"control","P0845","Monoespecie",0,0,54,64,0,0,0,0,"Ovi_Mixto",NA,NA,NA,0,0,0,1,6,4,19,0.02165,0.31864
356.784979392384,533.985417789168,"control","P0846","Multiespecie",21,15,107,107,8,27,0,0,"Ovi_Lana",NA,NA,NA,0,0,0,4,3,28,25,0.02975,0.37196
358.443866854245,533.151456768333,"control","P0847","Multiespecie",93,44,34,31,1,2,0,3,"Bov_Carne",NA,NA,NA,0,0,0,1,5,3,37,0.00878,0.33158
355.294525500731,538.696847820893,"control","P0848","Monoespecie",0,0,376,433,0,0,0,0,"Ovi_Mixto",NA,NA,NA,0,0,0,2,2,10,11,0.02035,0.15144
353.308510911727,541.216363275199,"control","P0849","Multiespecie",35,27,24,25,9,44,0,1,"Bov_Carne",NA,NA,NA,0,0,0,2,3,7,20,0.01571,0.11971
335.681585451765,524.612097086624,"control","P0850","Multiespecie",16,8,29,33,1,4,0,8,"Ovi_Carne",NA,NA,NA,0,0,0,2,2,8,5,0.0052,0.14986
344.305296583086,525.976753955037,"control","P0851","Monoespecie",0,0,129,123,0,0,359,0,"Ovi_Lana",NA,NA,NA,0,0,0,8,2,34,4,0.03055,0.295
340.662323466161,522.561522509187,"control","P0852","Multiespecie",161,77,73,86,11,48,0,0,"Bov_Mixto",NA,NA,2001-03-13,0,0,0,3,2,19,8,0.01752,0.38306
340.477175169585,524.817057234394,"control","P0853","Multiespecie",44,32,17,18,4,8,65,0,"Bov_Carne",NA,NA,NA,0,0,0,2,3,5,13,0.0106,0.17348
340.00221428048,521.636193531805,"control","P0854","Multiespecie",73,41,22,15,407,1520,0,0,"Mixtos",NA,NA,NA,0,0,0,5,3,30,30,0.03392,0.34547
340.613679350953,523.432332391474,"control","P0855","Multiespecie",32,24,27,21,187,386,276,1,"Mixtos",NA,NA,NA,0,0,0,5,7,27,41,0.04879,0.31051
344.746457564452,526.209499262317,"control","P0856","Monoespecie",0,0,50,56,0,0,0,0,"Ovi_Lana",NA,NA,NA,0,0,0,4,2,16,8,0.00321,0.16721
342.451371920494,521.517248780375,"control","P0857","Monoespecie",0,0,98,74,0,0,1049,0,"Ovi_Carne",NA,NA,2001-04-04,0,0,0,2,2,12,8,0.0046,0.14816
338.600218155911,526.214912142506,"control","P0858","Monoespecie",0,0,0,0,355,759,0,0,"Mixtos",NA,NA,NA,0,0,0,2,6,13,57,0.01157,0.10962
341.415696683444,522.074289975715,"control","P0859","Multiespecie",7,4,131,126,6,30,2,0,"Ovi_Carne",NA,NA,NA,0,0,0,3,6,19,36,0.00897,0.12325
338.839853483635,520.743970049707,"control","P0860","Multiespecie",13,9,274,280,10,37,0,0,"Ovi_Carne",NA,NA,NA,0,0,0,4,3,31,19,0.01377,0.28776
345.204819237488,522.280761960036,"control","P0861","Multiespecie",62,49,123,90,4,10,652,4,"Ovi_Carne",NA,NA,NA,0,0,0,7,2,20,9,0.01385,0.39756
340.273291580203,521.628767432649,"control","P0862","Multiespecie",56,38,46,35,35,143,16,0,"Mixtos",NA,NA,NA,0,0,0,5,2,36,6,0.00558,0.36019
344.498286139306,525.323507224673,"control","P0863","Monoespecie",0,0,52,34,0,0,6,0,"Ovi_Carne",NA,NA,NA,0,0,0,8,1,17,3,0.00165,0.33755
338.898149770931,521.655010567491,"control","P0864","Multiespecie",39,26,14,10,376,1565,0,0,"Mixtos",NA,NA,NA,0,0,0,5,2,15,20,0.0404,0.28734
343.603824714928,525.782474520578,"control","P0865","Monoespecie",0,0,245,245,0,0,0,2,"Ovi_Carne",NA,NA,NA,0,0,0,5,4,31,9,0.00988,0.16102
343.64763806813,525.929458151106,"control","P0866","Multiespecie",15,10,169,119,2,5,0,0,"Ovi_Mixto",NA,NA,NA,0,0,0,2,1,8,5,0.04565,0.35536
343.179714220677,523.216887696125,"control","P0867","Multiespecie",18,8,483,357,20,50,0,0,"Ovi_Mixto",NA,NA,NA,0,0,0,6,3,34,24,0.02986,0.10489
339.829344802088,522.520099026425,"control","P0868","Multiespecie",61,43,10,7,67,322,725,0,"Mixtos",NA,NA,NA,0,0,0,10,2,38,16,0.04852,0.1537
341.77503664195,520.049203235498,"control","P0869","Monoespecie",0,0,386,445,0,0,23,0,"Ovi_Carne",NA,NA,NA,0,0,0,11,8,70,17,0.01675,0.18443
335.718332018326,531.625975412114,"control","P0870","Monoespecie",0,0,71,45,0,0,0,1,"Ovi_Lana",NA,NA,NA,0,0,0,3,3,13,13,0.02984,0.20166
337.313909863654,532.787303157299,"control","P0871","Multiespecie",20,15,335,235,4,11,0,7,"Ovi_Mixto",NA,NA,NA,0,0,0,10,2,64,13,0.00864,0.11331
337.065779038439,533.531287480087,"control","P0872","Monoespecie",0,0,136,126,0,0,0,4,"Ovi_Lana",NA,NA,NA,0,0,0,5,4,14,18,0.02461,0.14539
336.761367796531,536.337263129164,"control","P0873","Multiespecie",95,49,16,14,6,25,0,0,"Bov_Mixto",NA,NA,2001-04-11,0,0,0,2,2,8,7,0.00171,0.33041
337.643788474242,530.808863425048,"control","P0874","Multiespecie",30,17,40,38,15,36,0,3,"Ovi_Carne",NA,NA,NA,0,0,0,1,3,8,17,0.04349,0.22286
337.323307166375,527.671362626075,"control","P0875","Multiespecie",25,17,19,20,9,23,0,0,"Bov_Carne",NA,NA,NA,0,0,0,5,2,19,5,0.00541,0.17449
336.241461043159,529.848599819182,"control","P0876","Multiespecie",50,35,74,50,40,159,84,0,"Mixtos",NA,NA,NA,0,0,0,9,6,25,38,0.02599,0.30891
336.938685371191,527.37388194956,"control","P0877","Multiespecie",273,116,16,13,6,17,64,0,"Bov_Leche",NA,NA,2001-03-31,0,0,0,3,5,15,48,0.03732,0.27669
339.149165844576,527.293932381978,"control","P0878","Multiespecie",34,18,36,40,49,157,0,0,"Mixtos",NA,NA,NA,0,0,0,4,2,18,8,0.00504,0.38545
335.928267844331,537.180866913784,"control","P0879","Monoespecie",137,70,0,0,0,0,0,0,"Bov_Carne",NA,NA,NA,0,0,0,2,1,11,8,0.02204,0.34079
338.275238974083,534.602614155445,"control","P0880","Multiespecie",78,45,38,39,18,60,0,5,"Bov_Carne",NA,NA,2001-03-15,0,0,0,4,1,24,3,0.03458,0.13082
337.640334939139,530.52827987814,"control","P0881","Monoespecie",0,0,0,0,112,438,0,0,"Mixtos",NA,NA,NA,0,0,0,2,2,10,17,0.00682,0.25172
337.258029109394,535.274331174933,"control","P0882","Monoespecie",0,0,1679,1622,0,0,0,5,"Ovi_Carne",NA,NA,NA,0,0,0,3,4,13,22,0.02731,0.32925
337.983151025874,530.973954906465,"control","P0883","Monoespecie",0,0,274,171,0,0,431,3,"Ovi_Carne",NA,NA,NA,0,0,0,4,3,28,26,0.04033,0.19695
337.598163594487,528.298817216638,"control","P0884","Multiespecie",77,59,17,11,4,11,0,0,"Bov_Leche",NA,NA,NA,0,0,0,9,5,63,17,0.00162,0.27178
331.977167075933,533.312338253385,"control","P0885","Multiespecie",64,26,842,960,11,41,0,0,"Ovi_Carne",NA,NA,NA,0,0,0,2,10,5,47,0.03237,0.1081
336.794024493602,528.895016484215,"control","P0886","Multiespecie",23,17,16,13,2,6,18,2,"Bov_Carne",NA,NA,2001-04-09,0,0,0,8,4,21,26,0.04261,0.35589
335.270557988823,533.61492663744,"control","P0887","Multiespecie",7,4,21,23,11,34,0,0,"Mixtos",NA,NA,NA,0,0,0,3,2,9,5,0.04948,0.33519
364.118618403125,535.375604935562,"control","P0888","Multiespecie",51,26,233,206,0,0,0,5,"Ovi_Carne",NA,NA,NA,0,0,0,1,3,7,11,0.0035,0.12502
363.827422417589,536.337424276522,"control","P0889","Monoespecie",0,0,413,367,0,0,0,0,"Ovi_Lana",NA,NA,NA,0,0,0,1,2,3,5,0.04905,0.13719
360.944870545856,535.509551255045,"control","P0890","Multiespecie",19,13,143,142,15,48,0,0,"Ovi_Lana",NA,NA,NA,0,0,0,2,4,5,18,0.02698,0.16804
361.298891014656,538.503493227572,"control","P0891","Multiespecie",60,39,134,139,2,7,0,1,"Ovi_Carne",NA,NA,NA,0,0,0,2,6,12,57,0.01037,0.16003
361.900223951009,534.586712965199,"control","P0892","Multiespecie",26,19,334,201,576,1446,14,0,"Mixtos",NA,NA,NA,0,0,0,6,2,38,16,0.04169,0.10604
362.973355297599,534.397872155034,"control","P0893","Monoespecie",0,0,185,169,0,0,13,5,"Ovi_Lana",NA,NA,NA,0,0,0,1,4,5,33,0.02313,0.32041
361.988115523949,534.514636397136,"control","P0894","Multiespecie",38,18,236,208,11,43,0,4,"Ovi_Mixto",NA,NA,NA,0,0,0,4,3,18,17,0.04351,0.3333
364.52294604268,535.478692361128,"control","P0895","Multiespecie",22,11,414,283,5,13,0,2,"Ovi_Carne",NA,NA,NA,0,0,0,2,3,14,20,0.00518,0.31534
361.370507173294,538.251056211359,"control","P0896","Monoespecie",0,0,148,92,0,0,0,2,"Ovi_Carne",NA,NA,NA,0,0,0,3,3,21,18,0.04005,0.3235
360.083693025085,535.81010029767,"control","P0897","Monoespecie",0,0,263,215,0,0,0,2,"Ovi_Carne",NA,NA,NA,0,0,0,1,3,4,10,0.0128,0.38523
364.028163554488,534.488916060103,"control","P0898","Multiespecie",28,11,223,254,21,56,0,7,"Ovi_Mixto",NA,NA,NA,0,0,0,4,1,20,7,0.02754,0.26571
369.084740819418,538.58831364004,"control","P0899","Multiespecie",77,39,11,12,10,24,0,0,"Bov_Carne",NA,NA,NA,0,0,0,3,2,13,10,0.00616,0.23377
363.057738242593,534.502610303944,"control","P0900","Multiespecie",34,15,235,209,1,4,0,0,"Ovi_Carne",NA,NA,2001-04-02,0,0,0,3,7,19,58,0.01817,0.19085
362.221525798156,539.1858745283,"control","P0901","Monoespecie",0,0,143,115,0,0,0,0,"Ovi_Carne",NA,NA,NA,0,0,0,4,5,26,48,0.04705,0.23025
366.078474393341,537.362033711753,"control","P0902","Monoespecie",0,0,0,0,22,105,0,0,"Mixtos",NA,NA,2001-03-08,0,0,0,3,4,16,21,0.02914,0.1512
363.145315172746,538.086376090739,"control","P0903","Monoespecie",0,0,0,0,194,586,0,0,"Mixtos",NA,NA,NA,0,0,0,2,2,4,11,0.04531,0.38797
348.484350298414,534.153748959352,"control","P0904","Multiespecie",21,15,66,68,66,284,0,2,"Mixtos",NA,NA,NA,0,0,0,7,1,37,5,0.02265,0.16658
350.839077047041,530.012610302536,"control","P0905","Monoespecie",0,0,82,78,0,0,0,0,"Ovi_Carne",NA,NA,2001-03-28,0,0,0,8,3,47,15,0.0423,0.16253
353.522842903363,529.161620787916,"control","P0906","Multiespecie",23,10,108,121,2,8,0,0,"Ovi_Carne",NA,NA,NA,0,0,0,4,4,31,24,0.02468,0.18866
353.392275314047,530.367308079748,"control","P0907","Multiespecie",84,45,157,136,12,33,538,0,"Ovi_Lana",NA,NA,NA,0,0,0,1,7,7,19,0.03346,0.28618
349.19221003236,530.575181149953,"control","P0908","Monoespecie",0,0,0,0,39,170,0,2,"Mixtos",NA,NA,NA,0,0,0,13,3,96,26,0.03318,0.30603
351.35760424741,531.017257866796,"control","P0909","Monoespecie",0,0,551,503,0,0,1374,0,"Ovi_Lana",NA,NA,NA,0,0,0,3,5,17,34,0.03897,0.35543
352.243337584449,530.091914684729,"control","P0910","Multiespecie",15,12,288,190,2,8,138,0,"Ovi_Lana",NA,NA,NA,0,0,0,4,4,9,9,0.04698,0.10005
350.79283275506,531.033909994284,"control","P0911","Monoespecie",0,0,232,239,0,0,0,0,"Ovi_Lana",NA,NA,NA,0,0,0,2,2,13,14,0.01701,0.10705
352.523840313426,532.050529397493,"control","P0912","Multiespecie",207,86,127,87,18,81,0,1,"Bov_Carne",NA,NA,NA,0,0,0,13,2,30,10,0.02314,0.31725
349.321493286115,535.059747033313,"control","P0913","Monoespecie",0,0,244,278,0,0,41,2,"Ovi_Carne",NA,NA,NA,0,0,0,2,4,8,37,0.02031,0.23163
353.162832647892,530.746522500355,"control","P0914","Multiespecie",25,19,103,88,82,408,0,3,"Mixtos",NA,NA,2001-04-12,0,0,0,7,2,48,19,0.02042,0.12609
351.075863963347,533.125546268101,"control","P0915","Monoespecie",0,0,129,83,0,0,0,2,"Ovi_Lana",NA,NA,NA,0,0,0,8,4,30,34,0.00641,0.38105
351.180508786227,530.60788839107,"control","P0916","Monoespecie",0,0,214,223,0,0,0,3,"Ovi_Lana",NA,NA,NA,0,0,0,2,7,10,37,0.02211,0.22217
351.933937787907,531.630096253489,"control","P0917","Monoespecie",0,0,0,0,14,29,0,4,"Mixtos",NA,NA,NA,0,0,0,4,5,31,23,0.0173,0.32924
353.779386076726,529.936193689627,"control","P0918","Multiespecie",13,9,418,319,67,317,32,0,"Ovi_Mixto",NA,NA,NA,0,0,0,5,3,13,24,0.01449,0.18023
341.016873944389,538.659697013702,"control","P0919","Monoespecie",0,0,0,0,630,2960,0,0,"Mixtos",NA,NA,NA,0,0,0,6,4,30,27,0.04973,0.29213
341.111971058434,540.722517780314,"control","P0920","Multiespecie",8,6,4,3,2,10,18,0,"Bov_Carne",NA,NA,NA,0,0,0,4,4,20,20,0.00185,0.18284
343.654704761503,540.983109935473,"control","P0921","Monoespecie",0,0,288,278,0,0,0,2,"Ovi_Carne",NA,NA,NA,0,0,0,8,4,26,16,0.03962,0.3818
341.813296996646,535.505190864271,"control","P0922","Monoespecie",0,0,0,0,28,119,0,2,"Mixtos",NA,NA,NA,0,0,0,2,6,15,52,0.04562,0.2622
345.608049841472,535.483012594062,"control","P0923","Monoespecie",0,0,261,249,0,0,0,0,"Ovi_Mixto",NA,NA,2001-03-24,0,0,0,1,11,5,64,0.0267,0.22789
342.308610421461,536.460312972978,"control","P0924","Monoespecie",0,0,0,0,14,42,0,4,"Mixtos",NA,NA,NA,0,0,0,2,1,6,6,0.02344,0.32703
341.273302452697,534.058734150114,"control","P0925","Monoespecie",0,0,0,0,66,145,0,0,"Mixtos",NA,NA,NA,0,0,0,2,5,15,37,0.0224,0.13315
340.657305626218,537.755391344713,"control","P0926","Multiespecie",87,53,34,36,3,6,0,0,"Bov_Carne",NA,NA,NA,0,0,0,7,8,43,59,0.00409,0.35254
343.157418522604,535.518323745381,"control","P0927","Monoespecie",0,0,129,141,0,0,0,0,"Ovi_Lana",NA,NA,2001-04-15,0,0,0,2,1,10,10,0.04261,0.14162
342.080432248787,547.171683355351,"control","P0928","Monoespecie",0,0,222,230,0,0,0,4,"Ovi_Carne",NA,NA,NA,0,0,0,3,1,7,6,0.04695,0.31749
340.306087604208,539.065205055653,"control","P0929","Monoespecie",0,0,5473,3988,0,0,0,0,"Ovi_Carne",NA,NA,NA,0,0,0,4,6,23,31,0.00226,0.36388
346.21964208214,537.485602945914,"control","P0930","Multiespecie",31,20,192,198,15,65,0,0,"Ovi_Lana",NA,NA,NA,0,0,0,2,5,10,26,0.03966,0.13934
344.459306806741,535.556419363869,"control","P0931","Monoespecie",0,0,570,370,0,0,0,0,"Ovi_Carne",NA,NA,NA,0,0,0,2,3,7,17,0.00124,0.2999
342.0168254457,536.294976139067,"control","P0932","Multiespecie",103,53,1577,1005,76,158,0,0,"Ovi_Mixto",NA,NA,NA,0,0,0,2,2,11,19,0.00063,0.35439
339.687924312963,541.609930629911,"control","P0933","Multiespecie",35,26,345,362,3,13,430,3,"Ovi_Lana",NA,NA,NA,0,0,0,2,6,6,36,0.01177,0.17904
340.374312354876,543.257754701509,"control","P0934","Multiespecie",97,52,160,162,12,27,0,0,"Ovi_Carne",NA,NA,NA,0,0,0,2,2,14,18,0.04369,0.37143
341.659123047302,542.187389744188,"control","P0935","Multiespecie",58,29,158,102,99,360,0,4,"Mixtos",NA,NA,2001-03-11,0,0,0,3,3,9,8,0.01171,0.20899
345.557644502261,533.726881187617,"control","P0936","Monoespecie",0,0,66,74,0,0,0,0,"Ovi_Mixto",NA,NA,NA,0,0,0,7,4,46,36,0.0187,0.10232
340.015748591551,546.616264393516,"control","P0937","Monoespecie",0,0,661,411,0,0,0,4,"Ovi_Lana",NA,NA,NA,0,0,0,4,5,22,36,0.00109,0.14247
344.456988358764,537.316866337274,"control","P0938","Monoespecie",0,0,423,418,0,0,185,0,"Ovi_Lana",NA,NA,NA,0,0,0,5,6,36,21,0.04518,0.281
341.855890899933,535.377960273632,"control","P0939","Monoespecie",0,0,0,0,67,260,0,4,"Mixtos",NA,NA,NA,0,0,0,2,2,6,14,0.02738,0.24592
346.228667678306,539.747757202827,"control","P0940","Multiespecie",7,3,31,25,3,9,0,0,"Ovi_Mixto",NA,NA,NA,0,0,0,3,2,9,13,0.04695,0.15548
330.447031629486,504.321764526007,"control","P0941","Multiespecie",53,28,76,54,5,15,2119,2,"Ovi_Lana",NA,NA,2001-03-26,0,0,0,4,2,17,4,0.01087,0.33678
329.887287045209,504.767863670931,"control","P0942","Monoespecie",46,34,0,0,0,0,0,9,"Bov_Carne",NA,NA,NA,0,0,0,5,5,39,31,0.02956,0.35587
328.822469621576,506.709392122213,"control","P0943","Multiespecie",34,18,50,31,21,70,0,2,"Mixtos",NA,NA,NA,0,0,0,3,4,10,20,0.00397,0.25061
331.396783427253,504.998370426092,"control","P0944","Monoespecie",0,0,296,310,0,0,0,0,"Ovi_Carne",NA,NA,NA,0,0,0,3,2,7,19,0.00436,0.31758
329.432379123823,507.545650135085,"control","P0945","Multiespecie",20,12,75,72,0,0,295,0,"Ovi_Mixto",NA,NA,NA,0,0,0,4,3,18,13,0.02413,0.34336
328.900864622346,506.184466470793,"control","P0946","Monoespecie",0,0,596,514,0,0,0,0,"Ovi_Lana",NA,NA,NA,0,0,0,3,3,18,20,0.02956,0.25954
330.232144174336,504.628505714625,"control","P0947","Multiespecie",18,13,113,119,55,270,0,6,"Mixtos",NA,NA,NA,0,0,0,3,5,8,19,0.04822,0.17138
333.818627706843,504.652604893,"control","P0948","Multiespecie",30,13,417,465,2,7,0,0,"Ovi_Mixto",NA,NA,2001-04-12,0,0,0,4,15,29,43,0.01,0.18574
331.676965795154,505.948552257282,"control","P0949","Multiespecie",38,25,8,7,51,137,0,0,"Mixtos",NA,NA,NA,0,0,0,3,3,17,18,0.01287,0.11021
337.244612551281,506.872930839057,"control","P0950","Multiespecie",105,50,98,71,221,898,0,0,"Mixtos",NA,NA,NA,0,0,0,3,3,6,27,0.04515,0.1338
336.963472758848,503.935462649715,"control","P0951","Monoespecie",0,0,134,128,0,0,0,0,"Ovi_Carne",NA,NA,NA,0,0,0,5,2,39,6,0.04203,0.2135
340.208433661486,503.793127611566,"control","P0952","Multiespecie",23,14,174,153,14,66,0,1,"Ovi_Lana",NA,NA,NA,0,0,0,4,4,30,17,0.04436,0.29338
339.213407599887,506.233560990002,"control","P0953","Multiespecie",49,33,83,85,2,7,0,0,"Ovi_Lana",NA,NA,NA,0,0,0,5,3,20,8,0.01358,0.13988
332.821876560419,508.06811842702,"control","P0954","Multiespecie",13,5,184,177,47,111,93,0,"Ovi_Lana",NA,NA,NA,0,0,0,2,1,7,8,0.00223,0.34299
334.567906570294,509.227869570153,"control","P0955","Monoespecie",0,0,0,0,27,105,0,0,"Mixtos",NA,NA,NA,0,0,0,3,6,19,59,0.01791,0.30998
334.201610723072,509.288860301799,"control","P0956","Multiespecie",31,14,300,338,4,16,0,0,"Ovi_Lana",NA,NA,NA,0,0,0,4,2,17,7,0.02805,0.33541
334.573701145186,506.050217819664,"control","P0957","Multiespecie",15,7,50,44,3,9,0,5,"Ovi_Carne",NA,NA,NA,0,0,0,11,3,71,7,0.01057,0.16467
344.034124076094,504.399028218362,"control","P0958","Monoespecie",0,0,796,696,0,0,0,0,"Ovi_Carne",NA,NA,NA,0,0,0,3,3,14,21,0.026,0.35975
338.94399794622,501.331347514172,"control","P0959","Multiespecie",134,105,102,64,35,97,0,2,"Bov_Leche",NA,NA,NA,0,0,0,2,4,9,28,0.03164,0.35128
340.344306683682,505.549349038129,"control","P0960","Multiespecie",58,41,72,86,0,0,0,3,"Ovi_Carne",NA,NA,NA,0,0,0,1,4,7,16,0.01433,0.3003
340.026237923296,500.796072872352,"control","P0961","Monoespecie",0,0,107,116,0,0,0,0,"Ovi_Lana",NA,NA,NA,0,0,0,3,4,14,17,0.01836,0.20234
341.213695141279,504.046755576765,"control","P0962","Monoespecie",161,128,0,0,0,0,0,8,"Bov_Leche",NA,NA,NA,0,0,0,5,1,25,5,0.00374,0.1001
338.710529322621,502.578009284036,"control","P0963","Monoespecie",0,0,0,0,65,161,0,2,"Mixtos",NA,NA,NA,0,0,0,1,8,2,79,0.04984,0.38924
331.593507538767,503.376536456014,"control","P0964","Multiespecie",32,19,178,156,0,0,0,0,"Ovi_Lana",NA,NA,NA,0,0,0,4,7,26,59,0.04717,0.32885
336.374782352671,502.908993368779,"control","P0965","Multiespecie",94,62,1891,1997,4,17,0,0,"Ovi_Lana",NA,NA,NA,0,0,0,3,5,23,43,0.01834,0.23878
341.289162188814,499.425011350433,"control","P0966","Monoespecie",0,0,47,36,0,0,0,1,"Ovi_Lana",NA,NA,NA,0,0,0,5,3,28,23,0.02627,0.19862
344.371837039466,499.393466968145,"control","P0967","Multiespecie",20,10,235,203,5,20,0,0,"Ovi_Lana",NA,NA,NA,0,0,0,2,2,14,4,0.01275,0.26314
339.401651792867,500.930275424813,"control","P0968","Multiespecie",31,18,196,140,4,13,0,6,"Ovi_Carne",NA,NA,NA,0,0,0,8,2,25,12,0.04555,0.26262
339.989875903969,501.987709503562,"control","P0969","Monoespecie",0,0,0,0,69,233,0,0,"Mixtos",NA,NA,NA,0,0,0,3,4,10,38,0.04206,0.13435
341.950245805696,497.015130178426,"control","P0970","Multiespecie",84,37,52,38,36,176,0,0,"Mixtos",NA,NA,NA,0,0,0,1,4,4,21,0.02703,0.29564
343.185013157025,498.286483463889,"control","P0971","Monoespecie",0,0,162,154,0,0,424,4,"Ovi_Carne",NA,NA,NA,0,0,0,4,4,8,40,0.04117,0.22156
343.951879317948,500.152236691037,"control","P0972","Monoespecie",0,0,145,115,0,0,0,0,"Ovi_Carne",NA,NA,NA,0,0,0,5,5,38,47,0.01561,0.12895
341.620608742645,498.06293537972,"control","P0973","Monoespecie",0,0,312,366,0,0,8,3,"Ovi_Mixto",NA,NA,NA,0,0,0,2,5,12,38,0.01049,0.3791
342.333095895795,501.991280742015,"control","P0974","Monoespecie",0,0,162,103,0,0,0,0,"Ovi_Lana",NA,NA,NA,0,0,0,11,1,39,10,0.03858,0.29121
341.494037701469,496.041656351422,"control","P0975","Monoespecie",0,0,122,144,0,0,2488,3,"Ovi_Mixto",NA,NA,NA,0,0,0,2,2,10,6,0.04339,0.14943
339.528900523789,495.978375712131,"control","P0976","Multiespecie",187,91,238,156,4,9,0,3,"Ovi_Carne",NA,NA,NA,0,0,0,11,1,35,9,0.03512,0.20507
342.708424630668,500.752239852398,"control","P0977","Multiespecie",25,12,105,76,3,9,0,0,"Ovi_Carne",NA,NA,NA,0,0,0,1,2,5,5,0.00926,0.34908
339.239631336038,494.292488662766,"control","P0978","Monoespecie",132,98,0,0,0,0,275,0,"Bov_Carne",NA,NA,NA,0,0,0,2,1,11,9,0.03032,0.26409
337.000130594151,491.77650230854,"control","P0979","Multiespecie",6,4,11,9,2,9,490,0,"Ovi_Carne",NA,NA,2001-03-22,0,0,0,4,3,26,25,0.00197,0.24479
366.525396749713,520.314318223558,"control","P0980","Multiespecie",33,23,47,52,11,38,26,0,"Ovi_Carne",NA,NA,NA,0,0,0,3,3,18,22,0.01785,0.30358
367.902478296631,521.139498757507,"control","P0981","Monoespecie",0,0,711,653,0,0,0,4,"Ovi_Carne",NA,NA,NA,0,0,0,14,2,71,14,0.03487,0.11948
366.232392614689,518.143038865904,"control","P0982","Multiespecie",23,14,359,308,73,317,444,3,"Ovi_Carne",NA,NA,NA,0,0,0,4,2,29,17,0.03285,0.15589
367.691866481991,521.025155080923,"control","P0983","Monoespecie",53,37,0,0,0,0,0,0,"Bov_Carne",NA,NA,NA,0,0,0,3,2,23,4,0.02759,0.10943
369.762269680804,522.30663241347,"control","P0984","Multiespecie",13,6,248,273,27,88,0,0,"Ovi_Lana",NA,NA,NA,0,0,0,9,15,36,77,0.01981,0.17282
368.484094244293,518.84642870701,"control","P0985","Multiespecie",24,13,49,59,5,24,109716,0,"Ovi_Mixto",NA,NA,NA,0,0,0,8,4,54,24,0.01445,0.29061
366.211687290372,519.587929387117,"control","P0986","Multiespecie",12,8,122,130,0,0,0,0,"Ovi_Carne",NA,NA,NA,0,0,0,3,11,15,98,0.01291,0.18174
366.945958580366,518.835613342254,"control","P0987","Monoespecie",0,0,42,28,0,0,0,0,"Ovi_Lana",NA,NA,NA,0,0,0,3,5,11,17,0.00018,0.25829
368.098003170895,520.20918073058,"control","P0988","Monoespecie",0,0,0,0,73,226,0,2,"Mixtos",NA,NA,NA,0,0,0,6,3,46,22,0.04814,0.31369
367.143233967209,519.832855391789,"control","P0989","Multiespecie",31,18,183,189,29,75,0,5,"Ovi_Lana",NA,NA,NA,0,0,0,2,3,10,27,0.00536,0.28777
367.879013212399,521.191775014832,"control","P0990","Multiespecie",67,40,54,40,6,24,0,0,"Bov_Carne",NA,NA,NA,0,0,0,5,10,31,43,0.04836,0.24484
369.062591143229,518.79170373266,"control","P0991","Multiespecie",20,14,184,111,12,35,0,0,"Ovi_Carne",NA,NA,NA,0,0,0,13,2,37,13,0.04572,0.19963
366.284499064501,521.187418959525,"control","P0992","Multiespecie",24,12,110,67,5,12,2,1,"Ovi_Carne",NA,NA,NA,0,0,0,2,3,15,25,0.03794,0.24213
367.696767560577,520.726493818788,"control","P0993","Monoespecie",0,0,313,351,0,0,0,0,"Ovi_Mixto",NA,NA,NA,0,0,0,3,8,12,32,0.00711,0.3869
366.294267808156,520.839566067291,"control","P0994","Multiespecie",26,13,16,12,21,55,0,2,"Mixtos",NA,NA,NA,0,0,0,6,4,35,20,0.0347,0.25002
367.317217015658,519.077256414497,"control","P0995","Multiespecie",79,60,1305,846,3,6,0,0,"Ovi_Mixto",NA,NA,NA,0,0,0,8,5,38,27,0.03724,0.38648
369.54463733749,521.944946513288,"control","P0996","Multiespecie",88,38,98,81,18,83,0,3,"Ovi_Lana",NA,NA,NA,0,0,0,11,3,84,7,0.04653,0.25957
378.293651088734,513.004637583007,"control","P0997","Multiespecie",232,177,14,10,3,10,493,4,"Bov_Mixto",NA,NA,2001-04-02,0,0,0,3,1,15,3,0.01746,0.27798
379.189955252005,513.718190211501,"control","P0998","Monoespecie",0,0,0,0,59,242,0,4,"Mixtos",NA,NA,NA,0,0,0,5,5,11,43,0.0303,0.35255
381.101464078695,514.833386039191,"control","P0999","Multiespecie",183,138,108,69,3,14,0,3,"Bov_Carne",NA,NA,NA,0,0,0,3,2,10,19,0.0215,0.17705
379.51824039259,514.794031481842,"control","P1000","Multiespecie",39,22,112,69,1,3,0,0,"Ovi_Carne",NA,NA,NA,0,0,0,4,4,21,11,0.04656,0.34606
380.041632161133,515.090224468932,"control","P1001","Monoespecie",0,0,0,0,13,45,826,0,"Mixtos",NA,NA,2001-03-07,0,0,0,7,3,52,24,0.02369,0.38731
378.331359874262,513.341774153989,"control","P1002","Multiespecie",8,5,67,56,16,67,0,2,"Ovi_Carne",NA,NA,NA,0,0,0,4,2,15,15,0.01067,0.13934
379.271322000333,516.651863134087,"control","P1003","Monoespecie",0,0,34,24,0,0,0,3,"Ovi_Carne",NA,NA,NA,0,0,0,9,11,22,40,0.03341,0.32252
379.427188519747,510.53106824931,"control","P1004","Multiespecie",10,5,20,17,11,34,0,0,"Mixtos",NA,NA,NA,0,0,0,3,6,6,24,0.02205,0.23747
381.294699612984,511.664824093649,"control","P1005","Multiespecie",41,20,122,126,4,19,0,0,"Ovi_Carne",NA,NA,NA,0,0,0,2,7,10,23,0.02514,0.11616
381.85579185035,511.688670612739,"control","P1006","Monoespecie",170,120,0,0,0,0,0,5,"Bov_Leche",NA,NA,NA,0,0,0,3,4,20,34,0.03592,0.15233
374.536210580738,508.66812151891,"control","P1007","Monoespecie",0,0,949,908,0,0,165,4,"Ovi_Carne",NA,NA,NA,0,0,0,4,6,31,29,0.00222,0.22312
370.958978083722,509.700442944371,"control","P1008","Multiespecie",23,9,18,16,43,136,0,0,"Mixtos",NA,NA,NA,0,0,0,5,3,26,18,0.03665,0.10742
371.63035043828,510.657159254446,"control","P1009","Multiespecie",16,11,34,34,82,393,0,3,"Mixtos",NA,NA,NA,0,0,0,2,4,13,22,1e-05,0.1844
369.176015527709,525.619849021324,"control","P1010","Multiespecie",139,72,39,34,3,8,0,0,"Bov_Carne",NA,NA,NA,0,0,0,3,1,21,9,0.00486,0.30075
366.757262466823,523.300916561105,"control","P1011","Multiespecie",19,13,39,38,9,35,0,0,"Ovi_Mixto",NA,NA,2001-03-09,0,0,0,6,12,35,114,0.04384,0.25342
370.059796722167,523.889991798853,"control","P1012","Monoespecie",0,0,92,64,0,0,132,3,"Ovi_Carne",NA,NA,NA,0,0,0,3,6,18,26,0.02244,0.36812
369.658573306854,523.428550950975,"control","P1013","Multiespecie",10,6,129,85,65,150,0,5,"Mixtos",NA,NA,NA,0,0,0,4,1,26,4,0.04514,0.27697
370.925614185857,524.345663778982,"control","P1014","Multiespecie",19,14,20,21,4,10,72,0,"Ovi_Mixto",NA,NA,NA,0,0,0,6,8,36,41,0.01474,0.28446
369.776852543954,527.208221478228,"control","P1015","Multiespecie",8,6,80,85,6,22,744,6,"Ovi_Carne",NA,NA,NA,0,0,0,2,4,14,16,0.02911,0.27402
370.049265012786,523.350149271569,"control","P1016","Monoespecie",0,0,94,93,0,0,3933,2,"Ovi_Carne",NA,NA,NA,0,0,0,1,1,3,6,0.03146,0.35533
369.920203401391,526.455610584135,"control","P1017","Multiespecie",104,66,86,86,49,147,0,3,"Mixtos",NA,NA,2001-03-08,0,0,0,4,3,20,8,0.01225,0.25712
368.637152288964,525.633791491554,"control","P1018","Monoespecie",0,0,26,18,0,0,4993,7,"Ovi_Carne",NA,NA,NA,0,0,0,5,2,13,7,0.03736,0.3443
367.954937634141,525.700648715185,"control","P1019","Monoespecie",0,0,221,235,0,0,71,2,"Ovi_Mixto",NA,NA,NA,0,0,0,1,5,2,35,0.03195,0.1914
369.288029593096,514.069521553443,"control","P1020","Multiespecie",6,4,36,23,5,16,202,6,"Ovi_Lana",NA,NA,NA,0,0,0,2,4,13,39,0.02916,0.27087
368.983953887099,510.678461378355,"control","P1021","Multiespecie",24,19,285,242,20,95,30,3,"Ovi_Lana",NA,NA,NA,0,0,0,11,1,45,10,0.03513,0.17239
367.126974376824,512.489085582754,"control","P1022","Multiespecie",31,17,9,7,9,38,0,4,"Bov_Leche",NA,NA,NA,0,0,0,3,1,13,9,0.01754,0.39874
368.943611541628,512.457145470525,"control","P1023","Monoespecie",0,0,0,0,17,36,511,3,"Mixtos",NA,NA,2001-04-13,0,0,0,3,4,12,28,0.04203,0.29485
367.691207998909,512.515808918361,"control","P1024","Monoespecie",0,0,108,112,0,0,0,4,"Ovi_Mixto",NA,NA,NA,0,0,0,4,2,18,7,0.03064,0.1092
367.22265358766,512.838889421411,"control","P1025","Multiespecie",11,6,186,161,2,6,0,1,"Ovi_Carne",NA,NA,NA,0,0,0,6,7,30,21,0.0393,0.31485
369.063431797195,509.768092565654,"control","P1026","Monoespecie",0,0,159,116,0,0,184,0,"Ovi_Carne",NA,NA,NA,0,0,0,1,3,7,17,0.02258,0.23927
371.062212183711,509.159205400392,"control","P1027","Multiespecie",43,31,205,207,8,22,163,0,"Ovi_Mixto",NA,NA,NA,0,0,0,2,4,7,19,0.03724,0.19923
366.600658372609,512.999475922128,"control","P1028","Monoespecie",0,0,138,112,0,0,0,1,"Ovi_Carne",NA,NA,NA,0,0,0,2,6,15,34,0.0133,0.30954
368.960155078911,513.21434921212,"control","P1029","Monoespecie",0,0,0,0,78,245,0,0,"Mixtos",NA,NA,2001-03-21,0,0,0,4,6,17,34,0.02875,0.29534
368.747830232782,511.768992821977,"control","P1030","Multiespecie",86,42,71,52,4,14,345,3,"Bov_Leche",NA,NA,2001-03-25,0,0,0,2,8,6,36,0.01852,0.39052
369.606815391296,510.933037983682,"control","P1031","Multiespecie",112,56,757,906,22,91,42,3,"Ovi_Carne",NA,NA,NA,0,0,0,3,1,20,6,0.04395,0.23476
368.714493594942,513.736623304532,"control","P1032","Multiespecie",44,21,12,10,1,5,0,2,"Bov_Mixto",NA,NA,NA,0,0,0,1,7,7,32,0.02071,0.15036
371.862128875361,512.962708883303,"control","P1033","Multiespecie",11,9,57,42,17,40,0,0,"Ovi_Lana",NA,NA,NA,0,0,0,3,3,8,27,0.04048,0.38833
369.137528214195,514.14666597636,"control","P1034","Multiespecie",89,45,30,33,133,377,0,0,"Mixtos",NA,NA,NA,0,0,0,3,1,21,9,0.04602,0.24978
368.805522071385,514.736837608203,"control","P1035","Monoespecie",0,0,215,220,0,0,0,0,"Ovi_Lana",NA,NA,NA,0,0,0,2,1,9,2,0.0046,0.1943
367.618063037845,513.37740158238,"control","P1036","Monoespecie",0,0,130,96,0,0,4,5,"Ovi_Mixto",NA,NA,NA,0,0,0,1,6,8,18,0.01105,0.11578
376.848620839594,513.177376540782,"control","P1037","Multiespecie",17,8,115,82,16,38,4,0,"Ovi_Carne",NA,NA,NA,0,0,0,3,3,10,9,0.01136,0.3996
376.617360563768,512.417645200277,"control","P1038","Multiespecie",43,33,263,184,2,5,0,5,"Ovi_Carne",NA,NA,NA,0,0,0,3,4,17,13,0.03131,0.18789
377.205669933122,511.759968235531,"control","P1039","Multiespecie",20,10,89,55,1,2,0,0,"Ovi_Carne",NA,NA,NA,0,0,0,3,2,11,5,0.01011,0.36239
375.500153516033,513.701441321223,"control","P1040","Multiespecie",40,28,39,38,16,65,0,0,"Mixtos",NA,NA,NA,0,0,0,5,4,33,29,0.02344,0.22588
377.33640295613,511.452014490627,"control","P1041","Multiespecie",42,27,42,35,11,51,0,0,"Ovi_Lana",NA,NA,NA,0,0,0,8,3,37,9,0.03311,0.36382
376.631451366886,515.183155463646,"control","P1042","Multiespecie",4,2,61,49,2,7,0,0,"Ovi_Carne",NA,NA,NA,0,0,0,3,2,24,9,0.00111,0.32452
376.449370636124,512.222865955955,"control","P1043","Monoespecie",180,119,0,0,0,0,0,0,"Bov_Carne",NA,NA,NA,0,0,0,3,1,17,7,0.0022,0.30882
374.851810685353,511.990660114572,"control","P1044","Multiespecie",62,30,271,207,3,8,0,5,"Ovi_Mixto",NA,NA,NA,0,0,0,2,3,9,11,0.0082,0.27405
376.155431807414,513.743299018764,"control","P1045","Multiespecie",61,31,429,370,1,4,0,3,"Ovi_Carne",NA,NA,NA,0,0,0,7,6,37,54,0.01098,0.28757
378.633249140688,510.800203053605,"control","P1046","Monoespecie",0,0,0,0,51,187,105,3,"Mixtos",NA,NA,NA,0,0,0,2,18,5,78,0.00339,0.18171
379.650449046551,507.324031187109,"control","P1047","Multiespecie",14,9,68,61,1,4,0,1,"Ovi_Lana",NA,NA,2001-03-17,0,0,0,4,7,12,66,0.04503,0.10608
379.510010996601,516.107990032453,"control","P1048","Multiespecie",99,54,518,465,24,94,0,3,"Ovi_Lana",NA,NA,NA,0,0,0,8,8,21,74,0.03892,0.18476
379.703606495808,516.067201961445,"control","P1049","Multiespecie",8,3,268,219,138,456,0,0,"Mixtos",NA,NA,NA,0,0,0,7,1,44,10,0.01336,0.24933
378.954704956227,519.248735559945,"control","P1050","Monoespecie",0,0,0,0,280,1359,0,0,"Mixtos",NA,NA,2001-03-17,0,0,0,3,4,15,20,0.004,0.22282
382.078780794476,509.559240689717,"control","P1051","Monoespecie",0,0,2921,2422,0,0,0,0,"Ovi_Carne",NA,NA,2001-03-11,0,0,0,3,2,7,6,0.00017,0.15879
382.987241832696,510.56318019948,"control","P1052","Monoespecie",0,0,0,0,41,140,0,0,"Mixtos",NA,NA,NA,0,0,0,7,3,40,19,0.02237,0.25544
381.112417853863,511.865686612857,"control","P1053","Multiespecie",12,6,139,124,45,174,0,0,"Ovi_Lana",NA,NA,NA,0,0,0,2,4,15,8,0.04108,0.25025
381.792117736786,511.129159244951,"control","P1054","Multiespecie",13,10,1501,1111,9,40,121,6,"Ovi_Carne",NA,NA,NA,0,0,0,3,6,22,49,0.00547,0.24482
379.999003920164,512.637687223588,"control","P1055","Monoespecie",0,0,45,29,0,0,89,4,"Ovi_Carne",NA,NA,NA,0,0,0,7,1,40,9,0.03813,0.38185
381.877562713927,513.698297136,"control","P1056","Multiespecie",41,19,392,285,14,40,0,2,"Ovi_Lana",NA,NA,NA,0,0,0,4,3,22,27,0.04589,0.28095
379.562647839973,512.122152583357,"control","P1057","Multiespecie",127,86,161,175,11,23,0,3,"Ovi_Carne",NA,NA,NA,0,0,0,3,3,16,29,0.00606,0.36405
375.629470966074,508.13858535154,"control","P1058","Multiespecie",42,22,307,185,65,201,0,0,"Ovi_Carne",NA,NA,NA,0,0,0,4,9,27,89,0.01597,0.20455
377.853972239605,507.84505447532,"control","P1059","Monoespecie",106,82,0,0,0,0,1818,5,"Bov_Carne",NA,NA,NA,0,0,0,5,3,28,14,0.00838,0.13202
374.453209255467,501.018725170738,"control","P1060","Monoespecie",0,0,262,223,0,0,0,1,"Ovi_Carne",NA,NA,NA,0,0,0,3,5,19,14,0.02275,0.15039
377.20038694735,508.225967103515,"control","P1061","Monoespecie",0,0,42,25,0,0,1644,0,"Ovi_Lana",NA,NA,NA,0,0,0,5,4,19,14,0.03982,0.2331
376.802411821528,504.195560285247,"control","P1062","Multiespecie",41,29,46,41,41,111,2655,3,"Mixtos",NA,NA,NA,0,0,0,1,3,7,7,0.01046,0.14294
375.023760123439,499.50316642538,"control","P1063","Multiespecie",17,11,66,68,7,33,0,3,"Ovi_Mixto",NA,NA,NA,0,0,0,3,3,7,21,0.03114,0.39764
375.79899259775,509.818711577911,"control","P1064","Multiespecie",100,65,74,48,2,8,54183,6,"Bov_Carne",NA,NA,NA,0,0,0,4,1,29,6,0.02904,0.3556
360.766802834054,526.538525519831,"control","P1065","Monoespecie",0,0,390,436,0,0,0,0,"Ovi_Mixto",NA,NA,NA,0,0,0,2,1,13,3,0.04447,0.14632
363.271359955223,526.770910272281,"control","P1066","Multiespecie",15,9,78,93,2,6,0,3,"Ovi_Lana",NA,NA,2001-04-08,0,0,0,1,5,6,42,0.04406,0.34708
362.189529398986,523.786682127832,"control","P1067","Multiespecie",28,20,176,157,249,512,0,0,"Mixtos",NA,NA,NA,0,0,0,3,2,15,15,0.01483,0.38142
361.052156892811,526.553589054647,"control","P1068","Multiespecie",87,46,37,23,180,626,0,0,"Mixtos",NA,NA,NA,0,0,0,1,5,2,15,0.01574,0.15573
362.716115792039,524.96559048677,"control","P1069","Multiespecie",26,18,77,86,43,129,0,3,"Mixtos",NA,NA,NA,0,0,0,3,2,14,8,0.00927,0.16303
364.772263180482,526.310050506609,"control","P1070","Multiespecie",95,49,373,229,4,17,268,0,"Ovi_Lana",NA,NA,NA,0,0,0,2,2,5,13,0.02986,0.19196
362.650005459248,525.233486047872,"control","P1071","Monoespecie",0,0,0,0,32,112,2202,0,"Mixtos",NA,NA,NA,0,0,0,2,2,7,12,0.03215,0.31882
366.345510171667,527.054764692589,"control","P1072","Monoespecie",0,0,0,0,79,368,0,2,"Mixtos",NA,NA,NA,0,0,0,7,17,15,40,0.04882,0.12981
368.179433656811,523.512339181818,"control","P1073","Monoespecie",0,0,209,205,0,0,0,2,"Ovi_Mixto",NA,NA,2001-03-23,0,0,0,3,0,22,0,0.03833,0.39553
366.587215108882,524.115085531667,"control","P1074","Monoespecie",0,0,0,0,45,139,0,6,"Mixtos",NA,NA,NA,0,0,0,2,3,11,20,0.03763,0.12183
368.466395281036,524.809887311412,"control","P1075","Monoespecie",0,0,39,31,0,0,305,0,"Ovi_Lana",NA,NA,NA,0,0,0,3,3,11,27,0.02735,0.18262
366.558974196723,527.689544553329,"control","P1076","Multiespecie",106,81,120,103,4,18,0,1,"Ovi_Carne",NA,NA,NA,0,0,0,2,3,6,20,0.04012,0.3672
367.145864041513,522.609425293385,"control","P1077","Multiespecie",40,21,23,19,2,10,1292,0,"Bov_Carne",NA,NA,NA,0,0,0,4,2,20,4,0.03339,0.13743
366.866601698065,521.734563787928,"control","P1078","Multiespecie",48,23,6,6,11,47,0,0,"Bov_Mixto",NA,NA,2001-03-24,0,0,0,4,2,30,6,0.01699,0.38785
367.676800704619,523.993857719276,"control","P1079","Monoespecie",74,31,0,0,0,0,0,0,"Bov_Carne",NA,NA,NA,0,0,0,2,4,15,40,0.03559,0.39191
367.391216997611,521.598136255976,"control","P1080","Monoespecie",0,0,0,0,40,183,0,2,"Mixtos",NA,NA,NA,0,0,0,3,3,24,22,0.03473,0.35949
366.531884498758,522.160924812691,"control","P1081","Monoespecie",0,0,168,118,0,0,0,4,"Ovi_Carne",NA,NA,2001-03-27,0,0,0,11,3,87,26,0.04465,0.11266
367.84935513305,522.321096578482,"control","P1082","Monoespecie",0,0,0,0,71,205,30,5,"Mixtos",NA,NA,NA,0,0,0,3,6,21,25,0.00803,0.27721
367.72254733597,528.47214279208,"control","P1083","Monoespecie",0,0,96,64,0,0,0,7,"Ovi_Lana",NA,NA,NA,0,0,0,4,4,19,30,0.04372,0.11699
364.715650303645,527.739920547549,"control","P1084","Multiespecie",6,5,13,14,187,616,44,0,"Mixtos",NA,NA,NA,0,0,0,8,4,45,37,0.0419,0.21368
368.345806017918,524.220964959732,"control","P1085","Monoespecie",0,0,0,0,157,399,0,0,"Mixtos",NA,NA,2001-03-12,0,0,0,4,2,31,17,0.01102,0.22793
367.804465229207,522.732602929681,"control","P1086","Monoespecie",0,0,424,404,0,0,225,2,"Ovi_Lana",NA,NA,NA,0,0,0,6,4,35,22,0.04217,0.15206
367.466497254414,522.986908374688,"control","P1087","Monoespecie",0,0,0,0,210,652,262,0,"Mixtos",NA,NA,2001-03-29,0,0,0,6,2,12,13,0.04595,0.24848
376.31236931451,498.137373011427,"control","P1088","Monoespecie",0,0,0,0,112,447,0,4,"Mixtos",NA,NA,NA,0,0,0,4,4,26,35,0.0069,0.17906
377.682800599687,504.084487915201,"control","P1089","Multiespecie",46,28,283,197,27,102,0,4,"Ovi_Carne",NA,NA,NA,0,0,0,2,3,5,10,0.02505,0.36428
377.765001867664,502.391632912353,"control","P1090","Monoespecie",0,0,81,89,0,0,6007,0,"Ovi_Lana",NA,NA,NA,0,0,0,12,2,66,9,0.03806,0.22559
378.768498616663,501.279983737134,"control","P1091","Multiespecie",78,35,89,73,21,70,0,0,"Ovi_Mixto",NA,NA,2001-03-18,0,0,0,3,3,8,20,0.04275,0.2241
378.063383323865,500.505276838231,"control","P1092","Monoespecie",0,0,825,919,0,0,0,0,"Ovi_Carne",NA,NA,NA,0,0,0,5,3,26,14,0.01397,0.34473
376.541704615093,498.572183540857,"control","P1093","Multiespecie",55,37,36,33,43,90,0,0,"Mixtos",NA,NA,NA,0,0,0,2,3,4,25,0.04723,0.33092
378.643199467905,498.892402370909,"control","P1094","Multiespecie",13,9,652,728,51,247,1120,0,"Ovi_Carne",NA,NA,NA,0,0,0,3,6,11,59,0.03857,0.13365
365.96592565269,529.395818895282,"control","P1095","Multiespecie",26,15,58,56,4,14,0,0,"Ovi_Carne",NA,NA,NA,0,0,0,3,4,18,17,0.0426,0.39094
366.437470370452,528.255582091801,"control","P1096","Multiespecie",7,5,454,510,8,27,0,3,"Ovi_Lana",NA,NA,NA,0,0,0,2,6,6,48,0.03181,0.36477
364.810766718796,528.883573553047,"control","P1097","Monoespecie",0,0,115,109,0,0,0,2,"Ovi_Mixto",NA,NA,NA,0,0,0,2,17,5,64,0.01717,0.37646
366.828632820772,528.787238542664,"control","P1098","Multiespecie",174,125,236,162,25,70,85,3,"Ovi_Lana",NA,NA,NA,0,0,0,4,2,21,13,0.03226,0.19553
366.470238278168,529.43453813022,"control","P1099","Multiespecie",20,12,103,93,26,67,0,2,"Ovi_Lana",NA,NA,NA,0,0,0,1,1,4,7,0.04753,0.14658
367.805158687222,530.833161613837,"control","P1100","Monoespecie",0,0,29,28,0,0,0,2,"Ovi_Lana",NA,NA,NA,0,0,0,3,2,14,12,0.04039,0.32319
364.712493683143,530.391432561954,"control","P1101","Monoespecie",0,0,143,161,0,0,0,2,"Ovi_Lana",NA,NA,NA,0,0,0,3,3,11,29,0.03823,0.27638
365.01005815243,528.904574534996,"control","P1102","Multiespecie",114,89,33,20,35,73,0,1,"Bov_Carne",NA,NA,NA,0,0,0,4,6,28,43,0.03431,0.21332
364.237322392193,528.720833494582,"control","P1103","Multiespecie",58,36,30,26,2,4,0,0,"Bov_Carne",NA,NA,NA,0,0,0,2,4,12,21,0.00417,0.15245
367.393211143283,529.131860043353,"control","P1104","Multiespecie",29,12,33,38,29,103,0,4,"Mixtos",NA,NA,NA,0,0,0,4,3,23,6,0.04049,0.30834
364.478984036768,531.502989893665,"control","P1105","Monoespecie",297,158,0,0,0,0,0,0,"Bov_Leche",NA,NA,NA,0,0,0,10,1,55,9,0.00125,0.21168
378.164324735934,507.199537398953,"control","P1106","Multiespecie",35,26,5,5,169,706,0,0,"Mixtos",NA,NA,2001-04-16,0,0,0,3,1,9,5,0.04785,0.11102
376.241870716835,507.008184475554,"control","P1107","Multiespecie",69,29,205,136,11,27,0,7,"Ovi_Carne",NA,NA,NA,0,0,0,3,3,8,12,0.00683,0.33963
363.107977367312,526.542609169584,"control","P1108","Monoespecie",0,0,22,16,0,0,136,1,"Ovi_Mixto",NA,NA,NA,0,0,0,2,2,11,15,0.03194,0.37821
362.547127924297,529.761821236658,"control","P1109","Multiespecie",86,62,84,97,4,19,0,0,"Ovi_Mixto",NA,NA,NA,0,0,0,6,3,25,14,0.01057,0.18099
362.749453760552,527.82516878552,"control","P1110","Multiespecie",34,15,1429,1045,43,105,0,3,"Ovi_Mixto",NA,NA,2001-04-03,0,0,0,8,4,48,31,0.02212,0.20029
364.152697294679,527.241958519486,"control","P1111","Monoespecie",0,0,51,43,0,0,280,0,"Ovi_Carne",NA,NA,NA,0,0,0,6,4,18,22,0.01465,0.24653
384.441519126833,511.729863766796,"control","P1112","Monoespecie",0,0,0,0,107,353,69,0,"Mixtos",NA,NA,NA,0,0,0,5,5,19,25,0.00877,0.2389
384.48477645797,510.508562835015,"control","P1113","Multiespecie",49,21,28,25,27,91,20,0,"Mixtos",NA,NA,NA,0,0,0,6,4,24,25,0.02647,0.11213
382.942966730845,511.711193963523,"control","P1114","Monoespecie",0,0,195,173,0,0,0,6,"Ovi_Carne",NA,NA,NA,0,0,0,3,4,8,29,0.01935,0.24021
386.861330219727,511.901228735177,"control","P1115","Multiespecie",50,33,195,217,268,1190,0,0,"Mixtos",NA,NA,NA,0,0,0,3,8,18,31,0.03427,0.28951
383.360449195373,516.135597097717,"control","P1116","Multiespecie",17,13,241,289,68,164,0,0,"Ovi_Carne",NA,NA,NA,0,0,0,3,2,20,13,0.04603,0.29431
384.265413222324,509.961614142724,"control","P1117","Multiespecie",8,5,61,53,31,134,23,0,"Mixtos",NA,NA,NA,0,0,0,3,3,20,19,0.01962,0.16926
381.74504997282,515.227326986925,"control","P1118","Multiespecie",43,23,44,43,46,94,231,1,"Mixtos",NA,NA,NA,0,0,0,6,2,42,6,0.00329,0.10651
381.200663150803,518.248547435768,"control","P1119","Monoespecie",0,0,102,63,0,0,2709,3,"Ovi_Mixto",NA,NA,2001-04-13,0,0,0,6,1,33,8,0.03547,0.29497
384.708243100356,516.175286927747,"control","P1120","Multiespecie",45,27,33,27,8,28,0,0,"Bov_Carne",NA,NA,NA,0,0,0,1,4,3,31,0.01167,0.36467
386.120603789681,511.012929170263,"control","P1121","Multiespecie",45,33,38,23,755,1807,955,0,"Mixtos",NA,NA,NA,0,0,0,2,3,13,8,0.01651,0.16852
384.230033703001,512.177705039046,"control","P1122","Multiespecie",11,8,9,7,6,24,24,0,"Mixtos",NA,NA,NA,0,0,0,2,4,15,37,0.00062,0.35236
381.699717938498,515.460170655226,"control","P1123","Monoespecie",23,12,0,0,0,0,0,9,"Bov_Leche",NA,NA,NA,0,0,0,3,4,7,30,0.00028,0.28848
387.268446060496,509.438946832825,"control","P1124","Multiespecie",13,6,36,32,8,31,14,4,"Ovi_Carne",NA,NA,NA,0,0,0,5,2,18,18,0.02574,0.21875
383.752957273372,514.716463260259,"control","P1125","Multiespecie",227,122,43,27,42,126,0,5,"Bov_Leche",NA,NA,NA,0,0,0,1,3,6,13,0.00013,0.26199
383.470560721596,512.924659764706,"control","P1126","Monoespecie",87,55,0,0,0,0,0,0,"Bov_Carne",NA,NA,NA,0,0,0,4,3,24,14,0.03889,0.19258
382.26252165517,516.281863334452,"control","P1127","Multiespecie",26,17,29,31,30,116,0,4,"Mixtos",NA,NA,NA,0,0,0,6,4,37,24,0.01112,0.27485
384.627365783952,518.515472061216,"control","P1128","Multiespecie",129,86,123,124,10,26,2510,0,"Ovi_Carne",NA,NA,NA,0,0,0,7,3,46,8,0.00661,0.16605
384.706917626189,511.338627957455,"control","P1129","Multiespecie",71,48,98,81,62,230,0,0,"Mixtos",NA,NA,NA,0,0,0,3,5,19,22,0.01173,0.14375
369.195922950609,516.693901954446,"control","P1130","Monoespecie",0,0,1371,1310,0,0,0,2,"Ovi_Mixto",NA,NA,NA,0,0,0,4,2,27,13,0.03012,0.10227
370.514176479143,513.38681413171,"control","P1131","Monoespecie",0,0,139,116,0,0,0,0,"Ovi_Mixto",NA,NA,NA,0,0,0,4,3,31,26,0.04361,0.19574
370.962215565381,517.716525623253,"control","P1132","Monoespecie",0,0,81,68,0,0,0,2,"Ovi_Mixto",NA,NA,NA,0,0,0,8,2,40,10,0.00846,0.37973
368.882724554706,516.089733209049,"control","P1133","Multiespecie",51,26,124,85,5,17,0,0,"Ovi_Carne",NA,NA,NA,0,0,0,5,3,28,29,0.04762,0.25899
367.697311345869,516.275922465724,"control","P1134","Multiespecie",25,15,35,22,1,3,0,1,"Ovi_Lana",NA,NA,NA,0,0,0,6,4,13,23,0.01805,0.22207
368.794779150835,513.433517528214,"control","P1135","Monoespecie",0,0,245,282,0,0,0,2,"Ovi_Lana",NA,NA,NA,0,0,0,5,3,32,25,0.00014,0.34625
371.798140845851,516.497312585196,"control","P1136","Multiespecie",101,62,30,20,15,52,0,2,"Bov_Mixto",NA,NA,2001-04-08,0,0,0,4,2,15,16,0.01352,0.34783
370.772926104046,517.077853727401,"control","P1137","Multiespecie",102,69,4,4,55,247,0,0,"Mixtos",NA,NA,NA,0,0,0,4,4,18,15,0.00036,0.11203
374.180672811129,500.390669005366,"control","P1138","Multiespecie",40,27,53,45,18,66,0,0,"Ovi_Lana",NA,NA,NA,0,0,0,5,2,35,7,0.00754,0.30038
373.810745374593,504.166894716397,"control","P1139","Multiespecie",33,15,322,286,101,344,422,0,"Ovi_Carne",NA,NA,NA,0,0,0,3,4,10,24,0.02844,0.37868
373.292709945812,504.513738949714,"control","P1140","Multiespecie",147,99,20,23,6,13,25,3,"Bov_Carne",NA,NA,NA,0,0,0,8,3,47,18,0.01137,0.26697
374.662204057183,503.954596182955,"control","P1141","Monoespecie",0,0,192,219,0,0,0,3,"Ovi_Lana",NA,NA,2001-04-06,0,0,0,3,2,12,9,0.00614,0.12706
372.472615700286,503.854968188067,"control","P1142","Monoespecie",0,0,0,0,19,54,5181,3,"Mixtos",NA,NA,NA,0,0,0,2,2,10,11,0.04484,0.25886
373.959816483942,502.272590632366,"control","P1143","Multiespecie",19,10,381,289,19,90,2,0,"Ovi_Carne",NA,NA,NA,0,0,0,18,4,94,36,0.03093,0.21688
372.451504924814,500.522829176489,"control","P1144","Monoespecie",0,0,224,192,0,0,0,3,"Ovi_Carne",NA,NA,NA,0,0,0,3,1,9,4,0.04551,0.32281
372.963541647768,500.73552361913,"control","P1145","Monoespecie",0,0,60,50,0,0,0,0,"Ovi_Lana",NA,NA,2001-04-02,0,0,0,3,2,18,7,0.01689,0.2495
370.9195289799,505.423966529601,"control","P1146","Monoespecie",0,0,1352,1115,0,0,0,0,"Ovi_Lana",NA,NA,NA,0,0,0,5,6,15,41,0.02596,0.14284
373.322199576795,504.762149540162,"control","P1147","Monoespecie",0,0,599,406,0,0,0,0,"Ovi_Carne",NA,NA,2001-03-12,0,0,0,4,8,24,40,0.01164,0.24231
371.088018890083,503.678090140246,"control","P1148","Monoespecie",0,0,0,0,177,719,0,4,"Mixtos",NA,NA,NA,0,0,0,7,8,43,29,0.00843,0.14232
373.074635628312,504.96601002659,"control","P1149","Monoespecie",0,0,0,0,234,588,0,0,"Mixtos",NA,NA,NA,0,0,0,3,4,24,39,0.02386,0.34648
373.267178237435,502.82133114568,"control","P1150","Multiespecie",102,67,13,8,4,20,628,0,"Bov_Mixto",NA,NA,NA,0,0,0,2,1,14,5,0.02906,0.36748
375.009408699008,503.423391862933,"control","P1151","Monoespecie",0,0,164,139,0,0,174,0,"Ovi_Carne",NA,NA,NA,0,0,0,5,7,11,39,0.0435,0.20941
371.586000193157,501.834088900486,"control","P1152","Multiespecie",98,78,304,271,2,10,0,0,"Ovi_Carne",NA,NA,2001-03-13,0,0,0,2,2,8,6,0.03279,0.10981
374.182420947066,504.095934309102,"control","P1153","Multiespecie",36,22,76,57,1,4,0,0,"Ovi_Mixto",NA,NA,NA,0,0,0,2,6,5,41,0.04568,0.21835
374.708148691186,499.970073068468,"control","P1154","Multiespecie",56,41,208,126,58,281,0,5,"Mixtos",NA,NA,NA,0,0,0,4,3,12,25,0.01465,0.13582
368.560324350922,506.450269457319,"control","P1155","Multiespecie",33,24,318,228,87,224,0,0,"Ovi_Mixto",NA,NA,NA,0,0,0,5,1,32,10,0.03231,0.27967
371.912381898331,500.152909800623,"control","P1156","Monoespecie",0,0,208,229,0,0,0,0,"Ovi_Carne",NA,NA,2001-03-28,0,0,0,5,2,11,10,0.03191,0.14462
372.318131901039,503.54388351034,"control","P1157","Monoespecie",0,0,1188,1404,0,0,0,0,"Ovi_Carne",NA,NA,NA,0,0,0,4,2,13,7,0.00228,0.22765
371.384474056695,501.0925301071,"control","P1158","Multiespecie",23,12,135,118,25,110,0,1,"Ovi_Carne",NA,NA,NA,0,0,0,2,2,9,20,0.04417,0.30284
370.431938870072,504.865319352204,"control","P1159","Monoespecie",48,33,0,0,0,0,155,0,"Bov_Mixto",NA,NA,NA,0,0,0,11,2,80,5,0.00382,0.11939
371.274409184371,503.208326629732,"control","P1160","Multiespecie",32,19,533,542,9,42,302,1,"Ovi_Carne",NA,NA,NA,0,0,0,2,2,11,12,0.04601,0.15149
372.483312110304,505.572205504176,"control","P1161","Multiespecie",14,6,48,42,16,42,78,0,"Ovi_Carne",NA,NA,NA,0,0,0,3,8,16,39,0.04054,0.34948
368.140786116232,504.554335367019,"control","P1162","Monoespecie",0,0,61,61,0,0,0,0,"Ovi_Mixto",NA,NA,NA,0,0,0,3,2,23,7,0.04229,0.36268
369.938379351302,507.727779664698,"control","P1163","Monoespecie",0,0,52,52,0,0,297,2,"Ovi_Carne",NA,NA,2001-04-06,0,0,0,14,4,87,27,0.02457,0.15603
367.522478964027,504.160045455089,"control","P1164","Monoespecie",0,0,63,43,0,0,0,0,"Ovi_Carne",NA,NA,2001-04-15,0,0,0,6,3,40,17,0.0063,0.26354
372.870158084665,502.303911950081,"control","P1165","Monoespecie",0,0,790,858,0,0,0,2,"Ovi_Mixto",NA,NA,NA,0,0,0,3,5,19,32,0.04018,0.248
368.810829011128,504.555348297028,"control","P1166","Monoespecie",0,0,55,47,0,0,0,0,"Ovi_Carne",NA,NA,NA,0,0,0,4,8,30,41,0.04187,0.31151
368.517480740079,503.642978384862,"control","P1167","Monoespecie",0,0,78,57,0,0,0,0,"Ovi_Carne",NA,NA,NA,0,0,0,3,1,13,8,0.03258,0.34188
372.919390043301,499.035160267295,"control","P1168","Multiespecie",34,24,143,128,9,21,123,0,"Ovi_Carne",NA,NA,NA,0,0,0,4,3,16,14,0.00463,0.23695
370.939052708682,503.789473461664,"control","P1169","Monoespecie",0,0,49,46,0,0,0,0,"Ovi_Mixto",NA,NA,NA,0,0,0,6,4,30,24,0.04442,0.3604
375.448704930804,501.72075990454,"control","P1170","Monoespecie",0,0,0,0,106,269,0,0,"Mixtos",NA,NA,NA,0,0,0,4,3,10,21,0.02799,0.28118
371.839369767161,503.745518668373,"control","P1171","Monoespecie",0,0,35,31,0,0,0,7,"Ovi_Lana",NA,NA,NA,0,0,0,5,5,33,44,0.04066,0.24094
374.046519088868,502.671416000527,"control","P1172","Multiespecie",144,100,118,93,7,26,0,0,"Bov_Leche",NA,NA,NA,0,0,0,10,4,22,13,0.00111,0.16321
374.329552070369,497.066863186549,"control","P1173","Multiespecie",34,26,709,828,11,48,9,2,"Ovi_Carne",NA,NA,NA,0,0,0,1,1,7,5,0.04941,0.31573
372.611978020894,504.763629488459,"control","P1174","Monoespecie",0,0,0,0,39,138,0,0,"Mixtos",NA,NA,NA,0,0,0,4,1,22,4,0.04486,0.37041
370.002156328022,506.667165502283,"control","P1175","Monoespecie",0,0,84,89,0,0,0,5,"Ovi_Carne",NA,NA,NA,0,0,0,2,2,7,15,0.02808,0.18989
372.442156344117,498.834068578281,"control","P1176","Multiespecie",31,18,274,193,12,37,0,3,"Ovi_Carne",NA,NA,NA,0,0,0,3,4,11,13,6e-05,0.16925
369.351891192136,505.795535468631,"control","P1177","Multiespecie",30,24,18,14,2,9,0,4,"Bov_Leche",NA,NA,NA,0,0,0,5,2,14,4,0.01168,0.10727
372.865811308642,504.042051827387,"control","P1178","Multiespecie",9,4,80,80,14,68,0,0,"Ovi_Mixto",NA,NA,NA,0,0,0,5,2,32,13,0.02187,0.24839
373.909378907126,504.119622456905,"control","P1179","Multiespecie",23,10,107,123,1,2,0,0,"Ovi_Lana",NA,NA,NA,0,0,0,2,3,11,23,0.03744,0.39272
369.013520059689,506.072117367003,"control","P1180","Multiespecie",7,6,2404,1669,8,36,0,1,"Ovi_Carne",NA,NA,NA,0,0,0,2,5,15,36,0.03127,0.12206
374.427237007879,512.557357039589,"control","P1181","Multiespecie",21,10,60,45,4,13,2315,0,"Ovi_Carne",NA,NA,NA,0,0,0,3,5,7,16,0.02045,0.29805
375.359398638873,511.779293440292,"control","P1182","Multiespecie",83,43,203,159,21,85,151,0,"Ovi_Mixto",NA,NA,NA,0,0,0,1,5,3,27,0.02441,0.13641
375.66688907695,511.103002381546,"control","P1183","Multiespecie",1,1,93,86,5,22,0,4,"Ovi_Mixto",NA,NA,NA,0,0,0,2,4,9,11,0.02294,0.32248
370.841992796581,512.130469522808,"control","P1184","Multiespecie",16,10,15,15,7,24,0,0,"Mixtos",NA,NA,2001-03-22,0,0,0,3,3,24,20,0.01348,0.13824
373.212755242051,510.807624825725,"control","P1185","Monoespecie",0,0,180,184,0,0,1343,0,"Ovi_Carne",NA,NA,NA,0,0,0,4,2,13,13,0.00827,0.21302
373.97574933104,510.666280456323,"control","P1186","Multiespecie",10,8,763,825,8,21,0,0,"Ovi_Lana",NA,NA,NA,0,0,0,1,6,5,32,0.00711,0.10304
376.506177906575,510.341803228888,"control","P1187","Monoespecie",0,0,388,234,0,0,0,3,"Ovi_Mixto",NA,NA,NA,0,0,0,9,4,31,37,0.00691,0.20686
374.563178653273,509.92061841756,"control","P1188","Multiespecie",201,118,7,8,4,8,65,3,"Bov_Leche",NA,NA,2001-04-15,0,0,0,2,1,10,6,0.02822,0.38949
376.859289320998,511.502856268218,"control","P1189","Multiespecie",68,47,150,138,8,23,0,5,"Ovi_Mixto",NA,NA,NA,0,0,0,2,3,11,9,0.00071,0.25869
374.749038239948,511.226777225486,"control","P1190","Multiespecie",11,5,8,9,4,11,565,0,"Ovi_Mixto",NA,NA,NA,0,0,0,8,3,50,15,0.04644,0.25084
373.778360988621,511.359523366241,"control","P1191","Multiespecie",41,29,65,40,63,258,0,0,"Mixtos",NA,NA,2001-03-12,0,0,0,4,2,25,15,0.02446,0.23354
370.59027240698,511.479528119177,"control","P1192","Monoespecie",0,0,0,0,16,50,0,5,"Mixtos",NA,NA,NA,0,0,0,2,1,12,4,0.00399,0.32577
359.263655406955,526.626314175583,"control","P1193","Multiespecie",12,5,136,100,3,11,3425,2,"Ovi_Lana",NA,NA,NA,0,0,0,2,3,16,17,0.00565,0.34798
362.10652508708,524.769689110931,"control","P1194","Multiespecie",55,36,81,86,12,27,433,2,"Ovi_Mixto",NA,NA,NA,0,0,0,3,4,17,29,0.04005,0.24056
374.498027751987,509.87163336403,"control","P1195","Multiespecie",67,53,32,22,2,8,19099,3,"Bov_Leche",NA,NA,NA,0,0,0,6,3,20,29,0.02461,0.21811
374.878206249417,507.91034056401,"control","P1196","Multiespecie",12,6,207,174,34,105,2356,0,"Ovi_Carne",NA,NA,NA,0,0,0,2,3,12,29,0.04461,0.2264
375.701898147353,510.917466850368,"control","P1197","Multiespecie",299,155,71,57,111,268,0,0,"Bov_Carne",NA,NA,NA,0,0,0,1,2,3,5,0.04084,0.11386
375.587571633215,508.112882990261,"control","P1198","Monoespecie",0,0,93,66,0,0,220,0,"Ovi_Carne",NA,NA,NA,0,0,0,2,6,15,37,0.01195,0.32009
373.607685642069,508.92136196002,"control","P1199","Multiespecie",77,53,37,30,4,19,0,0,"Bov_Carne",NA,NA,NA,0,0,0,1,3,6,27,0.018,0.20631
375.849049065218,507.429504592271,"control","P1200","Multiespecie",33,18,72,77,2,8,0,0,"Ovi_Carne",NA,NA,NA,0,0,0,2,3,5,25,0.01298,0.17021
375.213886312303,509.97520917321,"control","P1201","Monoespecie",0,0,79,78,0,0,0,3,"Ovi_Carne",NA,NA,NA,0,0,0,1,2,2,7,0.03992,0.23074
370.8961807245,518.355007970219,"control","P1202","Multiespecie",29,22,87,101,28,84,335,0,"Ovi_Carne",NA,NA,NA,0,0,0,3,3,11,9,0.0296,0.20296
373.888997075206,519.764001475047,"control","P1203","Multiespecie",135,99,30,33,5,25,0,2,"Bov_Carne",NA,NA,2001-03-14,0,0,0,2,2,7,18,1e-05,0.23668
375.099583664084,514.549798360689,"control","P1204","Multiespecie",117,90,67,54,1,4,0,0,"Bov_Carne",NA,NA,NA,0,0,0,2,11,15,37,0.02292,0.2477
371.91565561145,515.41757464917,"control","P1205","Multiespecie",34,18,7,8,3,8,0,0,"Bov_Carne",NA,NA,2001-03-24,0,0,0,3,1,10,10,0.04435,0.26268
373.694015555761,516.561185985236,"control","P1206","Monoespecie",85,48,0,0,0,0,62,3,"Bov_Carne",NA,NA,NA,0,0,0,4,2,9,15,0.01535,0.24758
374.205059936146,515.942292602268,"control","P1207","Monoespecie",0,0,0,0,14,46,0,3,"Mixtos",NA,NA,NA,0,0,0,7,4,26,40,0.03433,0.19982
376.83700126594,515.945496729537,"control","P1208","Monoespecie",86,40,0,0,0,0,0,0,"Bov_Mixto",NA,NA,NA,0,0,0,3,2,10,5,0.00888,0.13541
375.053829008207,516.860764591181,"control","P1209","Multiespecie",29,21,9,10,1,5,0,0,"Bov_Carne",NA,NA,NA,0,0,0,5,2,18,6,0.03122,0.10644
372.666059442466,516.966493080717,"control","P1210","Multiespecie",164,117,133,135,31,62,0,3,"Bov_Carne",NA,NA,NA,0,0,0,4,5,26,46,0.03233,0.22264
372.394810320902,518.735558082367,"control","P1211","Multiespecie",5,4,346,322,5,19,0,0,"Ovi_Lana",NA,NA,NA,0,0,0,3,2,12,11,0.01924,0.12722
372.889272319863,512.663686932622,"control","P1212","Monoespecie",0,0,224,229,0,0,0,0,"Ovi_Lana",NA,NA,2001-03-28,0,0,0,1,0,3,0,0.02035,0.16412
374.197463396708,513.024087731209,"control","P1213","Multiespecie",41,22,77,60,20,82,0,0,"Ovi_Lana",NA,NA,NA,0,0,0,2,6,14,27,0.02042,0.37815
375.821109526778,515.858345219251,"control","P1214","Multiespecie",98,65,67,44,40,174,796,0,"Mixtos",NA,NA,NA,0,0,0,2,6,5,51,0.00691,0.28493
373.848761994501,514.612046014104,"control","P1215","Multiespecie",207,150,103,97,42,160,0,0,"Bov_Mixto",NA,NA,NA,0,0,0,26,2,197,15,0.01469,0.19352
375.565485092875,516.22604059317,"control","P1216","Multiespecie",99,60,80,93,6,25,0,1,"Ovi_Carne",NA,NA,NA,0,0,0,11,2,38,18,0.03253,0.36607
371.666645297768,517.847413059774,"control","P1217","Multiespecie",276,131,61,40,0,0,8823,0,"Bov_Carne",NA,NA,NA,0,0,0,8,2,33,5,0.00548,0.15639
372.879832590702,515.486033469119,"control","P1218","Monoespecie",65,50,0,0,0,0,0,4,"Bov_Leche",NA,NA,NA,0,0,0,2,5,11,15,0.00465,0.34217
376.554130389534,506.533316760043,"control","P1219","Monoespecie",0,0,42,37,0,0,0,0,"Ovi_Mixto",NA,NA,2001-03-26,0,0,0,2,4,12,28,0.03163,0.34202
375.615769723299,503.927365772022,"control","P1220","Multiespecie",19,8,1247,1180,2,8,0,0,"Ovi_Carne",NA,NA,NA,0,0,0,3,1,12,3,0.00616,0.28995
375.137530608063,506.167472843215,"control","P1221","Monoespecie",0,0,749,695,0,0,10989,2,"Ovi_Carne",NA,NA,2001-03-25,0,0,0,4,4,23,14,0.03242,0.15336
376.543470507718,504.090241352173,"control","P1222","Multiespecie",19,10,132,143,11,49,0,0,"Ovi_Carne",NA,NA,NA,0,0,0,6,4,22,12,0.03015,0.37456
378.955317757438,509.767619975009,"control","P1223","Multiespecie",50,37,136,122,8,22,7157,0,"Ovi_Mixto",NA,NA,NA,0,0,0,12,3,56,20,0.04192,0.38839
379.674827732143,510.990798116301,"control","P1224","Multiespecie",20,9,42,25,1,4,190,3,"Ovi_Carne",NA,NA,NA,0,0,0,1,3,7,16,0.01128,0.12888
377.820746474263,511.392756493758,"control","P1225","Monoespecie",53,37,0,0,0,0,572,6,"Bov_Mixto",NA,NA,2001-04-13,0,0,0,6,1,41,3,0.00111,0.25757
378.041352799441,512.335348841149,"control","P1226","Multiespecie",33,23,262,264,9,40,0,0,"Ovi_Mixto",NA,NA,NA,0,0,0,3,2,22,18,0.03397,0.38384
379.908697756041,511.408934496072,"control","P1227","Multiespecie",32,24,100,120,45,186,16,0,"Mixtos",NA,NA,NA,0,0,0,2,4,9,38,0.03954,0.19568
377.754334757999,509.887670345785,"control","P1228","Monoespecie",62,36,0,0,0,0,25,0,"Bov_Carne",NA,NA,NA,0,0,0,2,3,8,26,0.00383,0.2535
342.59841720095,494.304551247136,"control","P1229","Multiespecie",145,80,464,346,11,35,750,4,"Ovi_Mixto",NA,NA,2001-04-16,0,0,0,2,2,9,13,0.01217,0.13501
344.886695815094,495.035846369048,"control","P1230","Multiespecie",21,11,145,118,9,40,0,4,"Ovi_Carne",NA,NA,NA,0,0,0,1,4,3,11,0.0193,0.23601
344.290728882913,494.838930958342,"control","P1231","Multiespecie",10,6,45,36,4,15,0,4,"Ovi_Lana",NA,NA,NA,0,0,0,3,2,7,7,0.02351,0.25442
343.552356994823,494.592237306638,"control","P1232","Monoespecie",0,0,157,185,0,0,181,0,"Ovi_Carne",NA,NA,NA,0,0,0,2,3,15,12,0.01098,0.39821
343.426001052218,495.040871012737,"control","P1233","Multiespecie",8,4,28,33,18,48,0,1,"Mixtos",NA,NA,NA,0,0,0,1,6,2,40,0.03018,0.1342
343.433208257504,494.338900598557,"control","P1234","Multiespecie",46,31,389,266,10,38,0,4,"Ovi_Lana",NA,NA,NA,0,0,0,4,2,27,11,0.01306,0.13915
347.140139958696,494.722588446845,"control","P1235","Multiespecie",72,34,317,349,21,43,0,0,"Ovi_Mixto",NA,NA,NA,0,0,0,3,1,17,9,0.04045,0.30774
344.045325114982,493.349527511135,"control","P1236","Multiespecie",42,32,361,351,15,54,0,0,"Ovi_Carne",NA,NA,NA,0,0,0,3,6,19,51,0.0327,0.14366
341.828966511309,495.730619214272,"control","P1237","Monoespecie",214,99,0,0,0,0,462,0,"Bov_Mixto",NA,NA,NA,0,0,0,3,3,10,8,0.04275,0.13704
343.29362590723,493.82127620611,"control","P1238","Monoespecie",0,0,0,0,436,1345,0,4,"Mixtos",NA,NA,2001-03-15,0,0,0,3,4,18,32,0.02711,0.11573
348.183810656297,497.111657408539,"control","P1239","Multiespecie",106,49,58,60,14,42,0,2,"Bov_Carne",NA,NA,NA,0,0,0,4,4,21,10,0.01281,0.2888
345.517847818257,494.059204233171,"control","P1240","Multiespecie",140,57,65,72,22,104,0,3,"Bov_Leche",NA,NA,NA,0,0,0,7,4,44,21,0.03249,0.25632
341.832274694691,494.010938023128,"control","P1241","Monoespecie",0,0,6119,5740,0,0,0,3,"Ovi_Lana",NA,NA,NA,0,0,0,1,3,7,30,0.02962,0.30915
343.215133824687,494.928438582262,"control","P1242","Monoespecie",59,40,0,0,0,0,0,2,"Bov_Mixto",NA,NA,NA,0,0,0,3,14,14,122,0.01454,0.2758
346.308698907699,494.910390428124,"control","P1243","Multiespecie",15,6,356,322,12,39,0,0,"Ovi_Lana",NA,NA,NA,0,0,0,11,5,64,45,0.0017,0.10974
342.979272018406,494.396702690353,"control","P1244","Multiespecie",115,88,4,5,2,10,0,5,"Bov_Mixto",NA,NA,NA,0,0,0,3,5,9,45,0.00076,0.29218
344.413172627551,488.867843359269,"control","P1245","Multiespecie",68,32,40,42,12,53,0,0,"Bov_Mixto",NA,NA,NA,0,0,0,3,2,13,17,0.02344,0.36296
345.371289356707,489.448470779319,"control","P1246","Multiespecie",6,4,117,117,19,48,0,0,"Ovi_Carne",NA,NA,NA,0,0,0,5,4,13,34,0.03614,0.20308
345.469985059752,490.949493029268,"control","P1247","Monoespecie",38,21,0,0,0,0,0,0,"Bov_Carne",NA,NA,NA,0,0,0,2,3,9,22,0.04748,0.28831
344.523402464209,489.912739451384,"control","P1248","Multiespecie",55,28,248,283,24,101,0,0,"Ovi_Carne",NA,NA,NA,0,0,0,3,4,23,36,0.01682,0.15064
344.05755596113,490.033397745289,"control","P1249","Monoespecie",0,0,94,87,0,0,0,0,"Ovi_Carne",NA,NA,NA,0,0,0,5,2,37,9,0.03685,0.39625
344.549683333816,490.642427689332,"control","P1250","Multiespecie",35,15,163,104,15,36,0,0,"Ovi_Carne",NA,NA,NA,0,0,0,8,1,28,6,0.01345,0.35997
343.007437801106,492.098381074463,"control","P1251","Monoespecie",0,0,136,117,0,0,0,0,"Ovi_Mixto",NA,NA,NA,0,0,0,5,12,34,95,0.02337,0.3891
345.014270953126,491.17140033985,"control","P1252","Multiespecie",30,13,205,231,1,4,0,0,"Ovi_Lana",NA,NA,NA,0,0,0,4,3,9,22,0.03182,0.31222
345.557004831813,491.000666090622,"control","P1253","Multiespecie",205,148,52,33,8,17,170,0,"Bov_Mixto",NA,NA,NA,0,0,0,5,2,33,10,0.04128,0.25877
344.948516405823,490.828717297763,"control","P1254","Monoespecie",0,0,0,0,93,258,0,2,"Mixtos",NA,NA,NA,0,0,0,1,2,3,15,0.0124,0.19754
346.198599942865,484.77937114115,"control","P1255","Monoespecie",0,0,88,85,0,0,414,2,"Ovi_Lana",NA,NA,NA,0,0,0,2,4,4,23,0.01027,0.38469
345.494316611664,486.747227982257,"control","P1256","Multiespecie",22,13,16,17,12,55,0,0,"Mixtos",NA,NA,NA,0,0,0,2,5,15,31,0.01802,0.32671
344.132165637055,490.48960721527,"control","P1257","Monoespecie",0,0,209,235,0,0,0,0,"Ovi_Lana",NA,NA,NA,0,0,0,3,9,21,60,0.02579,0.27176
343.478299302469,493.907278582459,"control","P1258","Multiespecie",9,5,92,90,5,12,67,2,"Ovi_Lana",NA,NA,NA,0,0,0,11,3,33,8,0.00315,0.17889
342.531694654065,492.812056354062,"control","P1259","Multiespecie",6,3,176,192,3,11,0,0,"Ovi_Carne",NA,NA,2001-03-19,0,0,0,4,4,20,29,0.00805,0.23017
343.761183657155,491.406393540342,"control","P1260","Monoespecie",0,0,1306,844,0,0,0,0,"Ovi_Carne",NA,NA,NA,0,0,0,4,4,8,35,0.03291,0.22908
346.428385596704,489.045827970998,"control","P1261","Multiespecie",88,48,500,545,5,21,3025,1,"Ovi_Carne",NA,NA,NA,0,0,0,8,6,34,51,0.02715,0.3124
343.079190131943,494.18883933759,"control","P1262","Monoespecie",0,0,1840,1492,0,0,0,1,"Ovi_Mixto",NA,NA,2001-04-03,0,0,0,7,2,15,12,0.02679,0.30019
344.814209609631,489.819750081349,"control","P1263","Multiespecie",54,37,67,49,23,76,425,2,"Ovi_Lana",NA,NA,NA,0,0,0,9,3,47,8,0.00063,0.21735
342.324154498754,492.628582055079,"control","P1264","Multiespecie",23,15,203,180,21,85,156,5,"Ovi_Lana",NA,NA,2001-03-22,0,0,0,8,6,57,45,0.03888,0.17814
342.090953909766,490.207139744811,"control","P1265","Multiespecie",36,23,105,120,40,147,4407,0,"Ovi_Lana",NA,NA,NA,0,0,0,4,5,27,49,0.01146,0.37321
345.713443024491,488.934644127449,"control","P1266","Monoespecie",152,121,0,0,0,0,266,4,"Bov_Carne",NA,NA,NA,0,0,0,1,4,3,18,0.03017,0.22525
343.136820088273,493.069326673575,"control","P1267","Multiespecie",5,3,27,20,673,2158,4,3,"Mixtos",NA,NA,NA,0,0,0,1,3,8,14,0.04849,0.24135
344.443928874751,488.772753480799,"control","P1268","Monoespecie",0,0,191,141,0,0,0,0,"Ovi_Carne",NA,NA,NA,0,0,0,3,2,16,19,0.04908,0.1332
346.050062782504,488.485633009017,"control","P1269","Multiespecie",47,21,123,102,9,35,0,1,"Ovi_Carne",NA,NA,2001-03-30,0,0,0,4,4,24,16,0.02351,0.15971
342.778093755275,492.304784509436,"control","P1270","Multiespecie",5,2,36,36,5,13,0,2,"Ovi_Carne",NA,NA,NA,0,0,0,3,5,7,36,0.0069,0.29907
357.741192909589,495.053782383449,"control","P1271","Multiespecie",36,26,43,28,15,33,0,0,"Ovi_Lana",NA,NA,NA,0,0,0,2,2,5,11,0.00896,0.34434
358.726694992633,494.737970170217,"control","P1272","Monoespecie",0,0,0,0,34,106,0,0,"Mixtos",NA,NA,NA,0,0,0,2,6,10,59,0.0286,0.12787
355.455920664047,495.035001748766,"control","P1273","Multiespecie",28,18,227,180,2,5,0,0,"Ovi_Mixto",NA,NA,NA,0,0,0,3,2,11,16,0.03464,0.17919
354.811437966342,495.526418240128,"control","P1274","Multiespecie",35,16,143,160,150,502,0,3,"Mixtos",NA,NA,NA,0,0,0,4,5,11,41,0.04823,0.33917
356.32943512677,503.29326752291,"control","P1275","Monoespecie",0,0,335,344,0,0,1628,0,"Ovi_Carne",NA,NA,NA,0,0,0,2,3,10,10,0.00097,0.20957
355.251969108259,504.666984621931,"control","P1276","Monoespecie",0,0,74,82,0,0,0,0,"Ovi_Lana",NA,NA,NA,0,0,0,5,2,34,19,0.03844,0.24688
353.953295470693,501.568193213836,"control","P1277","Multiespecie",61,25,67,79,4,14,0,1,"Ovi_Carne",NA,NA,NA,0,0,0,2,3,14,22,0.02868,0.12171
358.236913240629,498.894701144118,"control","P1278","Multiespecie",29,12,7,4,33,96,0,3,"Mixtos",NA,NA,NA,0,0,0,10,3,22,12,0.01952,0.26678
359.392416780583,498.67002708711,"control","P1279","Multiespecie",5,2,87,78,27,132,0,4,"Ovi_Carne",NA,NA,NA,0,0,0,3,4,20,35,0.00595,0.21103
360.330237271611,497.21722070427,"control","P1280","Multiespecie",149,113,868,1016,22,92,0,2,"Ovi_Mixto",NA,NA,NA,0,0,0,2,5,14,19,0.02683,0.26072
361.08858426809,498.513378818567,"control","P1281","Monoespecie",0,0,253,180,0,0,0,0,"Ovi_Lana",NA,NA,2001-03-26,0,0,0,5,6,13,43,0.01731,0.20727
357.729221628959,495.674714974122,"control","P1282","Multiespecie",20,9,76,52,10,22,0,2,"Ovi_Carne",NA,NA,NA,0,0,0,2,2,15,15,0.04963,0.26319
358.482758816814,496.592845043123,"control","P1283","Multiespecie",21,9,320,287,13,28,12,0,"Ovi_Lana",NA,NA,NA,0,0,0,5,3,40,17,0.0373,0.26671
360.771228841818,496.114692081993,"control","P1284","Multiespecie",41,26,136,143,40,184,71,1,"Ovi_Mixto",NA,NA,NA,0,0,0,4,3,27,26,0.01911,0.34793
361.357758347702,498.789501224987,"control","P1285","Monoespecie",0,0,92,88,0,0,520,4,"Ovi_Lana",NA,NA,NA,0,0,0,4,5,17,18,0.03796,0.24911
363.11229583102,498.573273154091,"control","P1286","Monoespecie",0,0,101,98,0,0,351,4,"Ovi_Carne",NA,NA,2001-04-04,0,0,0,3,2,14,18,0.04588,0.29815
362.187695094948,498.624681060228,"control","P1287","Multiespecie",21,13,25,22,19,85,0,3,"Mixtos",NA,NA,NA,0,0,0,2,2,10,8,0.01105,0.34951
349.411871002513,492.494981675665,"control","P1288","Multiespecie",35,19,47,35,12,33,0,3,"Ovi_Carne",NA,NA,NA,0,0,0,13,3,87,30,0.04465,0.20258
349.304284764624,489.125650072681,"control","P1289","Multiespecie",44,32,29,32,9,23,4359,1,"Bov_Carne",NA,NA,NA,0,0,0,5,4,14,32,0.04684,0.23936
350.669514527623,490.480355225031,"control","P1290","Monoespecie",0,0,0,0,324,1150,0,1,"Mixtos",NA,NA,NA,0,0,0,2,6,12,43,0.00173,0.36278
348.150386629726,490.703197726785,"control","P1291","Multiespecie",19,13,223,202,62,124,0,0,"Ovi_Carne",NA,NA,NA,0,0,0,3,4,20,26,0.03278,0.27076
346.473971953703,488.383742383184,"control","P1292","Monoespecie",0,0,221,168,0,0,0,3,"Ovi_Carne",NA,NA,NA,0,0,0,5,5,40,29,0.02197,0.34345
350.092887463925,489.618786549875,"control","P1293","Multiespecie",51,34,497,437,2,4,0,0,"Ovi_Mixto",NA,NA,NA,0,0,0,7,4,44,27,0.04412,0.37167
345.929951229182,500.085441414253,"control","P1294","Multiespecie",32,22,284,304,1,3,0,5,"Ovi_Carne",NA,NA,2001-04-11,0,0,0,2,2,12,6,0.04674,0.17815
341.952592735739,497.255748476002,"control","P1295","Multiespecie",26,17,75,58,8,20,0,0,"Ovi_Carne",NA,NA,NA,0,0,0,4,3,18,16,0.04267,0.3736
346.807332002038,501.434805076649,"control","P1296","Monoespecie",96,73,0,0,0,0,0,3,"Bov_Mixto",NA,NA,NA,0,0,0,2,7,12,34,0.02649,0.22691
345.157545266386,501.54024843761,"control","P1297","Multiespecie",44,34,216,190,20,92,0,0,"Ovi_Mixto",NA,NA,2001-03-27,0,0,0,4,3,29,23,0.01445,0.28794
345.047590352444,500.354348392907,"control","P1298","Multiespecie",2,1,156,165,4,18,0,3,"Ovi_Mixto",NA,NA,NA,0,0,0,5,1,30,5,0.02971,0.21004
345.425378390027,498.957878138869,"control","P1299","Multiespecie",28,19,66,72,3,10,61,0,"Ovi_Carne",NA,NA,NA,0,0,0,9,3,28,16,0.04062,0.27698
343.430852732369,499.850257988686,"control","P1300","Multiespecie",21,12,40,24,1,5,111,4,"Ovi_Carne",NA,NA,2001-04-05,0,0,0,2,3,9,18,0.01681,0.28811
346.265206895485,499.436628143949,"control","P1301","Monoespecie",0,0,0,0,34,143,0,2,"Mixtos",NA,NA,NA,0,0,0,2,9,9,88,0.03933,0.25276
343.710809209196,501.331450565835,"control","P1302","Multiespecie",48,21,57,37,3,11,72,0,"Ovi_Carne",NA,NA,NA,0,0,0,5,3,27,14,0.04713,0.20283
342.686163242868,498.130871191319,"control","P1303","Monoespecie",0,0,0,0,61,160,0,4,"Mixtos",NA,NA,NA,0,0,0,2,5,8,23,0.03887,0.36808
345.182603372446,500.023654253654,"control","P1304","Monoespecie",0,0,248,172,0,0,0,0,"Ovi_Mixto",NA,NA,2001-04-10,0,0,0,2,2,4,13,0.01795,0.17062
354.882410583491,493.406414303355,"control","P1305","Multiespecie",11,8,97,60,52,143,0,0,"Mixtos",NA,NA,NA,0,0,0,2,5,13,24,0.02399,0.19493
351.685831751444,491.794410933264,"control","P1306","Monoespecie",0,0,0,0,41,174,0,0,"Mixtos",NA,NA,NA,0,0,0,1,14,7,28,0.00633,0.16729
352.698134878531,495.533828733786,"control","P1307","Multiespecie",29,16,73,54,7,22,0,0,"Ovi_Carne",NA,NA,2001-03-12,0,0,0,5,4,37,29,0.02444,0.10696
353.649255159712,493.64631656247,"control","P1308","Multiespecie",25,12,60,69,8,25,0,4,"Ovi_Lana",NA,NA,NA,0,0,0,4,4,21,39,0.02609,0.35667
350.446001201345,492.961178152583,"control","P1309","Multiespecie",69,36,75,64,19,66,150,0,"Ovi_Carne",NA,NA,2001-03-26,0,0,0,3,7,15,53,0.03331,0.11753
352.170973793514,488.957713150644,"control","P1310","Monoespecie",0,0,846,579,0,0,0,0,"Ovi_Carne",NA,NA,NA,0,0,0,4,1,17,3,0.0138,0.10709
353.113113864581,493.581386058842,"control","P1311","Monoespecie",0,0,377,377,0,0,0,2,"Ovi_Lana",NA,NA,2001-03-23,0,0,0,4,2,15,9,0.01062,0.2547
351.681686290686,488.642231694937,"control","P1312","Multiespecie",6,3,10,11,41,111,0,2,"Mixtos",NA,NA,NA,0,0,0,3,3,8,14,0.03758,0.36551
354.130889809357,495.268953726997,"control","P1313","Multiespecie",127,82,19,16,9,19,0,0,"Bov_Leche",NA,NA,NA,0,0,0,7,4,30,29,0.04598,0.33171
352.340492000491,491.671805700637,"control","P1314","Multiespecie",50,28,52,31,18,41,0,0,"Ovi_Carne",NA,NA,NA,0,0,0,3,8,22,63,0.0472,0.17268
351.793389049619,492.533374204775,"control","P1315","Monoespecie",0,0,0,0,49,118,5,4,"Mixtos",NA,NA,NA,0,0,0,4,2,11,11,0.00778,0.19833
350.701879936125,492.205207778038,"control","P1316","Multiespecie",66,47,53,63,34,154,2,3,"Mixtos",NA,NA,NA,0,0,0,2,3,15,24,0.00521,0.1858
353.026791727532,489.296994454541,"control","P1317","Monoespecie",0,0,778,687,0,0,1911,0,"Ovi_Lana",NA,NA,2001-04-16,0,0,0,4,2,26,7,0.03297,0.11379
352.999103696404,492.581611788885,"control","P1318","Monoespecie",360,212,0,0,0,0,0,0,"Bov_Mixto",NA,NA,2001-04-16,0,0,0,3,4,8,25,0.02097,0.31436
353.779096703559,492.608195272263,"control","P1319","Multiespecie",19,11,15,11,16,49,25,2,"Mixtos",NA,NA,NA,0,0,0,3,3,14,18,0.04469,0.26786
353.510450985153,491.349795504912,"control","P1320","Monoespecie",0,0,0,0,176,502,2074,0,"Mixtos",NA,NA,NA,0,0,0,3,2,10,15,0.02074,0.23024
351.349943340521,494.557246168234,"control","P1321","Multiespecie",11,8,23,24,5,16,0,6,"Ovi_Lana",NA,NA,NA,0,0,0,2,15,9,99,0.03492,0.16105
354.154484228494,492.372750968725,"control","P1322","Multiespecie",8,4,618,527,2,5,581,2,"Ovi_Carne",NA,NA,NA,0,0,0,2,4,16,14,0.0155,0.2032
352.02787002196,490.593936407289,"control","P1323","Multiespecie",70,45,201,123,19,60,0,1,"Ovi_Carne",NA,NA,2001-03-24,0,0,0,4,1,14,8,0.03898,0.28707
353.674162239117,489.983983295232,"control","P1324","Multiespecie",122,91,167,155,1,4,0,0,"Ovi_Carne",NA,NA,NA,0,0,0,3,7,14,38,0.0334,0.28786
343.490903871615,502.35537256817,"control","P1325","Multiespecie",69,45,304,251,8,19,0,0,"Ovi_Lana",NA,NA,NA,0,0,0,8,3,48,14,0.02096,0.38577
347.150245983165,502.852835917483,"control","P1326","Monoespecie",0,0,0,0,36,114,0,0,"Mixtos",NA,NA,NA,0,0,0,3,5,12,38,0.02521,0.12728
348.080509122693,504.322473980589,"control","P1327","Multiespecie",50,22,9,10,23,113,2179,0,"Mixtos",NA,NA,NA,0,0,0,4,2,14,10,0.03483,0.28948
345.466910204876,503.359071737162,"control","P1328","Multiespecie",12,9,38,26,6,27,0,2,"Ovi_Mixto",NA,NA,2001-03-27,0,0,0,3,7,8,29,0.00582,0.27561
344.566889382978,505.202071114166,"control","P1329","Multiespecie",49,27,6,5,53,131,0,0,"Mixtos",NA,NA,NA,0,0,0,5,3,33,9,0.03378,0.12279
359.226897733361,495.403690215739,"control","P1330","Monoespecie",0,0,959,1026,0,0,68,5,"Ovi_Carne",NA,NA,NA,0,0,0,2,4,5,12,0.00153,0.1279
359.222238281768,496.673177150452,"control","P1331","Monoespecie",0,0,398,469,0,0,523,0,"Ovi_Carne",NA,NA,NA,0,0,0,4,2,26,17,0.02334,0.25963
358.042087657746,495.136356527257,"control","P1332","Multiespecie",216,169,143,166,5,16,0,0,"Bov_Carne",NA,NA,NA,0,0,0,8,3,52,19,0.03459,0.325
358.611489140899,496.37664204901,"control","P1333","Monoespecie",0,0,761,855,0,0,0,0,"Ovi_Carne",NA,NA,NA,0,0,0,3,1,9,4,0.01902,0.29816
356.672173220429,494.184811615977,"control","P1334","Multiespecie",125,55,281,322,1,4,0,0,"Ovi_Carne",NA,NA,NA,0,0,0,4,3,20,28,0.00751,0.38706
357.839618519837,494.279540752461,"control","P1335","Multiespecie",16,8,1733,1280,9,24,0,0,"Ovi_Lana",NA,NA,NA,0,0,0,7,6,22,30,0.04439,0.24638
357.961830616144,496.334922681461,"control","P1336","Multiespecie",27,17,20,21,102,248,0,0,"Mixtos",NA,NA,NA,0,0,0,1,2,7,9,0.04032,0.34399
350.204386624996,499.673313962031,"control","P1337","Multiespecie",74,47,13,13,7,21,136,1,"Bov_Mixto",NA,NA,NA,0,0,0,4,2,9,10,0.01167,0.21524
350.157399631721,503.051063399535,"control","P1338","Monoespecie",0,0,0,0,47,137,0,6,"Mixtos",NA,NA,NA,0,0,0,5,2,12,11,0.01987,0.29028
347.378637846626,505.557465104627,"control","P1339","Multiespecie",9,5,37,34,873,2990,0,3,"Mixtos",NA,NA,NA,0,0,0,6,1,46,8,0.00314,0.39559
353.151451721754,500.246517073333,"control","P1340","Monoespecie",28,16,0,0,0,0,0,0,"Bov_Carne",NA,NA,NA,0,0,0,2,1,7,7,0.02216,0.27554
352.339986965234,500.719977012867,"control","P1341","Multiespecie",23,18,1827,1856,4,13,0,0,"Ovi_Mixto",NA,NA,NA,0,0,0,20,2,123,4,0.04048,0.24306
348.262476672172,504.867995309939,"control","P1342","Multiespecie",21,16,48,57,7,21,0,3,"Ovi_Mixto",NA,NA,NA,0,0,0,4,2,20,8,0.00428,0.13787
350.561081199605,488.073593602145,"control","P1343","Multiespecie",71,41,21,20,7,25,0,5,"Bov_Carne",NA,NA,NA,0,0,0,5,1,16,7,0.02768,0.1541
352.49832381436,492.320491812593,"control","P1344","Multiespecie",150,91,35,34,43,100,1192,0,"Bov_Carne",NA,NA,NA,0,0,0,1,8,3,33,0.02369,0.13902
352.385047539141,489.740972118333,"control","P1345","Multiespecie",41,21,60,40,4,12,340,2,"Ovi_Mixto",NA,NA,NA,0,0,0,2,8,5,40,0.03775,0.2182
351.178680764962,489.451628758374,"control","P1346","Monoespecie",0,0,167,179,0,0,0,5,"Ovi_Lana",NA,NA,NA,0,0,0,5,2,33,18,0.00697,0.19931
345.160089267751,495.717053350173,"control","P1347","Multiespecie",66,36,14,12,5,11,0,4,"Bov_Carne",NA,NA,NA,0,0,0,8,3,62,30,0.02989,0.11481
347.435596026305,497.280021464421,"control","P1348","Multiespecie",33,22,9,6,4,19,154,0,"Bov_Leche",NA,NA,NA,0,0,0,2,2,13,11,0.0061,0.25983
344.671236234148,499.518726049905,"control","P1349","Multiespecie",301,121,789,818,8,17,0,3,"Ovi_Mixto",NA,NA,NA,0,0,0,13,7,49,51,0.00562,0.39843
345.737971134898,498.513569678583,"control","P1350","Multiespecie",44,31,953,803,7,18,92,0,"Ovi_Carne",NA,NA,2001-03-15,0,0,0,7,2,45,16,0.03317,0.15626
347.777660074297,498.690759469033,"control","P1351","Monoespecie",0,0,113,100,0,0,0,2,"Ovi_Lana",NA,NA,2001-03-18,0,0,0,9,4,33,27,0.0272,0.16126
344.599902564881,497.992892467637,"control","P1352","Multiespecie",177,81,301,342,40,90,0,0,"Ovi_Carne",NA,NA,NA,0,0,0,3,5,22,43,0.04496,0.13239
345.257909626977,497.982412391357,"control","P1353","Multiespecie",3,2,140,127,1,4,0,0,"Ovi_Carne",NA,NA,NA,0,0,0,6,2,43,7,0.01203,0.29944
355.867409550582,489.830351794442,"control","P1354","Monoespecie",0,0,80,68,0,0,0,0,"Ovi_Lana",NA,NA,NA,0,0,0,9,5,36,28,0.03347,0.3573
357.921684283856,493.128562662378,"control","P1355","Monoespecie",0,0,395,450,0,0,50,4,"Ovi_Carne",NA,NA,NA,0,0,0,3,3,20,18,0.03286,0.25615
356.393566446018,490.733242967544,"control","P1356","Multiespecie",19,15,214,250,10,30,0,1,"Ovi_Carne",NA,NA,NA,0,0,0,3,4,20,24,0.04823,0.33891
353.658227501512,490.304379266788,"control","P1357","Multiespecie",28,21,605,573,49,219,662,8,"Ovi_Mixto",NA,NA,NA,0,0,0,3,2,6,4,0.04789,0.25286
356.315376881487,494.041413851926,"control","P1358","Multiespecie",405,200,156,177,2,9,251,2,"Bov_Mixto",NA,NA,NA,0,0,0,2,4,10,39,0.0302,0.25912
353.919106069336,491.319095958795,"control","P1359","Monoespecie",51,37,0,0,0,0,32,2,"Bov_Leche",NA,NA,2001-03-30,0,0,0,1,2,7,16,0.01287,0.2137
357.722433989427,492.871693074162,"control","P1360","Multiespecie",24,18,53,54,57,183,0,0,"Mixtos",NA,NA,NA,0,0,0,3,5,20,16,0.01719,0.24628
354.661002812376,491.880273199129,"control","P1361","Monoespecie",0,0,331,335,0,0,0,3,"Ovi_Mixto",NA,NA,NA,0,0,0,1,1,7,3,0.01544,0.18747
355.365395165332,491.094450515985,"control","P1362","Multiespecie",249,125,71,50,2,7,0,0,"Bov_Mixto",NA,NA,NA,0,0,0,4,2,25,12,0.01325,0.38724
353.728920244449,493.453945429971,"control","P1363","Multiespecie",13,5,44,48,10,37,0,0,"Ovi_Carne",NA,NA,NA,0,0,0,4,1,17,3,0.03901,0.32493
353.830236546628,489.95961205506,"control","P1364","Monoespecie",0,0,200,196,0,0,0,3,"Ovi_Carne",NA,NA,NA,0,0,0,2,4,8,11,0.02664,0.17781
356.672923579075,491.7482238416,"control","P1365","Multiespecie",73,50,164,176,1,2,86,1,"Ovi_Mixto",NA,NA,NA,0,0,0,1,2,3,8,0.01587,0.35232
356.104360348713,490.928659478609,"control","P1366","Multiespecie",68,44,156,176,29,93,0,1,"Ovi_Carne",NA,NA,NA,0,0,0,5,3,21,19,0.03734,0.17104
356.530476613939,491.196317473646,"control","P1367","Multiespecie",17,7,22,17,13,30,104,2,"Mixtos",NA,NA,NA,0,0,0,2,2,7,13,0.01968,0.29732
356.264667882755,492.067022509309,"control","P1368","Multiespecie",14,8,62,67,8,28,0,0,"Ovi_Mixto",NA,NA,NA,0,0,0,4,3,31,22,0.01811,0.2874
358.330739529085,488.411710893835,"control","P1369","Multiespecie",11,7,69,70,4,15,0,2,"Ovi_Mixto",NA,NA,NA,0,0,0,12,2,60,11,0.03672,0.2122
357.734892589765,489.931780664202,"control","P1370","Monoespecie",45,33,0,0,0,0,0,0,"Bov_Leche",NA,NA,NA,0,0,0,2,2,5,6,0.013,0.23148
357.241236623228,489.308828891365,"control","P1371","Monoespecie",0,0,68,67,0,0,642,0,"Ovi_Carne",NA,NA,NA,0,0,0,4,2,17,12,0.02327,0.37101
358.522913691189,489.874761970753,"control","P1372","Monoespecie",27,12,0,0,0,0,0,0,"Bov_Leche",NA,NA,2001-04-09,0,0,0,3,4,21,37,0.04394,0.1163
356.777173344497,488.046420060482,"control","P1373","Multiespecie",9,4,184,160,24,115,80,0,"Ovi_Lana",NA,NA,NA,0,0,0,3,8,7,51,0.0414,0.17451
356.213214975023,488.625832843109,"control","P1374","Multiespecie",7,5,76,91,4,14,408,0,"Ovi_Carne",NA,NA,2001-03-11,0,0,0,4,1,9,3,0.01281,0.29939
357.263399788751,490.074541537513,"control","P1375","Multiespecie",105,80,24,28,4,19,6,3,"Bov_Leche",NA,NA,NA,0,0,0,7,2,49,13,0.01804,0.36186
356.471982102484,488.93375705675,"control","P1376","Multiespecie",32,18,368,415,5,25,0,0,"Ovi_Mixto",NA,NA,NA,0,0,0,11,7,30,21,0.00366,0.35171
354.399486851078,488.220615511476,"control","P1377","Multiespecie",37,24,69,61,89,221,0,0,"Mixtos",NA,NA,NA,0,0,0,4,3,10,8,0.03477,0.28936
356.097935399095,486.998830654977,"control","P1378","Monoespecie",0,0,113,95,0,0,196,0,"Ovi_Mixto",NA,NA,NA,0,0,0,8,6,29,18,0.01256,0.29584
347.951278688484,500.429405659708,"control","P1379","Monoespecie",0,0,430,458,0,0,0,4,"Ovi_Mixto",NA,NA,NA,0,0,0,2,3,13,20,0.02312,0.31923
347.382600522962,499.289621991114,"control","P1380","Multiespecie",13,5,257,246,9,23,0,0,"Ovi_Lana",NA,NA,NA,0,0,0,3,3,14,20,0.02264,0.17148
349.267923664354,498.523729337341,"control","P1381","Monoespecie",0,0,15,11,0,0,1033,0,"Ovi_Lana",NA,NA,NA,0,0,0,2,3,14,19,0.02107,0.13863
346.198597398999,501.741947204039,"control","P1382","Multiespecie",7,4,64,72,7,25,0,3,"Ovi_Carne",NA,NA,NA,0,0,0,2,3,13,14,0.03147,0.25339
347.726164419074,499.28377048674,"control","P1383","Multiespecie",12,8,220,217,1,3,0,0,"Ovi_Carne",NA,NA,NA,0,0,0,1,5,7,28,0.01878,0.31176
348.627579760099,498.864571468883,"control","P1384","Monoespecie",0,0,70,82,0,0,169,0,"Ovi_Lana",NA,NA,NA,0,0,0,4,2,32,8,0.02061,0.15007
347.796870679356,499.933853352936,"control","P1385","Multiespecie",45,31,1062,723,94,271,0,0,"Ovi_Lana",NA,NA,NA,0,0,0,7,4,51,13,0.04457,0.25725
345.797104826334,503.648622888882,"control","P1386","Multiespecie",12,8,10,10,54,249,9,0,"Mixtos",NA,NA,NA,0,0,0,3,2,14,10,0.03147,0.26853
346.751488289905,499.600250125576,"control","P1387","Multiespecie",148,107,48,40,5,22,0,4,"Bov_Leche",NA,NA,NA,0,0,0,5,3,22,25,0.041,0.35356
346.731623489949,499.634990028855,"control","P1388","Multiespecie",49,29,6,6,11,40,0,0,"Bov_Carne",NA,NA,NA,0,0,0,2,6,13,31,0.01311,0.20938
352.393740215396,495.060593537047,"control","P1389","Monoespecie",0,0,1269,776,0,0,0,0,"Ovi_Carne",NA,NA,2001-03-07,0,0,0,1,5,5,44,0.03989,0.18224
353.804228522916,493.307488989839,"control","P1390","Multiespecie",72,45,14,9,2,8,0,2,"Bov_Carne",NA,NA,NA,0,0,0,1,3,5,27,0.01398,0.18523
351.332738681339,497.286061640984,"control","P1391","Multiespecie",30,13,81,63,11,32,0,0,"Ovi_Mixto",NA,NA,NA,0,0,0,5,10,32,99,0.03837,0.21224
354.072519739274,496.075888081706,"control","P1392","Monoespecie",87,42,0,0,0,0,312,0,"Bov_Leche",NA,NA,NA,0,0,0,4,3,15,9,0.01005,0.15364
349.776162936869,495.895967563853,"control","P1393","Monoespecie",0,0,120,95,0,0,0,0,"Ovi_Mixto",NA,NA,NA,0,0,0,5,4,12,21,0.0323,0.26953
350.432656874033,493.766749336226,"control","P1394","Multiespecie",54,42,32,19,983,3915,0,0,"Mixtos",NA,NA,NA,0,0,0,2,4,11,30,0.00868,0.38722
349.748104193695,493.76336435823,"control","P1395","Monoespecie",123,59,0,0,0,0,0,0,"Bov_Carne",NA,NA,NA,0,0,0,4,1,31,7,0.045,0.1937
348.713154894985,497.225831502102,"control","P1396","Monoespecie",156,79,0,0,0,0,0,3,"Bov_Carne",NA,NA,NA,0,0,0,3,2,13,16,0.03862,0.17426
348.33657095387,497.358496294336,"control","P1397","Monoespecie",0,0,0,0,51,156,0,0,"Mixtos",NA,NA,NA,0,0,0,2,4,15,26,0.01684,0.3852
347.907700825225,496.440541028335,"control","P1398","Monoespecie",0,0,210,146,0,0,758,0,"Ovi_Lana",NA,NA,NA,0,0,0,2,2,7,8,0.01654,0.11194
349.389066383575,495.831907543917,"control","P1399","Multiespecie",53,37,379,305,3,8,0,3,"Ovi_Carne",NA,NA,NA,0,0,0,9,2,63,4,0.0271,0.17682
350.732662900745,497.042483696722,"control","P1400","Multiespecie",18,14,92,77,10,34,0,4,"Ovi_Mixto",NA,NA,NA,0,0,0,11,1,78,8,0.04411,0.11179
349.545751654004,496.929055003792,"control","P1401","Monoespecie",0,0,0,0,207,511,0,2,"Mixtos",NA,NA,NA,0,0,0,2,2,7,14,0.00278,0.2025
350.351575066837,496.333282742134,"control","P1402","Monoespecie",0,0,121,74,0,0,0,0,"Ovi_Carne",NA,NA,NA,0,0,0,11,2,66,9,0.00062,0.21847
349.075146970315,498.635534321661,"control","P1403","Multiespecie",12,7,651,725,9,24,0,5,"Ovi_Mixto",NA,NA,NA,0,0,0,2,4,7,34,0.0302,0.10201
351.802212517661,498.592485236377,"control","P1404","Multiespecie",25,17,149,156,18,58,0,0,"Ovi_Carne",NA,NA,2001-03-27,0,0,0,3,2,18,8,0.02626,0.39303
350.751566399053,498.455567549977,"control","P1405","Monoespecie",0,0,277,258,0,0,19,0,"Ovi_Carne",NA,NA,NA,0,0,0,4,1,28,2,0.00585,0.14425
350.816039805303,500.371707544917,"control","P1406","Multiespecie",103,64,256,246,39,129,0,0,"Ovi_Carne",NA,NA,NA,0,0,0,3,1,17,4,0.00233,0.18668
350.680910916607,499.569722745149,"control","P1407","Multiespecie",89,41,15,12,209,572,0,2,"Mixtos",NA,NA,NA,0,0,0,4,1,12,3,0.00225,0.12067
347.858745632192,491.256925779493,"control","P1408","Multiespecie",126,63,44,47,48,216,16,0,"Mixtos",NA,NA,NA,0,0,0,6,3,21,9,0.02026,0.36001
345.791211533834,492.444122545718,"control","P1409","Monoespecie",0,0,248,154,0,0,0,0,"Ovi_Lana",NA,NA,NA,0,0,0,3,2,20,19,0.04058,0.30265
348.837345574503,491.863796020382,"control","P1410","Multiespecie",46,20,206,142,227,627,0,0,"Mixtos",NA,NA,NA,0,0,0,7,5,43,11,0.01692,0.25366
345.6175144717,494.504777411116,"control","P1411","Multiespecie",34,26,271,292,3,8,0,0,"Ovi_Lana",NA,NA,NA,0,0,0,8,1,28,9,0.00684,0.2442
346.640759231434,491.688144888315,"control","P1412","Monoespecie",0,0,158,134,0,0,0,4,"Ovi_Lana",NA,NA,NA,0,0,0,4,7,21,35,0.02404,0.23673
348.920121037535,494.799002708861,"control","P1413","Monoespecie",0,0,54,49,0,0,78,5,"Ovi_Carne",NA,NA,NA,0,0,0,7,2,36,17,0.0487,0.33826
346.207999859076,495.191826026847,"control","P1414","Monoespecie",0,0,634,410,0,0,320,0,"Ovi_Lana",NA,NA,NA,0,0,0,6,2,17,18,0.01131,0.11709
349.011594828611,494.17081376199,"control","P1415","Monoespecie",0,0,2725,2477,0,0,5,0,"Ovi_Mixto",NA,NA,2001-03-09,0,0,0,2,7,9,63,0.04369,0.27548
348.338736231081,493.677583489932,"control","P1416","Multiespecie",119,77,238,201,45,170,0,0,"Ovi_Lana",NA,NA,NA,0,0,0,5,8,17,67,0.03174,0.11215
345.424051956916,490.553871673043,"control","P1417","Multiespecie",70,45,20,23,6,15,642,0,"Bov_Leche",NA,NA,NA,0,0,0,2,4,10,21,0.01085,0.14706
345.645604167899,491.840798090269,"control","P1418","Monoespecie",0,0,471,289,0,0,0,0,"Ovi_Carne",NA,NA,NA,0,0,0,2,6,4,60,0.01647,0.36287
348.389454654956,490.545169891114,"control","P1419","Multiespecie",29,21,864,893,9,25,0,0,"Ovi_Lana",NA,NA,NA,0,0,0,4,4,18,19,0.01332,0.23534
347.545575029286,491.96200178114,"control","P1420","Multiespecie",8,5,220,222,16,33,98,3,"Ovi_Lana",NA,NA,NA,0,0,0,1,4,7,26,0.02329,0.10243
346.718097246624,492.973260280698,"control","P1421","Monoespecie",0,0,750,804,0,0,213,0,"Ovi_Mixto",NA,NA,NA,0,0,0,2,3,15,8,0.0262,0.17955
348.815452275547,492.230801605969,"control","P1422","Multiespecie",22,17,385,246,0,0,153,0,"Ovi_Carne",NA,NA,NA,0,0,0,6,4,18,32,0.03564,0.20139
347.474131326842,490.411787148301,"control","P1423","Multiespecie",21,14,56,53,7,31,0,0,"Ovi_Lana",NA,NA,NA,0,0,0,5,2,17,19,0.01308,0.23954
346.534872569197,492.439846068572,"control","P1424","Multiespecie",23,17,125,109,45,136,0,4,"Ovi_Carne",NA,NA,NA,0,0,0,7,4,24,23,0.02032,0.27577
348.463787662489,491.622269878566,"control","P1425","Multiespecie",23,15,229,171,116,497,20,0,"Mixtos",NA,NA,NA,0,0,0,1,3,6,15,0.04844,0.38388
346.289555014575,490.395466662483,"control","P1426","Multiespecie",23,10,24,27,2,5,0,0,"Ovi_Lana",NA,NA,NA,0,0,0,2,2,13,6,0.03921,0.22563
357.785115102219,496.8224852323,"control","P1427","Monoespecie",0,0,0,0,9,27,155,0,"Mixtos",NA,NA,NA,0,0,0,5,2,35,10,0.0134,0.26555
354.343515009988,497.602740775068,"control","P1428","Monoespecie",107,53,0,0,0,0,0,4,"Bov_Carne",NA,NA,NA,0,0,0,2,6,8,24,0.02229,0.28834
356.238885697811,498.04707336173,"control","P1429","Multiespecie",19,10,56,50,5,12,0,1,"Ovi_Mixto",NA,NA,NA,0,0,0,3,7,19,38,0.03728,0.26192
356.969992129582,497.509596579424,"control","P1430","Monoespecie",0,0,0,0,816,2435,2563,3,"Mixtos",NA,NA,NA,0,0,0,15,2,48,18,0.04977,0.11345
356.654285230748,499.496868354589,"control","P1431","Multiespecie",13,8,136,146,38,121,0,0,"Ovi_Carne",NA,NA,NA,0,0,0,5,2,13,10,0.02965,0.25403
357.30986905759,498.638245430195,"control","P1432","Monoespecie",0,0,0,0,207,527,0,0,"Mixtos",NA,NA,NA,0,0,0,2,5,4,24,0.0483,0.39895
358.081135968745,497.687185637984,"control","P1433","Multiespecie",42,29,57,64,13,40,0,2,"Ovi_Carne",NA,NA,NA,0,0,0,2,2,7,7,0.00501,0.29862
353.310841635642,496.413538649397,"control","P1434","Multiespecie",68,38,179,188,31,152,0,0,"Ovi_Carne",NA,NA,NA,0,0,0,4,8,26,74,0.02608,0.39065
356.281638178282,498.923682565236,"control","P1435","Monoespecie",0,0,123,124,0,0,0,4,"Ovi_Carne",NA,NA,NA,0,0,0,2,3,11,24,0.02352,0.31513
356.4519588952,496.66073694579,"control","P1436","Monoespecie",149,102,0,0,0,0,372,8,"Bov_Mixto",NA,NA,NA,0,0,0,2,4,14,29,0.02087,0.22013
354.778339183772,495.605615403313,"control","P1437","Multiespecie",56,34,317,259,4,8,100,2,"Ovi_Carne",NA,NA,NA,0,0,0,7,2,26,11,0.03276,0.25935
354.594550339452,498.855559476726,"control","P1438","Multiespecie",5,2,786,582,7,29,0,1,"Ovi_Carne",NA,NA,NA,0,0,0,4,1,14,4,0.00425,0.23688
352.959463416969,498.124065268371,"control","P1439","Monoespecie",108,63,0,0,0,0,537,5,"Bov_Leche",NA,NA,NA,0,0,0,3,2,10,11,0.00299,0.2334
355.495525342874,499.63804375495,"control","P1440","Monoespecie",270,148,0,0,0,0,0,3,"Bov_Carne",NA,NA,NA,0,0,0,4,7,28,46,0.00564,0.22686
351.370600516484,499.746176590219,"control","P1441","Monoespecie",0,0,287,204,0,0,0,0,"Ovi_Mixto",NA,NA,2001-03-12,0,0,0,1,3,4,29,0.00778,0.25036
354.55153432141,499.101605526545,"control","P1442","Monoespecie",0,0,0,0,53,140,0,2,"Mixtos",NA,NA,NA,0,0,0,4,7,13,67,0.03185,0.37288
352.755355077393,499.092146380501,"control","P1443","Multiespecie",35,22,102,95,1,5,0,2,"Ovi_Lana",NA,NA,NA,0,0,0,1,2,5,7,0.01955,0.10083
353.681596550907,499.508120407109,"control","P1444","Multiespecie",42,24,79,71,16,59,0,0,"Ovi_Lana",NA,NA,NA,0,0,0,2,6,12,18,0.01068,0.20173
354.667436818507,498.611808113353,"control","P1445","Monoespecie",0,0,490,523,0,0,0,1,"Ovi_Lana",NA,NA,NA,0,0,0,3,1,7,4,0.0148,0.18385
352.536046866091,498.308502814065,"control","P1446","Monoespecie",0,0,25,15,0,0,0,1,"Ovi_Carne",NA,NA,NA,0,0,0,5,2,27,18,0.04776,0.32562
351.798757493773,499.629540611347,"control","P1447","Monoespecie",0,0,561,619,0,0,0,4,"Ovi_Lana",NA,NA,NA,0,0,0,3,5,16,24,0.02545,0.20012
353.311215880759,500.365592761731,"control","P1448","Multiespecie",59,33,824,956,83,286,6,0,"Ovi_Carne",NA,NA,NA,0,0,0,6,4,16,39,0.00458,0.26912
353.1094397825,498.586327685867,"control","P1449","Monoespecie",0,0,102,108,0,0,0,3,"Ovi_Carne",NA,NA,2001-03-24,0,0,0,4,2,17,15,0.00968,0.31624
352.839872176649,497.687087680141,"control","P1450","Multiespecie",45,36,47,34,23,95,0,0,"Mixtos",NA,NA,NA,0,0,0,1,4,3,25,0.0173,0.30293
351.221940462587,499.635010405905,"control","P1451","Multiespecie",43,25,620,439,35,149,0,0,"Ovi_Lana",NA,NA,2001-04-02,0,0,0,5,7,13,22,0.02619,0.12482
355.58892242958,501.068688819336,"control","P1452","Multiespecie",31,17,481,291,1,2,2122,0,"Ovi_Mixto",NA,NA,2001-03-27,0,0,0,4,4,28,10,0.03616,0.27995
352.96772762024,499.949012182889,"control","P1453","Multiespecie",41,18,67,78,14,48,2370,0,"Ovi_Carne",NA,NA,NA,0,0,0,6,1,19,5,0.0434,0.21383
361.985887649433,494.354498673633,"control","P1454","Monoespecie",0,0,111,85,0,0,2,0,"Ovi_Carne",NA,NA,NA,0,0,0,2,6,4,51,0.02885,0.10322
361.423258649248,495.476875518893,"control","P1455","Multiespecie",99,60,169,125,6,14,0,1,"Ovi_Mixto",NA,NA,NA,0,0,0,7,1,30,7,0.02095,0.25486
360.608279620771,494.767455201285,"control","P1456","Multiespecie",11,8,39,33,3,7,0,0,"Ovi_Lana",NA,NA,NA,0,0,0,4,3,11,12,0.03965,0.19208
361.470506350711,497.151784414452,"control","P1457","Multiespecie",74,47,30,27,1,4,48,0,"Bov_Mixto",NA,NA,NA,0,0,0,2,2,6,15,0.03663,0.33147
362.85325529053,494.918811076331,"control","P1458","Multiespecie",11,6,128,152,495,1278,191,0,"Mixtos",NA,NA,NA,0,0,0,3,6,19,43,0.02322,0.10995
361.431856117553,496.420221599083,"control","P1459","Multiespecie",21,16,133,105,20,75,0,2,"Ovi_Carne",NA,NA,NA,0,0,0,3,2,20,12,0.02522,0.14912
363.165120048457,493.507305441371,"control","P1460","Monoespecie",94,50,0,0,0,0,399,0,"Bov_Leche",NA,NA,NA,0,0,0,7,2,26,9,0.03314,0.12342
362.982285546796,492.909609398583,"control","P1461","Multiespecie",41,24,56,66,40,167,0,0,"Mixtos",NA,NA,NA,0,0,0,5,2,28,12,0.00911,0.30541
363.404795369538,492.46327271558,"control","P1462","Multiespecie",93,73,44,35,51,107,0,0,"Bov_Carne",NA,NA,NA,0,0,0,3,1,10,3,0.01509,0.32487
360.781318872371,487.044572866661,"control","P1463","Monoespecie",0,0,102,97,0,0,0,0,"Ovi_Carne",NA,NA,NA,0,0,0,3,6,8,19,0.0221,0.35517
362.21905043635,491.332369926138,"control","P1464","Multiespecie",34,16,31,23,7,34,75,6,"Ovi_Lana",NA,NA,NA,0,0,0,2,1,11,8,0.01776,0.37966
363.22723101684,489.149485255649,"control","P1465","Monoespecie",0,0,28,31,0,0,0,0,"Ovi_Lana",NA,NA,NA,0,0,0,1,2,5,15,0.04934,0.34596
361.011900007176,490.118734328822,"control","P1466","Multiespecie",38,28,68,66,134,351,0,5,"Mixtos",NA,NA,NA,0,0,0,2,8,8,44,0.0316,0.29603
360.427058505281,488.838799601985,"control","P1467","Monoespecie",0,0,0,0,49,102,0,0,"Mixtos",NA,NA,NA,0,0,0,4,2,20,17,0.01484,0.39729
361.090497091145,490.516235053138,"control","P1468","Multiespecie",141,61,115,117,53,146,587,0,"Ovi_Lana",NA,NA,NA,0,0,0,1,3,2,26,0.00405,0.23562
361.545466785897,490.270272623408,"control","P1469","Monoespecie",403,163,0,0,0,0,0,0,"Bov_Leche",NA,NA,NA,0,0,0,1,9,6,83,0.04142,0.16023
363.096944330138,490.317063044607,"control","P1470","Monoespecie",0,0,0,0,59,172,0,0,"Mixtos",NA,NA,NA,0,0,0,7,2,28,6,0.03937,0.10156
361.871914335794,492.075345747584,"control","P1471","Multiespecie",16,7,16,10,1,4,0,0,"Ovi_Mixto",NA,NA,NA,0,0,0,4,2,16,17,0.04447,0.27875
358.045506499273,488.712486703353,"control","P1472","Multiespecie",39,28,83,75,2,7,0,2,"Ovi_Mixto",NA,NA,NA,0,0,0,1,3,8,21,0.00212,0.11582
359.841386478876,489.455284268903,"control","P1473","Multiespecie",10,4,74,65,5,23,3185,0,"Ovi_Carne",NA,NA,NA,0,0,0,3,3,16,27,0.01062,0.18466
360.338627519036,487.828785466711,"control","P1474","Multiespecie",39,21,92,83,4,9,0,0,"Ovi_Carne",NA,NA,NA,0,0,0,2,6,6,57,0.04185,0.2207
362.317420290008,483.512980520445,"control","P1475","Monoespecie",0,0,309,279,0,0,0,0,"Ovi_Lana",NA,NA,NA,0,0,0,7,1,48,4,0.04077,0.22082
364.181009025424,485.730840897988,"control","P1476","Multiespecie",65,36,21,16,40,142,0,4,"Mixtos",NA,NA,2001-03-30,0,0,0,3,5,21,26,0.04658,0.11929
362.443195756044,486.685291723562,"control","P1477","Multiespecie",28,20,208,205,12,29,0,0,"Ovi_Carne",NA,NA,NA,0,0,0,8,2,59,6,0.04716,0.17124
361.827428237449,486.915371691528,"control","P1478","Multiespecie",47,32,93,98,5,13,0,0,"Ovi_Mixto",NA,NA,2001-04-10,0,0,0,8,2,55,7,0.03854,0.14206
361.910108885634,484.415380520605,"control","P1479","Monoespecie",0,0,272,187,0,0,0,1,"Ovi_Mixto",NA,NA,NA,0,0,0,9,2,51,17,0.00703,0.12003
361.631497605528,485.338575259916,"control","P1480","Multiespecie",27,17,41,36,401,831,1028,0,"Mixtos",NA,NA,NA,0,0,0,5,1,38,8,0.01332,0.15802
364.445258941488,486.181498957391,"control","P1481","Monoespecie",0,0,182,205,0,0,736,0,"Ovi_Mixto",NA,NA,NA,0,0,0,3,10,17,36,0.01085,0.3203
363.774899439871,491.656930636689,"control","P1482","Multiespecie",73,44,116,106,152,560,139,0,"Mixtos",NA,NA,NA,0,0,0,8,3,36,26,0.03575,0.21914
362.862313839588,490.744058645867,"control","P1483","Monoespecie",0,0,624,508,0,0,0,5,"Ovi_Lana",NA,NA,2001-03-30,0,0,0,2,3,8,19,0.00979,0.32156
362.926759966721,488.032122922791,"control","P1484","Multiespecie",31,16,191,218,42,95,0,0,"Ovi_Lana",NA,NA,NA,0,0,0,5,2,28,19,0.03135,0.1035
362.402349955369,485.079383127438,"control","P1485","Multiespecie",5,2,79,61,20,43,0,1,"Ovi_Mixto",NA,NA,NA,0,0,0,5,3,23,27,0.01605,0.2073
361.355037146683,486.897749744946,"control","P1486","Monoespecie",0,0,348,250,0,0,0,0,"Ovi_Lana",NA,NA,NA,0,0,0,2,2,11,7,0.03297,0.29282
362.832875880211,485.39031772857,"control","P1487","Multiespecie",276,194,573,661,106,423,0,1,"Ovi_Lana",NA,NA,NA,0,0,0,12,2,42,5,0.04257,0.32355
350.551836185382,522.079811418649,"control","P1488","Monoespecie",0,0,325,323,0,0,0,1,"Ovi_Carne",NA,NA,NA,0,0,0,7,1,22,2,0.0015,0.1156
349.976120481561,523.308859512763,"control","P1489","Monoespecie",0,0,226,234,0,0,0,0,"Ovi_Lana",NA,NA,NA,0,0,0,2,2,7,13,0.04557,0.15117
349.726728807053,523.727125927729,"control","P1490","Multiespecie",118,67,51,48,28,108,0,4,"Bov_Carne",NA,NA,NA,0,0,0,4,9,16,58,0.03825,0.23893
349.698933600547,519.851153151263,"control","P1491","Multiespecie",78,54,85,52,3,8,0,1,"Ovi_Carne",NA,NA,NA,0,0,0,2,8,15,67,0.00959,0.16732
348.183708134895,520.775342605721,"control","P1492","Multiespecie",8,6,23,22,10,41,0,5,"Mixtos",NA,NA,NA,0,0,0,2,4,10,28,0.03364,0.3631
352.334079639368,522.227078134832,"control","P1493","Multiespecie",105,50,90,106,23,73,47,2,"Ovi_Mixto",NA,NA,NA,0,0,0,4,6,20,58,0.024,0.38977
351.467018067951,514.532386827713,"control","P1494","Multiespecie",40,25,328,253,3,8,23,0,"Ovi_Mixto",NA,NA,NA,0,0,0,3,1,17,9,0.04788,0.27161
350.748485424735,517.144712249408,"control","P1495","Multiespecie",11,7,79,67,6,17,0,0,"Ovi_Carne",NA,NA,NA,0,0,0,1,2,3,14,0.04613,0.34251
347.808228484957,518.900374593173,"control","P1496","Monoespecie",105,58,0,0,0,0,0,0,"Bov_Carne",NA,NA,NA,0,0,0,4,4,25,9,0.0254,0.11635
355.079023479196,518.717286356318,"control","P1497","Multiespecie",44,21,345,239,35,150,0,0,"Ovi_Carne",NA,NA,NA,0,0,0,10,2,39,20,0.00385,0.19597
350.582234686951,517.538909094091,"control","P1498","Monoespecie",0,0,178,153,0,0,0,7,"Ovi_Lana",NA,NA,NA,0,0,0,3,4,13,17,0.0284,0.36113
351.978863683508,518.999598567745,"control","P1499","Multiespecie",97,51,205,166,9,35,0,0,"Ovi_Mixto",NA,NA,NA,0,0,0,2,4,7,17,0.03049,0.28928
351.633117100986,518.328801254542,"control","P1500","Monoespecie",0,0,0,0,47,165,0,5,"Mixtos",NA,NA,NA,0,0,0,2,3,4,23,0.02795,0.12078
353.026647181137,517.138514853824,"control","P1501","Monoespecie",0,0,734,564,0,0,0,5,"Ovi_Carne",NA,NA,NA,0,0,0,2,2,10,10,0.04363,0.21098
350.157675820453,517.358630200783,"control","P1502","Multiespecie",31,18,57,44,30,98,40,0,"Mixtos",NA,NA,NA,0,0,0,2,2,7,20,0.03134,0.39371
351.951612708891,518.316385949187,"control","P1503","Multiespecie",12,9,434,328,7,20,0,3,"Ovi_Carne",NA,NA,NA,0,0,0,18,5,76,44,0.03231,0.35426
349.456788138064,516.091880040309,"control","P1504","Multiespecie",140,111,43,43,18,82,0,2,"Bov_Mixto",NA,NA,NA,0,0,0,5,4,23,9,0.03443,0.22928
351.679286008679,516.395881358057,"control","P1505","Monoespecie",200,123,0,0,0,0,15,2,"Bov_Carne",NA,NA,NA,0,0,0,5,1,28,8,0.04028,0.18953
350.423099037452,518.009627507866,"control","P1506","Multiespecie",10,6,323,366,168,572,0,2,"Mixtos",NA,NA,NA,0,0,0,5,2,36,9,0.01203,0.33139
350.879687256003,519.800751783188,"control","P1507","Multiespecie",31,21,99,116,17,51,0,0,"Ovi_Mixto",NA,NA,NA,0,0,0,4,5,29,30,0.00723,0.11181
350.286205214856,517.470560803012,"control","P1508","Multiespecie",26,16,698,604,24,90,0,0,"Ovi_Lana",NA,NA,NA,0,0,0,9,4,40,33,0.00312,0.21447
351.218079350084,519.066508597412,"control","P1509","Multiespecie",86,61,10,9,208,855,0,0,"Mixtos",NA,NA,NA,0,0,0,2,7,9,16,0.00162,0.24856
350.652016796247,525.191739792884,"control","P1510","Multiespecie",27,16,21,25,3,14,0,7,"Ovi_Carne",NA,NA,NA,0,0,0,4,1,14,4,0.01481,0.12883
344.830380742797,523.218323155618,"control","P1511","Multiespecie",41,20,139,101,3,7,36,1,"Ovi_Carne",NA,NA,NA,0,0,0,4,2,23,17,0.01689,0.37091
347.295516116197,525.324829300073,"control","P1512","Monoespecie",0,0,53,50,0,0,0,0,"Ovi_Carne",NA,NA,NA,0,0,0,7,4,31,32,0.00241,0.11038
349.768990024044,526.075617927222,"control","P1513","Monoespecie",0,0,10,11,0,0,23,0,"Ovi_Mixto",NA,NA,NA,0,0,0,3,1,13,3,0.01086,0.20705
348.138488707941,522.82593835431,"control","P1514","Multiespecie",17,13,110,96,54,194,36,0,"Mixtos",NA,NA,2001-03-12,0,0,0,9,2,57,19,0.00122,0.16567
346.576414887393,524.189785956913,"control","P1515","Monoespecie",0,0,174,159,0,0,0,0,"Ovi_Mixto",NA,NA,NA,0,0,0,4,2,23,9,0.02573,0.285
347.799478541035,523.29642265144,"control","P1516","Multiespecie",9,5,32,20,52,112,0,3,"Mixtos",NA,NA,NA,0,0,0,1,3,3,28,0.02415,0.22124
346.240712457686,524.786064364503,"control","P1517","Monoespecie",0,0,307,275,0,0,0,4,"Ovi_Carne",NA,NA,2001-04-14,0,0,0,7,2,18,5,0.00584,0.15572
346.145803556595,525.925696434992,"control","P1518","Multiespecie",10,7,217,200,11,53,24,0,"Ovi_Mixto",NA,NA,NA,0,0,0,2,1,10,5,0.01736,0.10905
364.808783267332,524.213056720926,"control","P1519","Monoespecie",0,0,1720,1335,0,0,0,0,"Ovi_Carne",NA,NA,NA,0,0,0,6,3,47,9,0.02727,0.29927
362.423962182173,522.625696604114,"control","P1520","Multiespecie",31,15,103,110,2,7,331,0,"Ovi_Lana",NA,NA,NA,0,0,0,3,2,12,10,0.00044,0.21317
363.113011929679,522.63064835583,"control","P1521","Multiespecie",32,18,81,61,4,20,0,0,"Ovi_Carne",NA,NA,NA,0,0,0,5,3,11,30,0.00398,0.34723
363.208724171289,524.479054562585,"control","P1522","Multiespecie",53,41,53,34,13,32,7,3,"Bov_Carne",NA,NA,2001-04-12,0,0,0,2,2,12,6,0.04891,0.21084
362.043018406321,525.153964084341,"control","P1523","Multiespecie",23,10,85,58,6,25,0,4,"Ovi_Mixto",NA,NA,NA,0,0,0,2,1,13,6,0.04111,0.12771
363.982545540917,522.532795831966,"control","P1524","Multiespecie",63,33,361,428,11,34,51,0,"Ovi_Mixto",NA,NA,NA,0,0,0,2,4,7,10,0.03465,0.33011
364.560210095751,523.418320195694,"control","P1525","Multiespecie",120,93,76,79,33,160,0,2,"Bov_Mixto",NA,NA,NA,0,0,0,3,6,16,56,0.01764,0.17456
361.143117580149,523.239890233108,"control","P1526","Monoespecie",0,0,46,53,0,0,0,0,"Ovi_Carne",NA,NA,NA,0,0,0,3,2,8,18,0.03786,0.19872
355.058742139797,528.653786810991,"control","P1527","Multiespecie",14,8,131,154,51,111,188,4,"Ovi_Mixto",NA,NA,NA,0,0,0,3,2,18,5,0.04428,0.19898
357.014379198492,529.015834808881,"control","P1528","Monoespecie",0,0,0,0,112,541,0,3,"Mixtos",NA,NA,2001-03-30,0,0,0,10,1,28,3,0.01039,0.12697
357.95212432764,527.714094459764,"control","P1529","Monoespecie",0,0,82,51,0,0,0,0,"Ovi_Lana",NA,NA,NA,0,0,0,7,1,31,7,0.03597,0.2832
361.413494869759,526.506674614581,"control","P1530","Monoespecie",0,0,0,0,49,234,0,0,"Mixtos",NA,NA,NA,0,0,0,3,6,23,31,0.02026,0.34669
360.48846174419,527.173382486081,"control","P1531","Monoespecie",0,0,75,87,0,0,0,0,"Ovi_Carne",NA,NA,2001-03-21,0,0,0,6,2,22,5,0.04329,0.27474
356.428310412492,525.725835242287,"control","P1532","Multiespecie",41,19,49,55,6,23,0,1,"Ovi_Carne",NA,NA,NA,0,0,0,1,2,4,18,0.0213,0.36281
359.360225273035,524.289087229616,"control","P1533","Multiespecie",8,5,24,15,5,11,0,0,"Ovi_Mixto",NA,NA,NA,0,0,0,2,4,5,31,0.00363,0.16778
358.054154861543,523.116379259243,"control","P1534","Multiespecie",13,7,116,73,16,74,0,3,"Ovi_Carne",NA,NA,2001-04-02,0,0,0,1,1,4,4,0.04879,0.23772
357.926110378613,525.300964335804,"control","P1535","Multiespecie",11,6,693,520,89,301,394,3,"Ovi_Mixto",NA,NA,NA,0,0,0,3,4,19,18,0.01291,0.23182
360.332312776322,524.131552500211,"control","P1536","Multiespecie",13,7,161,178,57,160,0,0,"Ovi_Carne",NA,NA,NA,0,0,0,9,4,47,37,0.01112,0.25418
359.197836024025,524.803970386043,"control","P1537","Monoespecie",0,0,0,0,180,828,0,3,"Mixtos",NA,NA,NA,0,0,0,15,2,78,9,0.04259,0.32219
359.007214694705,524.052081125523,"control","P1538","Multiespecie",23,15,22,18,18,71,43,4,"Mixtos",NA,NA,NA,0,0,0,4,3,29,27,0.01927,0.21238
358.402752459562,525.821229154094,"control","P1539","Monoespecie",0,0,96,112,0,0,0,4,"Ovi_Carne",NA,NA,NA,0,0,0,9,4,36,27,0.03848,0.24346
358.739925327611,522.943328572001,"control","P1540","Monoespecie",0,0,281,335,0,0,4,4,"Ovi_Lana",NA,NA,NA,0,0,0,4,3,11,6,0.03975,0.1959
363.448500194812,513.623737516875,"control","P1541","Monoespecie",0,0,51,44,0,0,0,2,"Ovi_Carne",NA,NA,2001-04-01,0,0,0,3,7,15,38,0.03687,0.33949
357.743166173629,516.039350806766,"control","P1542","Multiespecie",17,11,78,58,51,113,0,0,"Mixtos",NA,NA,NA,0,0,0,2,2,14,15,0.03975,0.36515
361.14111919933,517.168091371253,"control","P1543","Multiespecie",31,16,151,151,18,85,0,0,"Ovi_Carne",NA,NA,2001-03-16,0,0,0,4,3,17,8,0.02577,0.39215
362.145701144979,518.830450801444,"control","P1544","Monoespecie",0,0,0,0,290,692,0,0,"Mixtos",NA,NA,NA,0,0,0,7,5,18,46,0.0177,0.32722
362.29343490374,519.999496062894,"control","P1545","Multiespecie",13,7,7,7,376,1716,331,0,"Mixtos",NA,NA,NA,0,0,0,3,2,8,19,0.03258,0.32041
364.530417038754,515.981275447272,"control","P1546","Multiespecie",4,3,78,64,11,32,1016,0,"Ovi_Lana",NA,NA,2001-04-13,0,0,0,2,5,16,13,0.00612,0.2208
359.988348763055,517.498743379192,"control","P1547","Monoespecie",0,0,0,0,13,40,0,1,"Mixtos",NA,NA,2001-03-18,0,0,0,1,2,4,13,0.02775,0.19183
361.920810375913,515.908865916052,"control","P1548","Multiespecie",62,49,90,62,2,8,336,2,"Ovi_Lana",NA,NA,NA,0,0,0,3,3,22,29,0.03256,0.35838
354.629832814392,527.824110478676,"control","P1549","Multiespecie",23,12,576,563,3,9,0,0,"Ovi_Carne",NA,NA,NA,0,0,0,3,3,22,18,0.04924,0.3056
352.536782144237,525.580860897145,"control","P1550","Multiespecie",48,23,278,299,27,87,0,0,"Ovi_Lana",NA,NA,NA,0,0,0,2,2,13,4,0.02839,0.17983
354.753195469986,527.643421846509,"control","P1551","Monoespecie",0,0,203,161,0,0,8,3,"Ovi_Carne",NA,NA,NA,0,0,0,2,5,6,26,0.04011,0.31834
357.512209588755,523.171118292955,"control","P1552","Monoespecie",0,0,519,443,0,0,0,1,"Ovi_Mixto",NA,NA,NA,0,0,0,1,2,5,14,0.04015,0.3589
355.276827886259,520.642287441656,"control","P1553","Multiespecie",89,52,57,56,12,53,0,0,"Bov_Mixto",NA,NA,NA,0,0,0,6,2,16,4,0.00938,0.24109
356.292420141076,521.07839289964,"control","P1554","Multiespecie",14,10,60,54,16,54,0,3,"Ovi_Mixto",NA,NA,NA,0,0,0,4,3,9,21,0.0173,0.17432
363.03182274646,518.56933653824,"control","P1555","Monoespecie",131,91,0,0,0,0,0,0,"Bov_Leche",NA,NA,NA,0,0,0,7,2,51,15,0.0441,0.15309
366.106866242746,519.577248322009,"control","P1556","Monoespecie",0,0,224,164,0,0,630,0,"Ovi_Carne",NA,NA,NA,0,0,0,2,10,11,22,0.0245,0.35448
365.767543153818,520.380880495047,"control","P1557","Multiespecie",37,23,576,472,29,63,0,7,"Ovi_Carne",NA,NA,NA,0,0,0,8,9,29,47,0.03768,0.1705
362.201305258084,521.223051435359,"control","P1558","Monoespecie",0,0,68,79,0,0,9256,2,"Ovi_Carne",NA,NA,NA,0,0,0,13,2,101,12,0.01684,0.29435
364.345954071663,520.066234473957,"control","P1559","Multiespecie",41,21,7286,4380,21,71,39,0,"Ovi_Lana",NA,NA,NA,0,0,0,3,5,24,42,0.01601,0.27582
364.711742658236,520.77092576047,"control","P1560","Multiespecie",47,25,1518,1682,5,23,0,5,"Ovi_Lana",NA,NA,NA,0,0,0,3,3,12,21,0.01574,0.22679
362.841744201751,522.64344040172,"control","P1561","Monoespecie",0,0,0,0,75,332,0,0,"Mixtos",NA,NA,NA,0,0,0,3,8,16,42,0.01555,0.32009
362.040036748345,520.864231721918,"control","P1562","Multiespecie",48,32,58,59,52,163,0,1,"Mixtos",NA,NA,NA,0,0,0,4,8,9,21,0.03416,0.29565
362.528796960358,523.053901988472,"control","P1563","Multiespecie",10,7,96,95,1,4,0,3,"Ovi_Carne",NA,NA,NA,0,0,0,4,3,29,20,0.00321,0.27911
355.304965822191,520.204230146447,"control","P1564","Monoespecie",0,0,0,0,34,130,0,0,"Mixtos",NA,NA,NA,0,0,0,2,2,6,10,0.04604,0.28918
355.591328601414,520.133700486029,"control","P1565","Multiespecie",126,69,30,25,757,3454,18,4,"Mixtos",NA,NA,NA,0,0,0,2,1,10,5,0.03707,0.14749
355.395453434375,520.305729860518,"control","P1566","Multiespecie",55,41,618,641,81,237,0,2,"Ovi_Carne",NA,NA,2001-03-17,0,0,0,2,7,5,68,0.02121,0.38507
355.749734176451,527.063667828599,"control","P1567","Multiespecie",11,7,140,161,1,4,0,2,"Ovi_Carne",NA,NA,NA,0,0,0,4,18,12,67,0.02078,0.16618
354.527260757707,524.898246810913,"control","P1568","Multiespecie",18,7,168,158,4,9,0,2,"Ovi_Carne",NA,NA,NA,0,0,0,6,2,47,17,0.01455,0.24516
344.22756559279,519.35849770133,"control","P1569","Monoespecie",0,0,0,0,9,44,33,0,"Mixtos",NA,NA,NA,0,0,0,4,1,11,9,0.04296,0.30008
343.919964721043,521.115139259082,"control","P1570","Monoespecie",102,54,0,0,0,0,95,0,"Bov_Leche",NA,NA,NA,0,0,0,7,6,53,53,0.02003,0.25476
341.511206789224,516.360077747012,"control","P1571","Multiespecie",23,13,135,144,21,58,361,3,"Ovi_Mixto",NA,NA,NA,0,0,0,4,5,16,47,0.04889,0.13587
343.845159552432,518.050434107527,"control","P1572","Multiespecie",50,34,257,288,9,29,64,0,"Ovi_Carne",NA,NA,NA,0,0,0,3,4,6,28,0.03204,0.1088
342.691410678208,521.253207128331,"control","P1573","Monoespecie",0,0,363,406,0,0,0,1,"Ovi_Lana",NA,NA,NA,0,0,0,5,10,30,50,0.03818,0.16277
344.040908628852,519.930146999426,"control","P1574","Monoespecie",0,0,66,57,0,0,0,3,"Ovi_Carne",NA,NA,NA,0,0,0,3,2,12,20,0.03708,0.16591
361.916071386293,522.079710307976,"control","P1575","Monoespecie",0,0,86,85,0,0,0,0,"Ovi_Mixto",NA,NA,2001-03-31,0,0,0,3,5,22,28,0.03337,0.35484
358.645150300257,521.128211435236,"control","P1576","Multiespecie",39,30,20,21,254,805,18,3,"Mixtos",NA,NA,NA,0,0,0,2,6,14,18,0.02284,0.15108
362.706408845655,521.597868169743,"control","P1577","Multiespecie",21,11,20,18,3,15,0,0,"Ovi_Carne",NA,NA,NA,0,0,0,3,1,19,3,0.04209,0.27433
358.417431174595,523.195454017349,"control","P1578","Monoespecie",0,0,0,0,41,171,11,0,"Mixtos",NA,NA,NA,0,0,0,5,2,11,19,0.01114,0.34178
358.478395457682,524.49925411069,"control","P1579","Multiespecie",19,10,82,61,2,7,43,0,"Ovi_Carne",NA,NA,NA,0,0,0,3,3,17,21,0.01859,0.15371
358.813091164635,521.961491284927,"control","P1580","Monoespecie",0,0,354,283,0,0,0,3,"Ovi_Carne",NA,NA,NA,0,0,0,5,3,12,21,0.00058,0.3221
358.628496413538,521.501274211992,"control","P1581","Multiespecie",177,86,522,531,21,85,50,0,"Ovi_Mixto",NA,NA,NA,0,0,0,1,3,4,9,0.04231,0.26218
356.132246620761,519.852859493502,"control","P1582","Monoespecie",0,0,149,153,0,0,18,2,"Ovi_Lana",NA,NA,NA,0,0,0,4,1,27,5,0.0367,0.21386
357.327841052363,519.941441663048,"control","P1583","Monoespecie",0,0,508,520,0,0,0,3,"Ovi_Lana",NA,NA,NA,0,0,0,6,8,33,30,0.02017,0.15415
357.411522042055,520.222366534067,"control","P1584","Monoespecie",0,0,108,114,0,0,1008,5,"Ovi_Lana",NA,NA,2001-04-11,0,0,0,1,2,5,16,0.02866,0.18735
361.38677815147,508.7434117551,"control","P1585","Multiespecie",43,26,6,6,1,5,876,0,"Bov_Carne",NA,NA,NA,0,0,0,4,1,12,8,0.0179,0.13337
365.232082060968,510.551705257119,"control","P1586","Monoespecie",0,0,512,596,0,0,0,0,"Ovi_Carne",NA,NA,NA,0,0,0,7,4,36,19,0.02338,0.34117
361.857277063567,507.389622404819,"control","P1587","Monoespecie",0,0,0,0,87,387,3762,0,"Mixtos",NA,NA,NA,0,0,0,4,5,29,16,0.00988,0.11347
360.69675608693,508.284449476262,"control","P1588","Multiespecie",6,4,50,59,15,67,0,3,"Ovi_Lana",NA,NA,NA,0,0,0,9,4,18,40,0.01363,0.15774
363.207622604732,508.398669849062,"control","P1589","Multiespecie",78,48,14,15,10,38,72,0,"Bov_Carne",NA,NA,NA,0,0,0,5,1,29,9,0.01785,0.12038
362.743151374808,510.256209331671,"control","P1590","Multiespecie",21,8,232,191,4,13,0,2,"Ovi_Lana",NA,NA,NA,0,0,0,4,3,18,26,0.00831,0.29164
364.952945394686,505.470764649251,"control","P1591","Multiespecie",54,38,353,384,11,24,0,0,"Ovi_Mixto",NA,NA,NA,0,0,0,5,4,39,19,0.02715,0.14473
361.02360612466,506.724287512808,"control","P1592","Monoespecie",0,0,100,81,0,0,1723,0,"Ovi_Carne",NA,NA,NA,0,0,0,2,8,4,56,0.01234,0.27514
361.137224589887,506.609121978713,"control","P1593","Multiespecie",13,7,102,74,3,14,0,0,"Ovi_Mixto",NA,NA,NA,0,0,0,2,4,14,37,0.02155,0.2953
358.690928418782,507.062448379796,"control","P1594","Multiespecie",20,11,1765,1319,4,9,0,0,"Ovi_Carne",NA,NA,NA,0,0,0,1,3,4,7,0.00428,0.35875
359.563356448362,508.386588838816,"control","P1595","Multiespecie",16,7,6,5,61,291,0,0,"Mixtos",NA,NA,NA,0,0,0,4,2,15,14,0.01794,0.18907
363.094094731388,508.602666267794,"control","P1596","Monoespecie",0,0,0,0,75,363,156,0,"Mixtos",NA,NA,NA,0,0,0,2,6,7,24,0.03728,0.26261
359.925053156524,508.005151514163,"control","P1597","Monoespecie",0,0,96,106,0,0,172,0,"Ovi_Carne",NA,NA,NA,0,0,0,2,2,14,6,0.0472,0.29678
358.691467536525,510.166338734416,"control","P1598","Multiespecie",11,7,65,72,4,18,0,0,"Ovi_Carne",NA,NA,NA,0,0,0,2,10,10,27,0.00323,0.24052
364.300914935282,503.71434147262,"control","P1599","Monoespecie",0,0,67,57,0,0,66,3,"Ovi_Lana",NA,NA,NA,0,0,0,5,2,37,5,0.02867,0.28678
365.534163758747,505.694823014708,"control","P1600","Monoespecie",0,0,97,75,0,0,0,3,"Ovi_Mixto",NA,NA,NA,0,0,0,3,6,22,33,0.04733,0.27764
367.051193214182,503.783551290481,"control","P1601","Multiespecie",25,18,189,121,5,24,125,0,"Ovi_Mixto",NA,NA,NA,0,0,0,2,3,4,20,0.02866,0.38473
366.237119572333,502.325114511958,"control","P1602","Monoespecie",0,0,19,19,0,0,0,2,"Ovi_Mixto",NA,NA,NA,0,0,0,5,2,35,18,0.02515,0.14887
363.665568898365,504.202824732457,"control","P1603","Multiespecie",13,7,574,626,5,23,0,0,"Ovi_Carne",NA,NA,2001-03-20,0,0,0,1,3,5,16,0.03545,0.10701
363.194225314861,503.684776325978,"control","P1604","Multiespecie",61,47,242,257,1,4,0,2,"Ovi_Mixto",NA,NA,NA,0,0,0,5,3,35,29,0.03636,0.15546
365.042341638243,504.175615706779,"control","P1605","Multiespecie",28,21,22,14,2,6,0,3,"Bov_Leche",NA,NA,NA,0,0,0,2,8,14,60,0.01279,0.31233
365.212333010372,503.972973026013,"control","P1606","Monoespecie",83,66,0,0,0,0,401,2,"Bov_Mixto",NA,NA,NA,0,0,0,4,3,19,12,0.02897,0.22068
368.115866387718,505.914352691171,"control","P1607","Multiespecie",20,14,84,77,5,15,0,4,"Ovi_Lana",NA,NA,NA,0,0,0,5,5,24,35,0.01888,0.18689
365.094945379876,507.905055383903,"control","P1608","Multiespecie",28,22,36,41,29,131,4,0,"Mixtos",NA,NA,NA,0,0,0,10,2,34,19,0.03475,0.13797
363.45107521347,506.205819996694,"control","P1609","Monoespecie",0,0,0,0,20,53,0,2,"Mixtos",NA,NA,NA,0,0,0,4,5,12,30,0.02698,0.10269
363.817448168801,504.989685832146,"control","P1610","Multiespecie",104,61,17,19,9,27,12,5,"Bov_Leche",NA,NA,NA,0,0,0,4,3,27,16,0.02445,0.30356
365.60477828401,508.05754567098,"control","P1611","Multiespecie",33,20,202,161,7,15,62,0,"Ovi_Carne",NA,NA,NA,0,0,0,6,4,45,15,0.03623,0.34265
367.775021211321,507.744766721469,"control","P1612","Multiespecie",33,20,45,50,24,110,25,0,"Mixtos",NA,NA,NA,0,0,0,2,2,6,17,0.00602,0.11327
365.586750660737,506.528748919737,"control","P1613","Monoespecie",0,0,75,78,0,0,601,0,"Ovi_Mixto",NA,NA,NA,0,0,0,1,6,4,13,0.01936,0.21147
366.463519939254,505.460771983272,"control","P1614","Monoespecie",59,42,0,0,0,0,37,2,"Bov_Leche",NA,NA,NA,0,0,0,1,8,2,47,0.02854,0.26987
365.413228326851,506.851151676908,"control","P1615","Multiespecie",7,3,192,153,140,521,0,5,"Mixtos",NA,NA,NA,0,0,0,2,4,4,27,0.02949,0.12813
366.7501024735,506.387286713758,"control","P1616","Multiespecie",584,444,51,44,4,13,0,2,"Bov_Leche",NA,NA,NA,0,0,0,4,3,9,12,0.03286,0.33859
359.439807352979,507.65603656129,"control","P1617","Multiespecie",55,41,47,35,23,50,38,5,"Bov_Mixto",NA,NA,NA,0,0,0,7,2,47,8,0.03333,0.23534
366.629528619521,506.076975135024,"control","P1618","Monoespecie",0,0,0,0,27,128,470,1,"Mixtos",NA,NA,2001-04-12,0,0,0,6,2,42,11,0.04852,0.29506
365.127007072584,504.046639168586,"control","P1619","Monoespecie",0,0,62,72,0,0,825,1,"Ovi_Carne",NA,NA,NA,0,0,0,2,3,16,10,0.03376,0.30689
365.988521503333,508.5657137688,"control","P1620","Monoespecie",31,18,0,0,0,0,0,0,"Bov_Leche",NA,NA,NA,0,0,0,6,3,18,7,0.01741,0.36179
362.411721915714,506.953096418223,"control","P1621","Multiespecie",35,22,137,107,24,90,0,0,"Ovi_Lana",NA,NA,NA,0,0,0,6,4,20,9,0.01445,0.35977
357.602807233516,504.003333768342,"control","P1622","Multiespecie",40,17,548,599,70,311,0,4,"Ovi_Lana",NA,NA,NA,0,0,0,1,3,2,25,0.0211,0.31711
363.714156609168,507.063111093243,"control","P1623","Monoespecie",0,0,0,0,38,87,0,0,"Mixtos",NA,NA,2001-03-13,0,0,0,1,10,4,49,0.00784,0.11586
364.766484475467,504.633213565836,"control","P1624","Multiespecie",21,16,96,98,72,264,0,0,"Mixtos",NA,NA,NA,0,0,0,2,3,15,18,0.03948,0.24287
359.153860016718,506.208453231432,"control","P1625","Monoespecie",0,0,181,194,0,0,2367,1,"Ovi_Carne",NA,NA,NA,0,0,0,1,2,4,10,0.02688,0.1635
366.754636944634,507.972834211752,"control","P1626","Multiespecie",35,18,24,22,14,37,0,0,"Bov_Leche",NA,NA,NA,0,0,0,9,5,20,22,0.00568,0.13044
357.774031953459,503.655648041765,"control","P1627","Multiespecie",16,8,43,43,14,58,579,0,"Ovi_Carne",NA,NA,NA,0,0,0,5,7,27,29,0.04628,0.17402
338.448980428854,513.837749233132,"control","P1628","Multiespecie",26,11,680,603,5,13,0,2,"Ovi_Carne",NA,NA,NA,0,0,0,2,5,11,11,0.047,0.22365
337.999349208838,517.883181062472,"control","P1629","Monoespecie",0,0,47,54,0,0,13,2,"Ovi_Lana",NA,NA,2001-04-08,0,0,0,4,4,26,23,0.04219,0.12336
337.656504579382,515.960983920443,"control","P1630","Monoespecie",0,0,185,153,0,0,162,0,"Ovi_Lana",NA,NA,NA,0,0,0,9,1,53,3,0.03965,0.29489
339.507051988058,513.815265647487,"control","P1631","Multiespecie",16,7,125,88,34,161,0,0,"Ovi_Mixto",NA,NA,NA,0,0,0,6,4,35,17,0.01401,0.20799
337.70574316777,515.324780625997,"control","P1632","Monoespecie",85,62,0,0,0,0,0,0,"Bov_Carne",NA,NA,NA,0,0,0,2,4,4,32,0.00892,0.13945
338.713584564004,514.565722711754,"control","P1633","Monoespecie",0,0,144,152,0,0,0,0,"Ovi_Lana",NA,NA,NA,0,0,0,8,4,48,8,0.01309,0.31236
339.516842027716,513.997719261455,"control","P1634","Multiespecie",57,29,339,324,3,7,0,0,"Ovi_Lana",NA,NA,NA,0,0,0,6,1,35,5,0.0493,0.25799
340.445159933107,516.831769325752,"control","P1635","Multiespecie",60,35,205,178,9,37,0,0,"Ovi_Mixto",NA,NA,NA,0,0,0,2,4,9,39,0.00078,0.18739
339.736003244456,513.917305709811,"control","P1636","Multiespecie",107,66,32,34,6,16,0,6,"Bov_Leche",NA,NA,NA,0,0,0,5,4,39,30,0.02823,0.39312
337.68434257584,518.783704834805,"control","P1637","Multiespecie",71,44,57,41,2,5,0,3,"Bov_Leche",NA,NA,NA,0,0,0,4,5,8,32,0.0458,0.24676
355.592469995547,514.273803847249,"control","P1638","Monoespecie",0,0,23,14,0,0,468,4,"Ovi_Carne",NA,NA,NA,0,0,0,4,1,16,9,0.03871,0.36831
356.237656235378,514.549451766735,"control","P1639","Multiespecie",8,6,73,68,3,7,0,0,"Ovi_Carne",NA,NA,2001-03-26,0,0,0,6,2,16,6,0.03674,0.32804
356.685193374735,514.46911844503,"control","P1640","Monoespecie",0,0,35,35,0,0,0,4,"Ovi_Lana",NA,NA,NA,0,0,0,2,1,7,5,0.03212,0.1541
356.423289084803,515.96192664503,"control","P1641","Monoespecie",0,0,172,108,0,0,0,0,"Ovi_Lana",NA,NA,NA,0,0,0,5,4,37,18,0.04931,0.22436
358.120290503697,517.594536694443,"control","P1642","Multiespecie",57,25,33,23,7,27,25,5,"Bov_Mixto",NA,NA,NA,0,0,0,6,4,16,29,0.04432,0.20662
359.726996191306,518.753635529634,"control","P1643","Multiespecie",111,57,102,120,6,22,0,0,"Ovi_Mixto",NA,NA,NA,0,0,0,3,3,6,28,0.04947,0.23814
360.930470099566,520.369655011159,"control","P1644","Monoespecie",0,0,0,0,41,204,24221,7,"Mixtos",NA,NA,2001-03-19,0,0,0,4,2,19,10,0.02947,0.23648
361.524693730596,521.368324396422,"control","P1645","Multiespecie",12,7,30,20,11,44,0,0,"Mixtos",NA,NA,2001-04-15,0,0,0,1,5,6,16,0.02827,0.18533
350.321259504918,526.879174606718,"control","P1646","Monoespecie",0,0,30,35,0,0,0,5,"Ovi_Lana",NA,NA,NA,0,0,0,2,1,5,2,0.0293,0.18198
350.631184297032,524.077971569388,"control","P1647","Monoespecie",0,0,390,316,0,0,0,0,"Ovi_Mixto",NA,NA,NA,0,0,0,8,3,37,21,0.00326,0.33813
361.643864669216,505.30485800397,"control","P1648","Multiespecie",178,136,155,97,1,2,0,3,"Bov_Mixto",NA,NA,NA,0,0,0,2,3,5,10,0.00288,0.38222
364.909448252044,506.329582169019,"control","P1649","Multiespecie",14,8,19,14,6,13,0,0,"Ovi_Lana",NA,NA,2001-03-26,0,0,0,2,1,15,3,0.01899,0.18573
362.536030641264,498.858871716348,"control","P1650","Multiespecie",17,11,60,52,2,8,725,0,"Ovi_Carne",NA,NA,NA,0,0,0,3,4,21,11,0.01907,0.18003
360.532195259974,499.312316006027,"control","P1651","Multiespecie",287,138,26,29,6,17,0,5,"Bov_Leche",NA,NA,NA,0,0,0,5,1,19,4,0.01705,0.1626
362.883164045209,504.967206139288,"control","P1652","Monoespecie",0,0,21,18,0,0,0,5,"Ovi_Lana",NA,NA,NA,0,0,0,7,2,43,10,0.03346,0.11058
360.019092475603,503.731231092231,"control","P1653","Monoespecie",0,0,0,0,15,57,383,0,"Mixtos",NA,NA,2001-03-18,0,0,0,1,4,5,24,0.03676,0.16117
362.156005827383,503.395978202057,"control","P1654","Multiespecie",11,8,571,655,27,108,83,2,"Ovi_Mixto",NA,NA,NA,0,0,0,6,5,31,24,0.0466,0.3697
362.679591460286,503.315961637226,"control","P1655","Multiespecie",9,7,158,172,11,26,141,0,"Ovi_Carne",NA,NA,NA,0,0,0,5,3,24,21,0.00047,0.20847
357.906837942449,502.494611684686,"control","P1656","Multiespecie",17,10,18,17,15,74,0,1,"Mixtos",NA,NA,NA,0,0,0,1,4,7,34,0.03068,0.16889
361.5270120711,504.001480119654,"control","P1657","Multiespecie",185,105,277,221,44,140,0,6,"Ovi_Carne",NA,NA,NA,0,0,0,2,2,8,16,0.04452,0.10127
360.204587259872,506.211113940022,"control","P1658","Monoespecie",0,0,0,0,231,994,0,0,"Mixtos",NA,NA,NA,0,0,0,2,4,5,11,0.01495,0.34619
361.139403279231,501.525615581068,"control","P1659","Monoespecie",0,0,741,876,0,0,2015,2,"Ovi_Carne",NA,NA,NA,0,0,0,9,3,50,30,0.00331,0.17322
359.87524920177,505.635923502877,"control","P1660","Monoespecie",0,0,144,118,0,0,255,0,"Ovi_Carne",NA,NA,2001-04-12,0,0,0,4,2,10,8,2e-04,0.35127
363.781133103695,505.854415430544,"control","P1661","Multiespecie",4,3,354,396,24,106,78,0,"Ovi_Lana",NA,NA,NA,0,0,0,2,4,11,38,0.02922,0.35127
363.313971697925,505.285530027955,"control","P1662","Multiespecie",16,8,122,137,24,119,0,4,"Ovi_Lana",NA,NA,NA,0,0,0,5,7,35,49,0.04933,0.12013
359.134858093008,501.361130971401,"control","P1663","Monoespecie",110,87,0,0,0,0,312,2,"Bov_Carne",NA,NA,NA,0,0,0,1,3,4,12,0.03989,0.26896
362.498990466221,502.491443639772,"control","P1664","Monoespecie",0,0,0,0,399,1876,0,1,"Mixtos",NA,NA,NA,0,0,0,3,5,9,42,0.04589,0.15648
361.705648903817,505.541640048766,"control","P1665","Multiespecie",3,2,378,344,5,16,0,0,"Ovi_Carne",NA,NA,NA,0,0,0,7,2,50,9,0.00381,0.26795
361.467480882721,504.01038256234,"control","P1666","Monoespecie",119,61,0,0,0,0,0,0,"Bov_Mixto",NA,NA,NA,0,0,0,2,1,16,6,0.00912,0.11601
360.307882536366,503.440132811092,"control","P1667","Multiespecie",8,5,25,21,4,11,0,0,"Ovi_Carne",NA,NA,NA,0,0,0,2,6,10,48,0.04205,0.37009
360.680359267231,505.06002127455,"control","P1668","Multiespecie",28,15,27,29,26,54,1458,2,"Mixtos",NA,NA,NA,0,0,0,3,12,21,75,0.04249,0.19399
354.416970006388,521.837384759137,"control","P1669","Multiespecie",47,21,59,49,4,9,0,0,"Ovi_Carne",NA,NA,NA,0,0,0,3,6,21,46,0.03673,0.32372
354.252870918996,519.951995550618,"control","P1670","Multiespecie",8,5,332,266,22,91,0,1,"Ovi_Mixto",NA,NA,NA,0,0,0,2,1,12,6,0.02802,0.28979
350.624865695793,526.87297218794,"control","P1671","Multiespecie",15,12,491,567,24,107,2714,0,"Ovi_Carne",NA,NA,NA,0,0,0,3,2,21,5,0.02511,0.34403
352.735303607958,526.468411395942,"control","P1672","Multiespecie",28,12,50,42,3,13,24,5,"Ovi_Carne",NA,NA,NA,0,0,0,3,3,17,25,0.04378,0.24025
352.377882612706,526.937693877177,"control","P1673","Multiespecie",21,16,129,115,1,5,627,0,"Ovi_Carne",NA,NA,NA,0,0,0,12,10,70,27,0.02579,0.13721
366.569643077718,518.282872652992,"control","P1674","Multiespecie",44,29,40,42,20,95,0,0,"Mixtos",NA,NA,NA,0,0,0,2,3,8,10,0.01244,0.14925
364.612186148122,521.077456307284,"control","P1675","Multiespecie",33,19,325,328,4,18,428,4,"Ovi_Mixto",NA,NA,2001-03-18,0,0,0,3,3,19,27,0.04128,0.13849
366.220385021951,518.345865839521,"control","P1676","Multiespecie",7,3,240,183,457,1045,0,3,"Mixtos",NA,NA,NA,0,0,0,1,3,2,29,0.03208,0.10678
364.399075014707,518.944625346994,"control","P1677","Multiespecie",9,5,663,517,8,22,0,3,"Ovi_Carne",NA,NA,NA,0,0,0,3,7,15,66,0.04399,0.24723
366.359458495429,520.078807529768,"control","P1678","Multiespecie",19,13,17,14,26,91,0,5,"Mixtos",NA,NA,NA,0,0,0,4,5,32,47,0.04418,0.11555
366.277209782832,523.548172272523,"control","P1679","Monoespecie",0,0,0,0,69,193,3,2,"Mixtos",NA,NA,NA,0,0,0,4,1,25,7,0.01427,0.2772
365.235336245284,523.343067184884,"control","P1680","Multiespecie",157,118,94,60,1,5,0,0,"Bov_Leche",NA,NA,NA,0,0,0,4,5,30,27,0.00739,0.16693
366.109714843761,522.943173904981,"control","P1681","Monoespecie",166,103,0,0,0,0,0,1,"Bov_Carne",NA,NA,NA,0,0,0,5,1,36,9,0.01009,0.34832
368.562306797122,517.10480989769,"control","P1682","Monoespecie",0,0,178,182,0,0,0,4,"Ovi_Mixto",NA,NA,NA,0,0,0,2,2,6,14,0.03307,0.13023
367.484314659554,516.605347721338,"control","P1683","Multiespecie",5,4,106,87,20,56,0,2,"Ovi_Mixto",NA,NA,NA,0,0,0,8,2,32,13,0.00906,0.31395
368.116921776695,517.924517501291,"control","P1684","Multiespecie",77,40,33,30,30,84,0,0,"Bov_Leche",NA,NA,2001-03-23,0,0,0,3,4,14,21,0.02554,0.30734
366.654254828736,516.473809775344,"control","P1685","Monoespecie",0,0,0,0,133,606,0,0,"Mixtos",NA,NA,NA,0,0,0,2,4,6,15,0.00195,0.31447
366.0697998838,516.10141271577,"control","P1686","Multiespecie",22,15,30,22,5,15,746,12,"Ovi_Carne",NA,NA,NA,0,0,0,4,3,23,24,0.00493,0.30941
368.791812822581,517.278172957185,"control","P1687","Multiespecie",44,24,122,112,7,31,0,0,"Ovi_Carne",NA,NA,NA,0,0,0,4,3,17,9,0.0242,0.11029
370.356021090622,524.45527239029,"control","P1688","Multiespecie",15,9,144,138,46,122,0,0,"Ovi_Lana",NA,NA,NA,0,0,0,5,2,23,15,0.0061,0.22917
373.158239142885,520.198370886996,"control","P1689","Multiespecie",31,20,37,43,41,197,57,0,"Mixtos",NA,NA,NA,0,0,0,5,3,37,16,0.025,0.33121
371.049713236071,521.04205133632,"control","P1690","Monoespecie",0,0,0,0,102,431,0,2,"Mixtos",NA,NA,NA,0,0,0,3,3,9,30,0.02615,0.1038
372.903885636763,520.524609512079,"control","P1691","Monoespecie",0,0,0,0,3593,11725,0,2,"Mixtos",NA,NA,NA,0,0,0,5,1,22,3,0.04164,0.38369
373.574702189138,520.392395778547,"control","P1692","Multiespecie",56,24,329,291,5,17,0,6,"Ovi_Carne",NA,NA,NA,0,0,0,3,7,7,40,0.00191,0.38078
369.990689301331,523.802417582655,"control","P1693","Multiespecie",47,28,239,171,4,10,0,0,"Ovi_Lana",NA,NA,NA,0,0,0,9,4,71,38,0.02596,0.19905
370.640785706441,519.221830298694,"control","P1694","Monoespecie",0,0,0,0,25,103,0,0,"Mixtos",NA,NA,NA,0,0,0,3,3,6,29,4e-05,0.21829
373.390086417662,520.786697343338,"control","P1695","Multiespecie",128,91,279,324,6,24,0,0,"Ovi_Mixto",NA,NA,2001-04-01,0,0,0,2,4,8,40,0.04239,0.37144
345.97215874035,511.61124557111,"control","P1696","Multiespecie",3,1,150,112,11,48,0,0,"Ovi_Carne",NA,NA,NA,0,0,0,4,2,14,12,0.04383,0.39277
359.169658758841,514.170855150562,"control","P1697","Multiespecie",14,6,3,3,56,115,0,0,"Mixtos",NA,NA,NA,0,0,0,2,5,15,28,0.04527,0.24916
348.664283333977,512.493878616872,"control","P1698","Monoespecie",106,58,0,0,0,0,0,2,"Bov_Leche",NA,NA,NA,0,0,0,4,2,18,18,0.03851,0.14167
350.122650224056,511.567928505574,"control","P1699","Multiespecie",16,10,177,208,1,4,5031,4,"Ovi_Carne",NA,NA,NA,0,0,0,2,6,6,18,0.01946,0.18871
353.545811547196,515.995723743703,"control","P1700","Multiespecie",22,11,309,189,251,507,0,6,"Mixtos",NA,NA,NA,0,0,0,4,2,25,7,0.02255,0.22517
351.616285937536,516.395080692938,"control","P1701","Monoespecie",353,250,0,0,0,0,0,0,"Bov_Leche",NA,NA,NA,0,0,0,6,8,26,25,0.0252,0.36721
358.373566036566,511.108759601546,"control","P1702","Multiespecie",85,60,107,89,4,16,0,0,"Ovi_Lana",NA,NA,NA,0,0,0,2,4,16,30,0.0315,0.35983
349.02999600632,514.309046569824,"control","P1703","Multiespecie",8,4,262,175,2,7,0,0,"Ovi_Carne",NA,NA,NA,0,0,0,3,5,23,22,0.00745,0.31426
342.013632812742,489.25392088904,"control","P1704","Multiespecie",20,15,34,38,4,18,0,1,"Ovi_Carne",NA,NA,NA,0,0,0,6,3,25,20,8e-04,0.13018
341.933404540623,486.913469449408,"control","P1705","Multiespecie",13,5,30,36,16,78,0,0,"Mixtos",NA,NA,NA,0,0,0,4,4,25,29,0.0476,0.2125
339.22717938819,491.409194834701,"control","P1706","Multiespecie",36,22,269,262,5,20,0,0,"Ovi_Mixto",NA,NA,NA,0,0,0,4,1,28,6,0.04085,0.2003
341.859869258735,491.877038035972,"control","P1707","Multiespecie",9,4,157,146,14,69,0,0,"Ovi_Lana",NA,NA,NA,0,0,0,2,3,7,23,0.00174,0.12703
339.605124512103,488.441107779923,"control","P1708","Multiespecie",25,12,65,40,12,56,0,0,"Ovi_Mixto",NA,NA,NA,0,0,0,2,2,9,18,0.02453,0.11482
342.319002802495,486.845123780388,"control","P1709","Multiespecie",138,89,7,8,38,99,12,3,"Bov_Mixto",NA,NA,NA,0,0,0,4,10,14,62,0.03382,0.34435
342.26161628249,487.540415747679,"control","P1710","Monoespecie",0,0,0,0,96,382,0,4,"Mixtos",NA,NA,NA,0,0,0,2,9,8,76,0.01746,0.27513
341.552622366559,491.188726209636,"control","P1711","Monoespecie",0,0,734,492,0,0,0,0,"Ovi_Lana",NA,NA,2001-04-12,0,0,0,5,14,10,32,0.01122,0.15391
341.591057670672,486.595399353346,"control","P1712","Monoespecie",0,0,81,71,0,0,362,0,"Ovi_Carne",NA,NA,NA,0,0,0,3,6,23,40,0.00435,0.21163
342.377281092889,488.666146291578,"control","P1713","Multiespecie",24,15,68,80,0,0,0,1,"Ovi_Carne",NA,NA,NA,0,0,0,3,2,17,19,0.01187,0.24779
340.689964917755,489.022855505012,"control","P1714","Multiespecie",49,29,159,170,5,13,0,6,"Ovi_Carne",NA,NA,2001-03-27,0,0,0,3,4,13,25,0.02373,0.10248
340.633074156679,488.654629588619,"control","P1715","Monoespecie",0,0,0,0,114,450,0,0,"Mixtos",NA,NA,NA,0,0,0,4,2,30,17,0.02214,0.1074
341.691494052448,487.337319152898,"control","P1716","Monoespecie",0,0,115,122,0,0,0,0,"Ovi_Carne",NA,NA,NA,0,0,0,8,1,40,7,0.0457,0.38877
341.935281301037,489.16813427314,"control","P1717","Monoespecie",0,0,0,0,64,238,0,0,"Mixtos",NA,NA,NA,0,0,0,2,4,8,30,0.00166,0.3564
340.215229453522,490.987708778817,"control","P1718","Multiespecie",23,13,30,24,70,312,0,1,"Mixtos",NA,NA,NA,0,0,0,2,3,9,29,0.02173,0.30794
338.17081822461,490.290521116981,"control","P1719","Multiespecie",73,30,73,53,20,84,0,2,"Ovi_Lana",NA,NA,NA,0,0,0,3,6,19,31,0.01621,0.14028
340.031581158739,489.375852288896,"control","P1720","Multiespecie",19,15,156,160,6,30,0,7,"Ovi_Lana",NA,NA,NA,0,0,0,5,3,24,23,0.03143,0.37629
335.635120962076,495.691985889027,"control","P1721","Multiespecie",15,6,210,132,47,109,0,0,"Ovi_Carne",NA,NA,2001-03-16,0,0,0,4,2,15,18,0.00481,0.36921
337.66563045077,498.09966716874,"control","P1722","Multiespecie",55,43,531,476,16,35,926,0,"Ovi_Carne",NA,NA,NA,0,0,0,2,1,6,5,0.01089,0.20486
337.31698905079,495.665197589091,"control","P1723","Monoespecie",0,0,425,458,0,0,0,1,"Ovi_Carne",NA,NA,NA,0,0,0,1,4,5,35,0.0474,0.23255
338.265850867229,493.599795821149,"control","P1724","Monoespecie",158,119,0,0,0,0,0,0,"Bov_Leche",NA,NA,NA,0,0,0,2,2,14,8,0.02647,0.26848
333.862979765254,497.050295049274,"control","P1725","Multiespecie",12,7,20,20,48,132,0,0,"Mixtos",NA,NA,NA,0,0,0,8,11,20,51,0.01251,0.30442
336.5049110541,498.298228358572,"control","P1726","Multiespecie",77,33,124,127,95,344,1628,0,"Mixtos",NA,NA,NA,0,0,0,5,9,17,27,0.00216,0.35292
333.558459374347,499.421452423658,"control","P1727","Multiespecie",4,2,353,347,2,7,0,2,"Ovi_Mixto",NA,NA,NA,0,0,0,5,5,31,26,0.02125,0.20088
335.025212233592,498.316649148132,"control","P1728","Multiespecie",149,87,344,262,44,212,0,0,"Ovi_Carne",NA,NA,NA,0,0,0,1,7,4,14,0.00938,0.30884
333.571489526175,499.492029208228,"control","P1729","Monoespecie",29,22,0,0,0,0,0,2,"Bov_Carne",NA,NA,NA,0,0,0,4,1,24,4,0.04854,0.23696
334.215742026215,499.936431542744,"control","P1730","Multiespecie",4,2,168,173,33,149,0,4,"Ovi_Carne",NA,NA,NA,0,0,0,2,7,9,32,0.01823,0.26578
335.943059948681,496.925837128768,"control","P1731","Monoespecie",0,0,0,0,11,41,3799,7,"Mixtos",NA,NA,NA,0,0,0,4,2,25,7,0.01594,0.23238
335.80209505931,498.264257111895,"control","P1732","Multiespecie",28,11,78,69,8,19,109,0,"Ovi_Carne",NA,NA,NA,0,0,0,3,3,9,24,0.04464,0.24485
334.28368273553,496.197492425249,"control","P1733","Multiespecie",190,119,519,401,2,7,0,0,"Ovi_Carne",NA,NA,NA,0,0,0,1,3,7,9,0.00853,0.37063
335.083782993856,499.945153883025,"control","P1734","Multiespecie",18,10,102,107,56,154,883,0,"Mixtos",NA,NA,NA,0,0,0,4,1,24,3,0.0408,0.17285
332.287130545951,495.175266829537,"control","P1735","Multiespecie",28,12,184,219,4,15,0,0,"Ovi_Carne",NA,NA,NA,0,0,0,4,5,31,47,0.03037,0.14919
335.368466532077,491.193782771128,"control","P1736","Monoespecie",0,0,243,228,0,0,202,0,"Ovi_Mixto",NA,NA,NA,0,0,0,4,3,20,24,0.01579,0.35858
336.634898294837,492.739063763305,"control","P1737","Monoespecie",0,0,1987,2202,0,0,0,5,"Ovi_Carne",NA,NA,NA,0,0,0,2,4,7,29,0.04037,0.18087
337.343635487619,491.841490772955,"control","P1738","Multiespecie",25,15,32,31,13,60,0,0,"Mixtos",NA,NA,NA,0,0,0,1,2,2,19,0.04967,0.29104
332.290485333875,493.706201619365,"control","P1739","Multiespecie",31,20,35,39,85,346,0,2,"Mixtos",NA,NA,NA,0,0,0,5,3,28,14,0.01964,0.10255
333.950910959777,491.611145133617,"control","P1740","Monoespecie",0,0,0,0,63,240,207,0,"Mixtos",NA,NA,NA,0,0,0,3,4,16,29,0.01016,0.36845
338.332867892861,500.665221977578,"control","P1741","Multiespecie",40,25,393,374,8,26,0,8,"Ovi_Carne",NA,NA,2001-04-13,0,0,0,2,2,8,6,0.01461,0.28246
332.940422710835,501.311835446127,"control","P1742","Monoespecie",0,0,108,94,0,0,0,0,"Ovi_Mixto",NA,NA,NA,0,0,0,5,7,14,25,0.04541,0.21751
334.622859767187,500.700373800904,"control","P1743","Multiespecie",6,3,37,35,31,90,0,2,"Mixtos",NA,NA,NA,0,0,0,4,5,14,44,0.04703,0.3406
376.733169857139,491.992003220796,"control","P1744","Monoespecie",0,0,127,76,0,0,0,0,"Ovi_Carne",NA,NA,2001-04-03,0,0,0,3,5,22,35,0.0252,0.10408
374.489722256984,490.565071598029,"control","P1745","Multiespecie",14,11,136,125,7,21,21,1,"Ovi_Lana",NA,NA,NA,0,0,0,7,2,33,20,0.04449,0.3346
372.25746987922,491.149883312033,"control","P1746","Multiespecie",55,39,145,164,26,118,0,4,"Ovi_Carne",NA,NA,NA,0,0,0,4,5,23,30,0.03759,0.39829
374.135212034575,489.993763992938,"control","P1747","Multiespecie",30,14,78,71,53,118,0,4,"Mixtos",NA,NA,NA,0,0,0,3,4,19,19,0.04208,0.19393
374.847705540576,491.133475648075,"control","P1748","Multiespecie",9,6,19,22,3,11,0,0,"Ovi_Carne",NA,NA,NA,0,0,0,6,6,24,38,0.02415,0.37392
377.372217435111,494.539862110463,"control","P1749","Monoespecie",0,0,46,42,0,0,0,0,"Ovi_Mixto",NA,NA,NA,0,0,0,3,3,19,7,0.01108,0.32179
375.534473070395,490.244579081072,"control","P1750","Multiespecie",4,2,19,12,2,5,0,0,"Ovi_Mixto",NA,NA,2001-04-16,0,0,0,13,3,98,26,0.0052,0.35457
377.279366327741,489.73632047925,"control","P1751","Multiespecie",82,49,106,72,3,12,0,0,"Ovi_Lana",NA,NA,NA,0,0,0,2,5,15,15,0.01931,0.31746
373.609673894893,490.220186376081,"control","P1752","Monoespecie",0,0,0,0,7,33,0,3,"Mixtos",NA,NA,NA,0,0,0,7,3,24,13,0.03325,0.36114
372.032766218622,491.205063661479,"control","P1753","Multiespecie",190,150,126,136,17,50,0,0,"Bov_Leche",NA,NA,NA,0,0,0,5,2,26,18,0.04572,0.33755
374.614516247882,489.812940410301,"control","P1754","Multiespecie",18,9,759,785,8,39,0,3,"Ovi_Mixto",NA,NA,NA,0,0,0,4,5,22,47,0.00596,0.30991
371.983195054375,488.962547678415,"control","P1755","Multiespecie",21,10,14,11,16,60,851,0,"Mixtos",NA,NA,NA,0,0,0,4,3,28,25,0.00964,0.32779
378.455580805269,490.621548419048,"control","P1756","Monoespecie",0,0,0,0,49,190,0,2,"Mixtos",NA,NA,NA,0,0,0,1,3,7,13,0.03338,0.10557
373.685375058158,490.0801858262,"control","P1757","Monoespecie",0,0,106,71,0,0,0,4,"Ovi_Carne",NA,NA,2001-03-20,0,0,0,2,3,8,8,0.01515,0.13036
373.317485523022,490.517474216134,"control","P1758","Monoespecie",0,0,1333,1022,0,0,2549,5,"Ovi_Carne",NA,NA,NA,0,0,0,1,5,8,46,0.04649,0.2223
371.203186859568,490.950456849073,"control","P1759","Multiespecie",7,4,54,52,14,30,0,1,"Ovi_Lana",NA,NA,NA,0,0,0,6,2,45,19,0.00569,0.24594
364.78444525148,493.182315007536,"control","P1760","Monoespecie",0,0,61,69,0,0,0,0,"Ovi_Mixto",NA,NA,NA,0,0,0,2,1,7,5,0.008,0.27812
362.493152055252,498.220042809634,"control","P1761","Multiespecie",4,2,108,84,8,20,18,0,"Ovi_Carne",NA,NA,NA,0,0,0,2,4,15,23,0.02849,0.24449
368.829768623231,493.083923206679,"control","P1762","Monoespecie",0,0,123,135,0,0,278,0,"Ovi_Carne",NA,NA,NA,0,0,0,2,2,12,7,0.03603,0.39332
365.871920374348,492.076779437565,"control","P1763","Monoespecie",0,0,0,0,359,1785,0,3,"Mixtos",NA,NA,NA,0,0,0,5,2,39,6,0.02368,0.14225
362.984062972048,496.506735656782,"control","P1764","Monoespecie",0,0,197,146,0,0,591,2,"Ovi_Carne",NA,NA,NA,0,0,0,10,2,48,16,6e-05,0.38158
364.502273345964,496.165377026342,"control","P1765","Monoespecie",61,47,0,0,0,0,0,0,"Bov_Carne",NA,NA,NA,0,0,0,4,2,21,5,0.03534,0.3083
369.265673982676,491.771834673791,"control","P1766","Monoespecie",0,0,114,128,0,0,0,4,"Ovi_Mixto",NA,NA,NA,0,0,0,9,2,60,10,0.04168,0.14003
367.613175415324,493.815927984309,"control","P1767","Multiespecie",32,16,57,52,10,25,0,0,"Ovi_Lana",NA,NA,NA,0,0,0,9,2,54,20,0.03601,0.34994
366.711980796618,492.229311391379,"control","P1768","Multiespecie",201,96,321,307,527,2181,0,0,"Mixtos",NA,NA,NA,0,0,0,2,2,16,5,0.04231,0.35756
367.030498913942,490.677472643341,"control","P1769","Multiespecie",11,6,46,44,6,12,1038,2,"Ovi_Carne",NA,NA,NA,0,0,0,2,6,6,27,0.0025,0.31368
368.327832938928,490.557022542829,"control","P1770","Multiespecie",29,20,70,66,14,70,34,0,"Ovi_Carne",NA,NA,NA,0,0,0,2,2,13,6,0.04471,0.37733
361.296023509524,497.091147571666,"control","P1771","Monoespecie",0,0,144,112,0,0,0,5,"Ovi_Carne",NA,NA,NA,0,0,0,4,5,19,12,0.03711,0.10595
369.368904092311,493.445670097805,"control","P1772","Monoespecie",0,0,0,0,75,281,232,0,"Mixtos",NA,NA,NA,0,0,0,4,9,27,35,0.03235,0.20914
362.963993620415,492.014589977334,"control","P1773","Multiespecie",24,13,340,376,8,34,97,3,"Ovi_Carne",NA,NA,NA,0,0,0,3,3,16,7,0.00031,0.24739
367.795169619437,492.098219100017,"control","P1774","Multiespecie",12,6,196,120,12,41,0,2,"Ovi_Lana",NA,NA,NA,0,0,0,2,2,7,11,0.03984,0.20678
368.82176269329,498.489508519309,"control","P1775","Multiespecie",67,35,99,74,26,117,12,0,"Ovi_Carne",NA,NA,NA,0,0,0,1,4,4,23,0.02092,0.28121
368.140783513313,495.676723424067,"control","P1776","Multiespecie",75,56,56,43,4,19,0,3,"Bov_Carne",NA,NA,NA,0,0,0,4,7,30,45,0.01146,0.19995
363.767931113763,490.446577885585,"control","P1777","Multiespecie",49,30,133,95,20,79,115,0,"Ovi_Carne",NA,NA,NA,0,0,0,3,3,7,21,0.03876,0.35843
369.55261724686,491.290194270463,"control","P1778","Monoespecie",0,0,38,37,0,0,0,4,"Ovi_Mixto",NA,NA,NA,0,0,0,2,7,15,45,0.00925,0.17479
372.332787944513,498.21464560087,"control","P1779","Monoespecie",0,0,34,37,0,0,0,0,"Ovi_Mixto",NA,NA,NA,0,0,0,3,2,7,15,0.01384,0.34024
368.68628418667,494.619484539922,"control","P1780","Multiespecie",47,28,30,34,3,8,171,2,"Bov_Carne",NA,NA,NA,0,0,0,3,7,6,24,0.01205,0.13579
363.030898033754,492.158942009436,"control","P1781","Monoespecie",0,0,0,0,31,127,0,1,"Mixtos",NA,NA,2001-03-22,0,0,0,2,4,9,18,0.04358,0.13479
362.82434686952,494.220375881863,"control","P1782","Multiespecie",129,71,271,168,33,113,37,0,"Ovi_Carne",NA,NA,NA,0,0,0,3,4,10,30,0.04672,0.31021
363.842987529562,493.157472747334,"control","P1783","Monoespecie",0,0,43,37,0,0,0,8,"Ovi_Lana",NA,NA,NA,0,0,0,4,3,14,14,0.04109,0.34532
368.982081440677,495.422959856481,"control","P1784","Monoespecie",0,0,0,0,132,397,0,0,"Mixtos",NA,NA,NA,0,0,0,3,5,16,43,0.01939,0.18988
365.947549086393,491.180411504069,"control","P1785","Monoespecie",0,0,702,737,0,0,0,0,"Ovi_Lana",NA,NA,NA,0,0,0,2,2,14,8,0.00279,0.16593
362.211494782012,491.845513359751,"control","P1786","Monoespecie",0,0,137,137,0,0,0,2,"Ovi_Carne",NA,NA,NA,0,0,0,5,3,28,20,0.02947,0.35317
363.359335795486,494.328278465803,"control","P1787","Multiespecie",47,20,116,70,219,668,0,1,"Mixtos",NA,NA,NA,0,0,0,6,3,22,14,0.0191,0.22995
361.85999033647,496.652953318213,"control","P1788","Multiespecie",19,15,203,124,27,65,0,3,"Ovi_Carne",NA,NA,2001-03-23,0,0,0,3,4,21,20,0.00099,0.27244
362.052361396366,495.512622415892,"control","P1789","Monoespecie",0,0,256,206,0,0,563,4,"Ovi_Carne",NA,NA,NA,0,0,0,3,2,9,15,0.0395,0.1959
363.459621865522,494.864723837119,"control","P1790","Monoespecie",0,0,90,74,0,0,0,3,"Ovi_Lana",NA,NA,NA,0,0,0,2,2,12,12,0.04405,0.26677
364.238807820288,495.397003995636,"control","P1791","Monoespecie",0,0,111,90,0,0,110,0,"Ovi_Lana",NA,NA,NA,0,0,0,3,6,21,52,0.0139,0.34323
363.686228431309,494.47847803344,"control","P1792","Multiespecie",12,7,48,54,68,280,0,3,"Mixtos",NA,NA,NA,0,0,0,2,2,7,14,0.04046,0.33006
367.873768440182,496.857780944801,"control","P1793","Multiespecie",12,8,55,49,23,95,30,3,"Mixtos",NA,NA,NA,0,0,0,3,2,12,16,0.03159,0.27006
361.376882102093,489.720127110915,"control","P1794","Multiespecie",16,12,1635,1196,25,57,526,3,"Ovi_Carne",NA,NA,NA,0,0,0,8,7,47,54,0.0016,0.1246
368.061033880148,492.886887542791,"control","P1795","Multiespecie",17,14,189,215,3,9,0,5,"Ovi_Mixto",NA,NA,NA,0,0,0,5,3,23,15,0.03118,0.33455
368.785438412681,492.786565294644,"control","P1796","Multiespecie",76,54,24,29,50,102,0,0,"Mixtos",NA,NA,NA,0,0,0,2,1,5,9,0.00491,0.33183
369.276273191835,495.796100429315,"control","P1797","Multiespecie",77,51,105,72,8,40,0,6,"Ovi_Carne",NA,NA,NA,0,0,0,4,6,30,52,0.02662,0.3813
363.935108195229,492.200435154071,"control","P1798","Multiespecie",70,47,118,115,1,4,0,0,"Ovi_Mixto",NA,NA,NA,0,0,0,5,3,17,7,0.01703,0.26844
365.432497666812,491.638745359782,"control","P1799","Multiespecie",29,19,122,129,16,56,0,1,"Ovi_Carne",NA,NA,NA,0,0,0,4,3,31,27,0.02742,0.31113
365.092389797329,494.750326879227,"control","P1800","Monoespecie",0,0,3943,2644,0,0,0,0,"Ovi_Lana",NA,NA,2001-03-17,0,0,0,3,4,13,37,0.01889,0.37151
366.619951973427,491.42715129572,"control","P1801","Multiespecie",7,3,137,125,28,138,0,0,"Ovi_Mixto",NA,NA,NA,0,0,0,1,6,3,41,0.02529,0.38213
372.097163564169,491.615874100573,"control","P1802","Multiespecie",9,4,348,289,6,14,0,0,"Ovi_Carne",NA,NA,NA,0,0,0,6,1,19,4,0.02085,0.36175
368.114180040733,495.696513994764,"control","P1803","Multiespecie",146,77,9,7,19,73,0,3,"Bov_Leche",NA,NA,NA,0,0,0,2,2,10,10,0.00332,0.18748
371.588033231228,495.085116575868,"control","P1804","Multiespecie",14,11,226,232,147,333,1391,0,"Mixtos",NA,NA,NA,0,0,0,4,3,11,22,0.00265,0.34612
369.36498558518,493.305536709097,"control","P1805","Multiespecie",12,8,330,241,24,85,361,2,"Ovi_Lana",NA,NA,2001-04-01,0,0,0,2,3,14,27,0.00098,0.31011
367.699148065498,492.2492819438,"control","P1806","Multiespecie",18,8,43,29,90,377,648,0,"Mixtos",NA,NA,NA,0,0,0,3,1,11,3,0.04845,0.29599
368.557988385978,495.906032929529,"control","P1807","Monoespecie",0,0,3174,3250,0,0,36,0,"Ovi_Carne",NA,NA,2001-04-10,0,0,0,5,4,21,19,0.03193,0.19267
361.120237381369,489.065539158099,"control","P1808","Monoespecie",0,0,353,243,0,0,0,3,"Ovi_Lana",NA,NA,NA,0,0,0,2,2,5,4,0.03397,0.21064
372.868843027394,495.151944839338,"control","P1809","Monoespecie",191,138,0,0,0,0,0,0,"Bov_Mixto",NA,NA,NA,0,0,0,5,4,15,16,0.0444,0.1904
382.765879794607,533.594768045668,"control","P1810","Monoespecie",0,0,98,94,0,0,0,3,"Ovi_Lana",NA,NA,NA,0,0,0,5,1,30,6,0.01127,0.25186
390.261065013665,530.668112722663,"control","P1811","Monoespecie",0,0,51,35,0,0,0,5,"Ovi_Carne",NA,NA,NA,0,0,0,10,5,75,49,0.01393,0.28032
389.034913351097,528.657063252658,"control","P1812","Multiespecie",30,22,31,31,136,556,0,0,"Mixtos",NA,NA,NA,0,0,0,6,9,33,56,0.02489,0.39718
385.896123074965,529.719431589658,"control","P1813","Multiespecie",235,164,333,202,3,14,62,0,"Ovi_Carne",NA,NA,NA,0,0,0,4,6,29,34,0.02079,0.37484
387.783415449888,529.488035649833,"control","P1814","Multiespecie",22,16,36,38,67,247,0,0,"Mixtos",NA,NA,2001-03-22,0,0,0,7,1,55,3,0.00759,0.30355
386.633822083483,531.46708565495,"control","P1815","Monoespecie",0,0,0,0,23,56,0,0,"Mixtos",NA,NA,NA,0,0,0,5,1,29,4,0.01277,0.36138
383.445366801077,532.33862809317,"control","P1816","Multiespecie",45,31,256,184,2,5,0,2,"Ovi_Carne",NA,NA,NA,0,0,0,4,1,27,5,0.04712,0.27068
389.188679244065,530.838573593591,"control","P1817","Multiespecie",24,17,560,627,69,179,151,1,"Ovi_Mixto",NA,NA,NA,0,0,0,3,5,23,32,0.04591,0.12883
383.107866365917,533.082263259495,"control","P1818","Multiespecie",4,3,77,59,11,23,0,5,"Ovi_Mixto",NA,NA,NA,0,0,0,4,2,15,10,0.01838,0.12614
387.673973892771,530.595774005396,"control","P1819","Multiespecie",129,87,18,14,6,26,0,0,"Bov_Leche",NA,NA,2001-04-11,0,0,0,2,4,15,9,0.00573,0.18719
385.686383120712,528.38182954124,"control","P1820","Monoespecie",0,0,203,220,0,0,0,1,"Ovi_Carne",NA,NA,NA,0,0,0,4,2,16,7,0.03931,0.24013
388.21790674999,529.05992743856,"control","P1821","Monoespecie",51,32,0,0,0,0,0,0,"Bov_Mixto",NA,NA,2001-03-10,0,0,0,4,2,16,14,0.02908,0.25898
388.876155783746,529.897959126916,"control","P1822","Multiespecie",16,7,59,44,64,309,0,0,"Mixtos",NA,NA,NA,0,0,0,3,4,22,20,0.02515,0.31543
383.496101775044,532.242227464093,"control","P1823","Multiespecie",58,30,9121,7574,11,52,31,0,"Ovi_Lana",NA,NA,2001-03-15,0,0,0,7,7,24,23,0.02078,0.21863
386.257359491319,529.907994167289,"control","P1824","Monoespecie",0,0,279,248,0,0,0,1,"Ovi_Lana",NA,NA,NA,0,0,0,2,3,4,13,0.01657,0.35147
386.082399792949,528.938198319362,"control","P1825","Monoespecie",0,0,470,461,0,0,24,5,"Ovi_Mixto",NA,NA,NA,0,0,0,11,3,49,16,0.03752,0.39386
385.947967453114,530.891181359895,"control","P1826","Monoespecie",0,0,0,0,9,25,84,5,"Mixtos",NA,NA,2001-03-07,0,0,0,1,7,7,41,0.01451,0.17098
384.960508708888,531.854947383619,"control","P1827","Monoespecie",41,30,0,0,0,0,0,3,"Bov_Carne",NA,NA,NA,0,0,0,3,1,24,3,0.03963,0.16799
387.591406727948,528.648502025242,"control","P1828","Multiespecie",26,19,364,348,11,52,0,0,"Ovi_Mixto",NA,NA,NA,0,0,0,5,1,16,5,0.01559,0.31691
383.141098062142,532.947200463411,"control","P1829","Multiespecie",22,17,564,379,2,6,0,0,"Ovi_Carne",NA,NA,NA,0,0,0,5,3,26,19,0.01145,0.1681
385.276613917556,530.116326101433,"control","P1830","Monoespecie",0,0,197,134,0,0,0,0,"Ovi_Mixto",NA,NA,NA,0,0,0,1,3,5,24,0.0241,0.18541
382.246643305543,533.390966847892,"control","P1831","Multiespecie",59,34,103,118,3,6,0,4,"Ovi_Carne",NA,NA,NA,0,0,0,2,3,4,24,0.01137,0.10523
386.65007340243,531.557843858364,"control","P1832","Monoespecie",50,25,0,0,0,0,0,0,"Bov_Leche",NA,NA,2001-04-15,0,0,0,4,2,32,7,0.02316,0.20038
382.725982745664,534.845454638022,"control","P1833","Multiespecie",221,170,112,88,24,112,0,0,"Bov_Leche",NA,NA,NA,0,0,0,2,2,9,8,0.04667,0.26472
387.433504711456,532.023805568981,"control","P1834","Monoespecie",0,0,44,40,0,0,0,0,"Ovi_Carne",NA,NA,2001-04-04,0,0,0,3,3,7,8,0.02254,0.15347
384.859451988362,529.644073068685,"control","P1835","Multiespecie",239,102,21,15,6,25,0,0,"Bov_Carne",NA,NA,NA,0,0,0,2,4,6,31,0.00559,0.36218
396.039601866045,525.571678645641,"control","P1836","Multiespecie",18,9,7,7,569,2244,0,0,"Mixtos",NA,NA,NA,0,0,0,5,3,35,23,0.0102,0.18086
395.506967943234,525.657898650341,"control","P1837","Multiespecie",102,43,22,23,3,7,0,3,"Bov_Leche",NA,NA,NA,0,0,0,2,2,15,17,0.03103,0.25114
396.494639509229,526.677641015277,"control","P1838","Multiespecie",39,21,12,7,32,78,0,2,"Mixtos",NA,NA,NA,0,0,0,2,2,5,6,0.03652,0.39821
392.704346600385,525.226133380934,"control","P1839","Monoespecie",0,0,66,46,0,0,0,6,"Ovi_Carne",NA,NA,NA,0,0,0,8,4,48,18,0.00392,0.35004
397.584166218284,526.053826592838,"control","P1840","Multiespecie",42,32,655,733,18,56,0,0,"Ovi_Carne",NA,NA,2001-04-03,0,0,0,3,3,8,27,0.01344,0.36517
395.975967129871,525.295685628474,"control","P1841","Multiespecie",116,73,40,40,38,95,6138,0,"Bov_Carne",NA,NA,NA,0,0,0,6,5,45,29,0.03749,0.19478
394.200707757169,525.474451305119,"control","P1842","Multiespecie",17,12,7,8,94,196,1734,0,"Mixtos",NA,NA,NA,0,0,0,5,5,11,17,0.03956,0.17025
394.965351469512,526.955398311128,"control","P1843","Multiespecie",69,45,58,41,2,8,0,2,"Bov_Leche",NA,NA,NA,0,0,0,5,3,17,24,0.0128,0.27208
394.374562423832,524.615476698743,"control","P1844","Multiespecie",7,4,18,18,64,172,0,0,"Mixtos",NA,NA,NA,0,0,0,2,1,7,4,0.03799,0.35707
397.338294191947,528.383887713926,"control","P1845","Multiespecie",14,7,283,317,4,13,1921,0,"Ovi_Mixto",NA,NA,NA,0,0,0,6,4,37,34,0.02785,0.19089
395.075349506987,526.757087898705,"control","P1846","Monoespecie",0,0,706,520,0,0,0,0,"Ovi_Lana",NA,NA,NA,0,0,0,3,4,14,13,0.00096,0.3996
395.708039189211,523.241826893233,"control","P1847","Monoespecie",46,37,0,0,0,0,2858,0,"Bov_Carne",NA,NA,NA,0,0,0,6,2,20,6,0.04728,0.30823
393.550748554005,527.324193399488,"control","P1848","Monoespecie",0,0,235,209,0,0,0,0,"Ovi_Carne",NA,NA,NA,0,0,0,4,2,23,11,0.03301,0.37406
392.932959260854,525.901492656205,"control","P1849","Monoespecie",0,0,1387,1548,0,0,0,0,"Ovi_Lana",NA,NA,NA,0,0,0,2,2,15,16,0.0185,0.25837
395.089329526854,529.655879870725,"control","P1850","Multiespecie",40,20,367,386,55,219,0,6,"Ovi_Carne",NA,NA,NA,0,0,0,7,6,21,20,0.01567,0.12611
394.025743022556,526.561494349338,"control","P1851","Multiespecie",80,39,57,47,1,4,0,0,"Bov_Mixto",NA,NA,NA,0,0,0,3,4,24,30,0.03431,0.31029
394.596412433453,530.681475538984,"control","P1852","Monoespecie",0,0,327,210,0,0,0,5,"Ovi_Carne",NA,NA,NA,0,0,0,4,1,12,10,0.02948,0.19411
396.754235615768,526.830105327054,"control","P1853","Monoespecie",0,0,140,119,0,0,0,0,"Ovi_Lana",NA,NA,NA,0,0,0,2,4,10,25,0.01113,0.15739
396.744938638692,525.465929045647,"control","P1854","Monoespecie",0,0,79,67,0,0,0,3,"Ovi_Mixto",NA,NA,NA,0,0,0,1,2,8,7,0.02369,0.39845
395.76285846855,527.093003468879,"control","P1855","Monoespecie",131,84,0,0,0,0,2,4,"Bov_Mixto",NA,NA,NA,0,0,0,1,1,6,9,0.02544,0.17454
392.352111862215,530.661116653223,"control","P1856","Multiespecie",78,49,255,286,18,37,50,0,"Ovi_Carne",NA,NA,NA,0,0,0,3,2,8,11,0.04311,0.1613
394.120228462326,527.351581518302,"control","P1857","Multiespecie",24,10,41,34,12,39,0,0,"Ovi_Carne",NA,NA,NA,0,0,0,4,3,22,19,0.01239,0.38494
390.647965312977,530.317590826032,"control","P1858","Multiespecie",107,47,191,128,6,15,0,0,"Ovi_Carne",NA,NA,NA,0,0,0,2,4,16,36,0.045,0.25326
391.271014704635,528.772620487073,"control","P1859","Monoespecie",0,0,104,85,0,0,0,5,"Ovi_Lana",NA,NA,NA,0,0,0,3,5,19,10,0.02188,0.35883
390.329900760843,527.872970630972,"control","P1860","Monoespecie",0,0,203,207,0,0,0,4,"Ovi_Lana",NA,NA,2001-03-28,0,0,0,6,3,43,29,0.04627,0.33826
390.030766142293,526.648635008057,"control","P1861","Multiespecie",8,5,267,256,86,264,0,4,"Ovi_Carne",NA,NA,NA,0,0,0,8,6,17,21,0.01741,0.29295
390.783299585049,530.05597155882,"control","P1862","Multiespecie",30,17,18,12,14,32,133,2,"Bov_Mixto",NA,NA,NA,0,0,0,2,2,14,14,0.00722,0.22788
390.766174041957,529.664819485428,"control","P1863","Monoespecie",0,0,67,79,0,0,0,0,"Ovi_Carne",NA,NA,NA,0,0,0,2,2,5,16,0.01996,0.33303
390.688534811987,527.821844075462,"control","P1864","Monoespecie",0,0,0,0,28,82,0,3,"Mixtos",NA,NA,NA,0,0,0,1,4,7,33,0.00549,0.18277
392.779697272481,525.77490753676,"control","P1865","Monoespecie",194,127,0,0,0,0,0,3,"Bov_Mixto",NA,NA,NA,0,0,0,5,3,35,28,0.00771,0.3977
392.103401163926,528.534295707391,"control","P1866","Multiespecie",24,14,570,417,513,2458,0,3,"Mixtos",NA,NA,NA,0,0,0,6,4,21,31,0.03227,0.31334
393.295648329508,526.187863711695,"control","P1867","Multiespecie",35,22,205,241,57,151,0,3,"Ovi_Lana",NA,NA,NA,0,0,0,3,3,24,13,0.02621,0.22867
389.317772670618,530.096871143778,"control","P1868","Multiespecie",85,38,64,69,10,48,0,0,"Ovi_Carne",NA,NA,NA,0,0,0,9,3,71,20,0.03081,0.28867
392.020840241513,545.492435910945,"control","P1869","Multiespecie",208,127,185,137,16,76,0,0,"Bov_Mixto",NA,NA,2001-03-10,0,0,0,1,2,4,15,0.00055,0.278
394.651894351629,547.651273852412,"control","P1870","Multiespecie",3,2,51,47,8,39,0,0,"Ovi_Mixto",NA,NA,NA,0,0,0,3,1,17,2,0.03351,0.1912
397.58285750223,548.062321834044,"control","P1871","Multiespecie",76,39,72,77,9,44,73,2,"Ovi_Carne",NA,NA,NA,0,0,0,2,6,10,30,0.03202,0.31343
393.064690522812,549.264519724451,"control","P1872","Monoespecie",0,0,25,19,0,0,0,0,"Ovi_Lana",NA,NA,NA,0,0,0,2,2,13,18,0.03986,0.25653
402.237212521219,535.219163854739,"control","P1873","Multiespecie",32,22,78,89,2,8,194,1,"Ovi_Lana",NA,NA,NA,0,0,0,1,2,7,11,0.00596,0.21469
401.9242452145,535.992515601554,"control","P1874","Monoespecie",0,0,0,0,47,202,0,3,"Mixtos",NA,NA,NA,0,0,0,2,3,11,12,0.0036,0.13188
398.633916875618,539.006116216075,"control","P1875","Multiespecie",17,14,61,46,9,21,0,0,"Ovi_Lana",NA,NA,NA,0,0,0,3,15,23,75,0.0173,0.30107
404.003013175275,536.31097529643,"control","P1876","Monoespecie",0,0,0,0,289,643,128,2,"Mixtos",NA,NA,NA,0,0,0,2,11,9,26,0.04052,0.20203
396.628164075842,537.490887596949,"control","P1877","Multiespecie",68,38,571,405,263,810,0,1,"Mixtos",NA,NA,NA,0,0,0,2,9,14,70,0.03755,0.39403
398.534732440357,539.037182774198,"control","P1878","Multiespecie",12,8,555,525,1,3,0,0,"Ovi_Carne",NA,NA,NA,0,0,0,4,2,10,18,0.03546,0.189
399.509344180165,536.926614814332,"control","P1879","Monoespecie",0,0,896,1031,0,0,0,5,"Ovi_Mixto",NA,NA,2001-04-06,0,0,0,2,2,8,17,0.0428,0.21061
401.048377259399,537.89443072837,"control","P1880","Multiespecie",23,10,79,56,39,167,0,3,"Mixtos",NA,NA,NA,0,0,0,3,3,8,12,0.00747,0.33863
400.187519260788,536.617546046792,"control","P1881","Multiespecie",6,4,302,301,3,14,36,0,"Ovi_Mixto",NA,NA,NA,0,0,0,4,3,20,28,0.03259,0.30529
401.481926410186,536.016977972548,"control","P1882","Monoespecie",0,0,0,0,63,188,4,0,"Mixtos",NA,NA,NA,0,0,0,2,5,12,23,0.0444,0.27058
400.295782265872,536.528244625534,"control","P1883","Multiespecie",128,97,17,20,5,13,0,3,"Bov_Leche",NA,NA,NA,0,0,0,4,9,10,44,0.01118,0.28113
399.739587829289,538.650929966743,"control","P1884","Multiespecie",20,15,601,570,3,12,0,0,"Ovi_Carne",NA,NA,2001-04-09,0,0,0,2,5,13,28,0.03954,0.15156
398.738808850689,540.346503922183,"control","P1885","Multiespecie",10,7,1652,1828,1,3,0,6,"Ovi_Mixto",NA,NA,NA,0,0,0,3,5,12,37,0.04376,0.23775
396.679298225293,538.278231220456,"control","P1886","Multiespecie",65,50,98,107,36,159,128,0,"Ovi_Carne",NA,NA,NA,0,0,0,8,6,50,42,0.02352,0.26637
398.675830901104,538.859975179741,"control","P1887","Multiespecie",31,17,176,165,10,47,0,1,"Ovi_Carne",NA,NA,2001-04-14,0,0,0,7,5,17,23,0.0326,0.1477
395.705142528369,539.627414086719,"control","P1888","Monoespecie",0,0,76,61,0,0,24,4,"Ovi_Carne",NA,NA,NA,0,0,0,3,5,7,22,0.00025,0.24635
393.996053055898,538.748657706365,"control","P1889","Multiespecie",38,21,125,115,127,626,0,5,"Mixtos",NA,NA,NA,0,0,0,1,2,6,19,0.03039,0.31473
390.302623438677,538.335897927143,"control","P1890","Monoespecie",0,0,63,62,0,0,0,0,"Ovi_Carne",NA,NA,2001-04-04,0,0,0,2,2,10,7,0.04541,0.33402
396.026935461768,541.457086790944,"control","P1891","Monoespecie",0,0,257,308,0,0,0,0,"Ovi_Lana",NA,NA,NA,0,0,0,5,4,22,27,0.02343,0.10705
391.436264201368,544.282533857267,"control","P1892","Monoespecie",0,0,0,0,85,350,0,0,"Mixtos",NA,NA,NA,0,0,0,8,3,28,13,0.03711,0.15409
399.336872020643,539.45443740148,"control","P1893","Multiespecie",69,43,3,3,9,32,24,0,"Bov_Carne",NA,NA,NA,0,0,0,9,3,20,12,0.04812,0.14635
401.177151528422,538.529476208299,"control","P1894","Monoespecie",0,0,193,187,0,0,0,0,"Ovi_Carne",NA,NA,NA,0,0,0,2,3,8,24,0.02689,0.32053
394.631050906105,538.414435948129,"control","P1895","Monoespecie",62,46,0,0,0,0,0,0,"Bov_Carne",NA,NA,NA,0,0,0,4,5,22,31,0.01631,0.16781
394.745166970766,537.706900855558,"control","P1896","Multiespecie",32,25,325,197,16,45,27,0,"Ovi_Carne",NA,NA,NA,0,0,0,6,9,24,76,0.00838,0.29735
395.307911242711,538.279335878015,"control","P1897","Multiespecie",8,3,85,99,10,34,1615,3,"Ovi_Carne",NA,NA,NA,0,0,0,2,3,15,22,0.03484,0.2433
396.809431913588,537.116514803197,"control","P1898","Monoespecie",0,0,111,80,0,0,0,3,"Ovi_Mixto",NA,NA,NA,0,0,0,4,4,29,20,0.00138,0.26293
393.967828842767,537.923647401483,"control","P1899","Multiespecie",29,22,642,570,2,10,0,0,"Ovi_Mixto",NA,NA,NA,0,0,0,2,3,8,24,0.00011,0.11493
389.709910396391,539.693540151952,"control","P1900","Multiespecie",10,8,56,40,2,8,0,5,"Ovi_Carne",NA,NA,NA,0,0,0,2,3,10,24,0.01361,0.13819
389.953670845249,539.254128395781,"control","P1901","Multiespecie",21,16,49,52,17,71,0,3,"Ovi_Mixto",NA,NA,NA,0,0,0,2,3,6,17,0.03989,0.3254
390.091941269547,540.013199206584,"control","P1902","Multiespecie",10,8,104,116,34,83,0,5,"Ovi_Lana",NA,NA,NA,0,0,0,5,3,34,28,0.0152,0.31618
392.640546615747,538.462456011833,"control","P1903","Multiespecie",166,110,385,262,197,529,0,0,"Mixtos",NA,NA,NA,0,0,0,5,2,12,10,0.00166,0.29718
392.970115071556,538.220312395686,"control","P1904","Monoespecie",0,0,551,337,0,0,0,0,"Ovi_Carne",NA,NA,NA,0,0,0,11,5,55,11,0.0013,0.39387
392.312583381957,536.187423414138,"control","P1905","Multiespecie",41,27,24,19,4,16,0,0,"Bov_Leche",NA,NA,NA,0,0,0,2,8,6,34,0.00026,0.36515
393.413963705771,539.735161907815,"control","P1906","Multiespecie",39,18,41,36,26,74,518,0,"Mixtos",NA,NA,NA,0,0,0,3,1,14,2,0.00457,0.30312
395.863792969655,540.293345303568,"control","P1907","Monoespecie",38,30,0,0,0,0,0,3,"Bov_Leche",NA,NA,NA,0,0,0,2,3,9,28,0.00792,0.34516
392.640564678715,540.489994650894,"control","P1908","Monoespecie",0,0,617,388,0,0,0,0,"Ovi_Carne",NA,NA,NA,0,0,0,1,4,7,11,0.00593,0.20099
388.238268711625,538.037193962055,"control","P1909","Multiespecie",39,30,40,31,6,29,0,5,"Ovi_Lana",NA,NA,NA,0,0,0,3,12,6,106,0.03936,0.2617
390.891603922144,538.688719725742,"control","P1910","Monoespecie",0,0,155,172,0,0,7,0,"Ovi_Carne",NA,NA,NA,0,0,0,10,1,54,9,0.01866,0.36266
389.183500389281,538.891871037088,"control","P1911","Multiespecie",13,6,78,60,16,64,0,0,"Ovi_Carne",NA,NA,NA,0,0,0,6,7,31,27,0.03504,0.12565
388.270627545095,537.892680151441,"control","P1912","Multiespecie",506,377,289,298,3,11,0,4,"Bov_Mixto",NA,NA,NA,0,0,0,2,7,5,20,0.00424,0.36665
388.94282834287,539.174011200782,"control","P1913","Multiespecie",26,18,14,14,61,302,0,5,"Mixtos",NA,NA,NA,0,0,0,2,9,7,43,0.03245,0.21926
386.572594499991,539.138114789643,"control","P1914","Monoespecie",0,0,127,137,0,0,203,3,"Ovi_Lana",NA,NA,NA,0,0,0,4,9,18,80,0.0053,0.13584
386.055750771012,540.635691671922,"control","P1915","Multiespecie",15,10,67,71,41,149,0,0,"Mixtos",NA,NA,2001-03-11,0,0,0,5,3,12,28,0.01473,0.31893
385.900666309951,536.846083470121,"control","P1916","Multiespecie",124,69,79,53,232,931,0,3,"Mixtos",NA,NA,NA,0,0,0,2,5,11,33,0.02822,0.20212
387.112658573078,540.073721756435,"control","P1917","Multiespecie",482,288,33,23,1,4,0,4,"Bov_Leche",NA,NA,NA,0,0,0,2,1,11,7,0.03521,0.15483
386.34816563504,540.471075821106,"control","P1918","Monoespecie",0,0,229,245,0,0,0,0,"Ovi_Lana",NA,NA,NA,0,0,0,3,2,7,8,0.02277,0.35348
384.590822992001,541.551376236018,"control","P1919","Monoespecie",0,0,108,83,0,0,0,0,"Ovi_Carne",NA,NA,2001-04-02,0,0,0,12,5,65,45,0.00684,0.33966
384.458309109392,541.67222330349,"control","P1920","Multiespecie",20,15,206,124,354,1040,0,0,"Mixtos",NA,NA,NA,0,0,0,5,2,13,17,0.04376,0.20321
385.488113720676,541.710752534211,"control","P1921","Multiespecie",9,4,55,39,12,31,0,0,"Ovi_Carne",NA,NA,2001-03-31,0,0,0,6,1,34,2,0.0423,0.32816
385.06247671862,540.094141708897,"control","P1922","Multiespecie",167,101,524,457,37,104,0,3,"Ovi_Carne",NA,NA,NA,0,0,0,6,4,28,29,0.01891,0.17042
397.620685319825,534.412413448634,"control","P1923","Multiespecie",16,9,40,27,75,215,0,0,"Mixtos",NA,NA,NA,0,0,0,5,2,20,18,0.03245,0.2952
385.124334184836,539.893466957115,"control","P1924","Monoespecie",0,0,0,0,35,158,0,0,"Mixtos",NA,NA,NA,0,0,0,2,16,6,94,0.04113,0.16692
382.924829759067,539.348543851595,"control","P1925","Multiespecie",9,5,214,250,86,357,0,1,"Ovi_Lana",NA,NA,NA,0,0,0,6,5,36,27,0.04355,0.29617
385.555790636202,538.532168877181,"control","P1926","Multiespecie",23,18,9,7,6,28,0,0,"Bov_Carne",NA,NA,NA,0,0,0,4,3,30,14,0.03383,0.36275
385.966192602934,536.116041548876,"control","P1927","Multiespecie",8,6,97,82,15,60,0,0,"Ovi_Lana",NA,NA,2001-03-07,0,0,0,2,2,6,9,0.01048,0.1475
389.225846429701,538.569376406722,"control","P1928","Monoespecie",0,0,256,278,0,0,326,0,"Ovi_Lana",NA,NA,NA,0,0,0,5,5,21,45,0.0023,0.13712
386.621417416323,537.905136067778,"control","P1929","Multiespecie",15,10,34,35,33,158,0,0,"Mixtos",NA,NA,2001-04-09,0,0,0,4,5,31,39,0.0288,0.18282
386.435377855453,537.311372701277,"control","P1930","Monoespecie",86,43,0,0,0,0,0,0,"Bov_Carne",NA,NA,2001-04-15,0,0,0,5,3,21,21,0.03014,0.33856
390.354744066771,537.484709756223,"control","P1931","Multiespecie",82,62,583,671,20,76,0,0,"Ovi_Carne",NA,NA,NA,0,0,0,3,2,18,15,0.01773,0.2667
390.189679824991,538.863466851819,"control","P1932","Multiespecie",40,18,234,169,27,127,628,0,"Ovi_Mixto",NA,NA,NA,0,0,0,3,2,15,20,0.00708,0.3515
386.661546652115,540.879244868447,"control","P1933","Monoespecie",0,0,82,75,0,0,0,0,"Ovi_Carne",NA,NA,NA,0,0,0,2,4,13,19,0.00695,0.30216
388.444012444897,539.138246738131,"control","P1934","Monoespecie",41,18,0,0,0,0,0,0,"Bov_Mixto",NA,NA,NA,0,0,0,4,2,19,18,0.04123,0.30477
390.356638933361,536.097253768294,"control","P1935","Multiespecie",24,18,72,64,83,282,0,6,"Mixtos",NA,NA,2001-03-12,0,0,0,3,4,10,36,0.0012,0.21774
386.922252420302,540.993252993322,"control","P1936","Multiespecie",22,18,203,243,7,32,0,2,"Ovi_Carne",NA,NA,NA,0,0,0,3,3,13,7,0.04259,0.15902
400.941374513137,539.237391778855,"control","P1937","Multiespecie",45,36,106,65,22,85,0,0,"Ovi_Lana",NA,NA,NA,0,0,0,8,6,46,14,0.02926,0.26995
398.152609879736,541.320339976947,"control","P1938","Multiespecie",18,8,23,17,45,146,0,4,"Mixtos",NA,NA,NA,0,0,0,3,1,23,8,0.02157,0.20336
392.068209311001,542.702925475418,"control","P1939","Multiespecie",23,18,6,4,0,0,0,4,"Bov_Leche",NA,NA,NA,0,0,0,3,1,16,7,0.00159,0.38539
385.143874402608,538.68698711847,"control","P1940","Multiespecie",22,17,93,101,2,4,65,0,"Ovi_Lana",NA,NA,NA,0,0,0,1,2,7,14,0.01067,0.13336
388.717578790365,537.840921730416,"control","P1941","Monoespecie",0,0,495,464,0,0,0,4,"Ovi_Mixto",NA,NA,NA,0,0,0,11,3,35,8,0.01202,0.37263
386.825465194811,541.579286325566,"control","P1942","Monoespecie",0,0,247,186,0,0,0,0,"Ovi_Carne",NA,NA,NA,0,0,0,2,3,5,19,0.02903,0.13677
386.642923560916,539.62221806669,"control","P1943","Multiespecie",41,22,835,840,3,7,9,4,"Ovi_Lana",NA,NA,NA,0,0,0,4,4,27,14,0.0058,0.29132
382.432262224528,542.420286570313,"control","P1944","Multiespecie",65,41,175,196,198,799,72,2,"Mixtos",NA,NA,NA,0,0,0,4,4,27,30,0.00968,0.21882
394.996868528931,537.059957862229,"control","P1945","Multiespecie",83,43,48,38,38,128,734,4,"Mixtos",NA,NA,NA,0,0,0,8,7,35,32,0.00609,0.11333
402.22069375985,536.994730152464,"control","P1946","Multiespecie",6,3,34,37,1,2,0,0,"Ovi_Lana",NA,NA,NA,0,0,0,5,2,26,18,0.03585,0.3382
390.716987473592,540.255272830733,"control","P1947","Monoespecie",0,0,0,0,9,40,0,3,"Mixtos",NA,NA,NA,0,0,0,2,5,15,40,0.00961,0.13884
382.186859366216,541.026754765573,"control","P1948","Multiespecie",125,84,108,123,8,36,0,0,"Ovi_Carne",NA,NA,2001-03-16,0,0,0,5,10,38,75,0.02017,0.10149
392.617343359133,538.69058027072,"control","P1949","Monoespecie",232,157,0,0,0,0,304,0,"Bov_Mixto",NA,NA,NA,0,0,0,12,3,27,21,0.04431,0.18056
394.09025287558,536.126872482848,"control","P1950","Multiespecie",17,9,62,45,4,15,79,0,"Ovi_Carne",NA,NA,NA,0,0,0,2,1,11,3,0.03711,0.30687
387.093584044626,538.250550270383,"control","P1951","Multiespecie",34,24,123,97,28,116,0,0,"Ovi_Carne",NA,NA,2001-04-13,0,0,0,3,2,11,7,0.04756,0.34589
386.661856551838,539.776311138955,"control","P1952","Multiespecie",15,12,17,18,16,66,0,4,"Mixtos",NA,NA,NA,0,0,0,7,3,25,10,0.00917,0.35372
388.345139727152,537.443640572453,"control","P1953","Monoespecie",0,0,264,313,0,0,213,0,"Ovi_Lana",NA,NA,NA,0,0,0,1,1,5,6,0.0359,0.18586
390.440438410603,542.175917278733,"control","P1954","Multiespecie",58,37,386,463,24,85,350,3,"Ovi_Carne",NA,NA,NA,0,0,0,2,11,11,50,0.01417,0.15448
388.674084791948,537.377381189383,"control","P1955","Multiespecie",13,10,244,261,34,156,0,2,"Ovi_Carne",NA,NA,NA,0,0,0,3,2,17,9,0.03657,0.19256
387.832997966044,539.170783745508,"control","P1956","Multiespecie",52,39,66,40,2,10,0,4,"Ovi_Mixto",NA,NA,2001-03-15,0,0,0,7,4,43,14,0.03415,0.11785
388.836734444479,537.811441405367,"control","P1957","Multiespecie",128,80,59,54,4,10,557,2,"Bov_Carne",NA,NA,NA,0,0,0,1,3,5,27,0.0023,0.26402
397.775544792643,535.199383710551,"control","P1958","Monoespecie",0,0,32,32,0,0,0,3,"Ovi_Carne",NA,NA,NA,0,0,0,5,3,24,12,0.0232,0.13274
395.419951388544,539.640679630016,"control","P1959","Multiespecie",131,104,125,112,2,10,0,5,"Ovi_Mixto",NA,NA,NA,0,0,0,3,3,21,22,0.04269,0.18825
398.551230910401,515.550155456963,"control","P1960","Monoespecie",0,0,0,0,85,305,0,0,"Mixtos",NA,NA,NA,0,0,0,3,2,20,15,0.04507,0.36591
392.983405377256,515.74073160211,"control","P1961","Monoespecie",180,120,0,0,0,0,0,2,"Bov_Carne",NA,NA,NA,0,0,0,7,6,42,30,0.04305,0.39222
400.383374251162,514.896576121077,"control","P1962","Monoespecie",0,0,284,335,0,0,63,5,"Ovi_Carne",NA,NA,2001-03-21,0,0,0,6,6,43,14,0.01054,0.13161
398.760475254478,517.984447774903,"control","P1963","Multiespecie",38,29,40,43,5,22,0,0,"Ovi_Carne",NA,NA,NA,0,0,0,2,4,13,8,0.02569,0.33713
400.434831762182,517.298832963568,"control","P1964","Multiespecie",54,25,447,425,18,72,0,0,"Ovi_Lana",NA,NA,NA,0,0,0,5,2,13,5,0.02777,0.13528
385.556019688231,522.20683568153,"control","P1965","Multiespecie",32,17,39,40,30,80,0,0,"Mixtos",NA,NA,2001-04-15,0,0,0,5,4,16,32,0.0028,0.16325
392.317450947489,521.423228629069,"control","P1966","Multiespecie",39,26,34,40,1,4,0,0,"Ovi_Lana",NA,NA,NA,0,0,0,7,18,47,110,0.04059,0.23215
390.825542359638,523.200721080148,"control","P1967","Multiespecie",29,19,326,354,583,1924,0,0,"Mixtos",NA,NA,NA,0,0,0,14,3,83,15,0.00918,0.2767
394.130937692483,525.090402098224,"control","P1968","Multiespecie",16,8,292,248,170,399,0,0,"Mixtos",NA,NA,2001-04-05,0,0,0,10,6,47,53,0.03086,0.36998
393.264514167689,522.36365338564,"control","P1969","Multiespecie",159,83,457,414,2,8,404,3,"Ovi_Carne",NA,NA,NA,0,0,0,9,1,46,8,0.02476,0.31372
393.541301208591,522.652430275306,"control","P1970","Multiespecie",11,7,42,50,102,499,0,0,"Mixtos",NA,NA,NA,0,0,0,7,2,43,15,0.02734,0.16811
394.366638813193,522.530013289808,"control","P1971","Multiespecie",75,32,1740,2041,5,18,0,0,"Ovi_Lana",NA,NA,NA,0,0,0,4,19,12,95,0.04943,0.14709
384.277353610101,529.068084505572,"control","P1972","Multiespecie",241,153,19,22,7,30,193,6,"Bov_Mixto",NA,NA,NA,0,0,0,4,2,24,19,0.00829,0.28614
392.411259071501,521.453142677124,"control","P1973","Monoespecie",0,0,41,38,0,0,0,0,"Ovi_Lana",NA,NA,NA,0,0,0,1,2,5,6,0.04714,0.13976
392.312181029227,520.010414355148,"control","P1974","Monoespecie",0,0,168,161,0,0,0,0,"Ovi_Carne",NA,NA,NA,0,0,0,2,1,12,6,0.01673,0.36201
392.326752001927,522.995610667444,"control","P1975","Multiespecie",10,8,162,139,15,42,4740,0,"Ovi_Lana",NA,NA,NA,0,0,0,9,6,65,31,0.00822,0.37426
385.12369675323,520.78468570867,"control","P1976","Multiespecie",34,25,273,287,6,17,0,2,"Ovi_Mixto",NA,NA,NA,0,0,0,1,3,7,7,0.04275,0.31046
394.052410090221,525.601008459469,"control","P1977","Monoespecie",0,0,149,159,0,0,0,7,"Ovi_Carne",NA,NA,NA,0,0,0,1,5,8,40,0.00227,0.23844
392.338324168086,522.695679759823,"control","P1978","Multiespecie",78,42,107,127,32,118,0,0,"Ovi_Carne",NA,NA,2001-03-07,0,0,0,5,4,16,27,0.00096,0.10794
396.691617029992,526.165277130002,"control","P1979","Multiespecie",109,45,117,88,9,44,199,0,"Ovi_Mixto",NA,NA,NA,0,0,0,5,3,13,20,0.04068,0.32929
393.390006294546,521.300489784666,"control","P1980","Monoespecie",177,103,0,0,0,0,0,0,"Bov_Leche",NA,NA,NA,0,0,0,1,5,8,47,0.01025,0.14522
392.43976976213,519.94271357993,"control","P1981","Multiespecie",21,12,383,458,144,345,0,0,"Ovi_Carne",NA,NA,NA,0,0,0,5,3,33,20,0.03785,0.2424
393.402269740418,520.832907268867,"control","P1982","Monoespecie",0,0,0,0,12,60,0,3,"Mixtos",NA,NA,NA,0,0,0,8,2,34,8,0.04912,0.39077
396.613660243596,522.458218233064,"control","P1983","Multiespecie",32,16,26,21,1,2,1452,0,"Bov_Carne",NA,NA,NA,0,0,0,3,2,22,13,0.03716,0.29521
395.479330073836,522.396379542814,"control","P1984","Multiespecie",10,6,479,424,1,4,0,0,"Ovi_Carne",NA,NA,NA,0,0,0,2,12,7,88,0.00043,0.10642
391.506608520867,520.191769531142,"control","P1985","Multiespecie",9,6,32,26,9,36,0,1,"Ovi_Mixto",NA,NA,NA,0,0,0,1,3,4,27,0.02958,0.21122
396.774972249008,524.237855510687,"control","P1986","Monoespecie",0,0,35,39,0,0,0,0,"Ovi_Lana",NA,NA,NA,0,0,0,3,4,10,40,0.0017,0.3294
394.752658310065,521.905358211925,"control","P1987","Multiespecie",27,16,9,7,7,20,1994,3,"Bov_Leche",NA,NA,NA,0,0,0,4,4,21,24,0.00481,0.28424
394.508673018874,522.82320605705,"control","P1988","Multiespecie",23,17,97,66,13,45,19,0,"Ovi_Lana",NA,NA,NA,0,0,0,3,2,18,6,0.00478,0.16569
395.734671348271,523.22478802751,"control","P1989","Multiespecie",37,23,41,26,2,5,44,2,"Ovi_Mixto",NA,NA,NA,0,0,0,4,2,26,14,0.01238,0.27118
397.244493476231,524.310858104572,"control","P1990","Monoespecie",0,0,0,0,33,69,51,0,"Mixtos",NA,NA,NA,0,0,0,3,1,16,5,0.02852,0.15461
389.240462890978,519.683005827269,"control","P1991","Monoespecie",0,0,169,148,0,0,30,6,"Ovi_Carne",NA,NA,NA,0,0,0,3,4,9,28,0.01017,0.16623
398.72785156903,515.757179293555,"control","P1992","Multiespecie",5,3,40,38,29,93,0,5,"Mixtos",NA,NA,NA,0,0,0,6,4,20,14,0.00917,0.13382
402.547870865678,513.195390955832,"control","P1993","Multiespecie",11,7,159,180,6,20,0,0,"Ovi_Carne",NA,NA,NA,0,0,0,5,4,32,28,0.04144,0.19141
395.856651894108,511.999443889482,"control","P1994","Multiespecie",65,49,36,28,8,38,0,4,"Bov_Mixto",NA,NA,NA,0,0,0,5,8,35,39,0.02265,0.3565
398.710679179795,515.118483810484,"control","P1995","Monoespecie",0,0,100,105,0,0,0,7,"Ovi_Lana",NA,NA,2001-03-16,0,0,0,4,1,9,6,0.042,0.16857
392.215536819088,513.643276410103,"control","P1996","Multiespecie",45,31,16,17,22,69,0,3,"Mixtos",NA,NA,2001-03-12,0,0,0,9,2,71,14,0.03622,0.15779
397.593523429413,514.438307256175,"control","P1997","Monoespecie",0,0,1037,1110,0,0,0,0,"Ovi_Carne",NA,NA,NA,0,0,0,2,6,16,56,0.03405,0.17712
395.788701181454,510.538722491588,"control","P1998","Multiespecie",21,10,71,46,33,82,0,4,"Ovi_Mixto",NA,NA,2001-03-29,0,0,0,4,2,16,5,0.00019,0.33986
401.668618270364,512.959918209034,"control","P1999","Monoespecie",0,0,0,0,38,113,0,0,"Mixtos",NA,NA,NA,0,0,0,6,1,30,5,0.03181,0.36621
399.778410276469,514.781538298345,"control","P2000","Monoespecie",0,0,63,52,0,0,0,0,"Ovi_Lana",NA,NA,NA,0,0,0,8,4,23,37,0.02141,0.33759
399.254845331086,513.279481251738,"control","P2001","Monoespecie",0,0,346,359,0,0,0,0,"Ovi_Mixto",NA,NA,2001-03-09,0,0,0,2,4,9,34,0.01103,0.3146
399.26429353278,513.483268329767,"control","P2002","Multiespecie",129,60,64,51,3,7,0,0,"Bov_Leche",NA,NA,NA,0,0,0,2,2,7,15,0.02003,0.35508
394.09575527616,511.730844145627,"control","P2003","Monoespecie",107,80,0,0,0,0,0,2,"Bov_Carne",NA,NA,NA,0,0,0,3,3,17,20,0.03088,0.34866
398.620667329695,513.170614040473,"control","P2004","Multiespecie",13,6,187,142,5,19,895,0,"Ovi_Mixto",NA,NA,NA,0,0,0,3,5,21,34,0.00538,0.21991
401.214029806748,514.702548321145,"control","P2005","Monoespecie",0,0,43,28,0,0,0,0,"Ovi_Carne",NA,NA,NA,0,0,0,2,6,6,19,0.02469,0.32872
397.767604168455,513.35107432517,"control","P2006","Multiespecie",42,20,221,133,44,89,0,0,"Ovi_Carne",NA,NA,NA,0,0,0,3,3,12,15,0.00144,0.13657
397.903262288987,514.457229433061,"control","P2007","Multiespecie",10,5,113,77,23,80,3334,5,"Ovi_Carne",NA,NA,NA,0,0,0,5,2,40,7,0.0493,0.2074
397.923614655333,513.577987450838,"control","P2008","Multiespecie",22,15,36,40,11,25,0,0,"Ovi_Lana",NA,NA,NA,0,0,0,6,7,46,65,0.03654,0.38791
400.905692000117,514.333851628043,"control","P2009","Monoespecie",87,61,0,0,0,0,0,0,"Bov_Carne",NA,NA,NA,0,0,0,1,3,6,16,0.02495,0.35913
395.882147680352,511.131333223358,"control","P2010","Monoespecie",0,0,358,301,0,0,0,0,"Ovi_Carne",NA,NA,NA,0,0,0,4,5,18,20,0.02932,0.24655
403.319088458197,513.64454109915,"control","P2011","Multiespecie",41,20,215,180,38,77,0,0,"Ovi_Carne",NA,NA,NA,0,0,0,9,4,68,20,0.00941,0.31377
401.303448107222,518.73778146216,"control","P2012","Monoespecie",45,33,0,0,0,0,6,0,"Bov_Leche",NA,NA,NA,0,0,0,9,11,30,91,0.01419,0.34547
399.33071178601,520.590402371872,"control","P2013","Monoespecie",0,0,68,71,0,0,0,0,"Ovi_Carne",NA,NA,NA,0,0,0,4,1,16,8,0.00423,0.20324
395.977050276386,517.753182391938,"control","P2014","Multiespecie",56,33,32,38,4,13,2110,0,"Bov_Carne",NA,NA,NA,0,0,0,6,5,34,38,0.03317,0.39563
399.639936820019,519.500074223955,"control","P2015","Multiespecie",48,21,46,41,5,24,97,0,"Ovi_Carne",NA,NA,NA,0,0,0,2,1,8,3,0.00434,0.12842
394.075549335366,519.709120810642,"control","P2016","Monoespecie",0,0,137,89,0,0,0,0,"Ovi_Mixto",NA,NA,NA,0,0,0,4,3,31,20,0.04485,0.22255
400.922785496436,520.264170988228,"control","P2017","Multiespecie",113,73,319,253,10,20,0,6,"Ovi_Lana",NA,NA,NA,0,0,0,4,1,11,9,0.0225,0.35403
398.531000378592,519.6722640454,"control","P2018","Multiespecie",20,15,271,241,9,32,0,4,"Ovi_Carne",NA,NA,2001-04-12,0,0,0,2,7,6,22,0.02324,0.15107
393.722851562141,517.302523517526,"control","P2019","Monoespecie",0,0,232,253,0,0,0,3,"Ovi_Mixto",NA,NA,2001-03-27,0,0,0,2,2,11,19,0.03197,0.11095
401.296002639627,519.113874234224,"control","P2020","Monoespecie",0,0,0,0,67,209,171,0,"Mixtos",NA,NA,NA,0,0,0,3,3,14,20,0.0269,0.2393
396.549304315637,519.040122127755,"control","P2021","Monoespecie",0,0,74,47,0,0,0,3,"Ovi_Carne",NA,NA,NA,0,0,0,12,2,47,8,0.0398,0.17849
397.780993815323,520.102500965057,"control","P2022","Multiespecie",10,8,298,302,40,110,0,4,"Ovi_Mixto",NA,NA,2001-04-14,0,0,0,4,1,27,6,0.04113,0.16008
398.258157373692,517.099132291043,"control","P2023","Monoespecie",0,0,542,578,0,0,104,0,"Ovi_Mixto",NA,NA,NA,0,0,0,1,2,3,19,0.00698,0.16038
397.981617329236,519.44753397961,"control","P2024","Multiespecie",28,14,24,18,15,65,0,5,"Mixtos",NA,NA,NA,0,0,0,4,3,11,18,0.0285,0.30984
402.616001687191,516.132450686101,"control","P2025","Multiespecie",122,51,33,37,79,289,0,0,"Mixtos",NA,NA,NA,0,0,0,2,7,6,18,0.00779,0.23649
393.448204824308,517.252765188677,"control","P2026","Multiespecie",58,27,71,59,2,4,0,0,"Ovi_Lana",NA,NA,NA,0,0,0,5,2,36,16,0.01241,0.23196
389.327057202927,527.100543658507,"control","P2027","Multiespecie",64,31,35,26,284,989,303,1,"Mixtos",NA,NA,NA,0,0,0,3,2,13,19,0.04192,0.19868
390.835968458245,526.209420759227,"control","P2028","Multiespecie",59,35,55,58,64,151,0,0,"Mixtos",NA,NA,NA,0,0,0,1,6,4,20,0.00796,0.23467
394.245733936255,525.042866961671,"control","P2029","Multiespecie",9,5,110,68,4,19,0,0,"Ovi_Carne",NA,NA,NA,0,0,0,2,7,12,33,0.00524,0.21578
392.049472207944,524.329068805611,"control","P2030","Monoespecie",0,0,112,128,0,0,0,8,"Ovi_Lana",NA,NA,2001-03-15,0,0,0,6,2,29,12,0.03716,0.12729
394.434543812341,523.814910021005,"control","P2031","Multiespecie",57,36,611,456,26,56,0,5,"Ovi_Carne",NA,NA,NA,0,0,0,3,2,8,16,0.00583,0.28744
390.765201240614,528.207195787368,"control","P2032","Multiespecie",23,9,25,24,4,12,0,0,"Ovi_Lana",NA,NA,NA,0,0,0,8,1,38,6,0.02625,0.22948
397.466987802336,521.948806240066,"control","P2033","Multiespecie",10,4,45,27,9,25,0,0,"Ovi_Carne",NA,NA,NA,0,0,0,2,6,11,58,0.04204,0.16954
390.89063748856,519.330431332012,"control","P2034","Multiespecie",13,6,80,86,1,3,0,2,"Ovi_Carne",NA,NA,NA,0,0,0,6,2,21,10,0.03367,0.31364
398.972219423729,522.06028392917,"control","P2035","Multiespecie",19,12,59,53,7,24,0,0,"Ovi_Mixto",NA,NA,NA,0,0,0,6,2,31,4,0.02876,0.27878
398.916335960467,519.511811144569,"control","P2036","Multiespecie",167,75,8,6,108,364,0,0,"Mixtos",NA,NA,NA,0,0,0,2,2,13,18,0.00974,0.36479
393.812869432429,520.159157069174,"control","P2037","Multiespecie",10,5,150,115,14,64,0,0,"Ovi_Carne",NA,NA,NA,0,0,0,5,4,27,33,0.00634,0.13983
397.260505501712,519.273850753329,"control","P2038","Multiespecie",47,21,144,105,1,4,57,0,"Ovi_Mixto",NA,NA,NA,0,0,0,6,3,41,9,0.00301,0.14243
396.483209223414,518.789561151456,"control","P2039","Multiespecie",27,14,106,126,84,282,0,0,"Mixtos",NA,NA,NA,0,0,0,3,2,14,12,0.0091,0.14853
395.705653281462,519.962527211136,"control","P2040","Multiespecie",203,82,41,28,4,11,0,3,"Bov_Carne",NA,NA,NA,0,0,0,2,2,10,12,0.02938,0.3602
400.229284076732,520.47476191104,"control","P2041","Multiespecie",9,4,1126,1240,6,20,0,3,"Ovi_Carne",NA,NA,NA,0,0,0,2,2,8,14,0.01303,0.30798
398.836344759833,522.657540369064,"control","P2042","Monoespecie",0,0,0,0,620,3064,0,0,"Mixtos",NA,NA,NA,0,0,0,2,4,10,14,0.04552,0.14229
397.509503152817,519.087892262223,"control","P2043","Multiespecie",16,9,228,191,16,54,0,0,"Ovi_Mixto",NA,NA,NA,0,0,0,4,3,13,26,0.02409,0.1999
398.693786416475,519.80166539964,"control","P2044","Multiespecie",5,4,564,385,3,15,0,0,"Ovi_Mixto",NA,NA,NA,0,0,0,5,5,18,37,0.04263,0.3773
393.631123509129,517.734279140869,"control","P2045","Multiespecie",22,12,11,10,5,19,0,0,"Bov_Leche",NA,NA,NA,0,0,0,2,12,14,72,0.00179,0.17456
382.067047127959,558.276896252176,"control","P2046","Multiespecie",10,4,40,41,10,31,0,3,"Ovi_Lana",NA,NA,NA,0,0,0,4,8,30,69,0.02106,0.29847
382.107643599112,559.308864391747,"control","P2047","Monoespecie",0,0,233,259,0,0,0,0,"Ovi_Carne",NA,NA,NA,0,0,0,3,8,24,57,0.01302,0.29704
382.987735177065,557.943000395633,"control","P2048","Monoespecie",0,0,285,196,0,0,0,0,"Ovi_Lana",NA,NA,NA,0,0,0,2,3,11,10,0.03841,0.23437
382.040236468228,559.107548250962,"control","P2049","Multiespecie",35,14,91,77,57,160,0,4,"Mixtos",NA,NA,NA,0,0,0,6,7,38,58,0.04156,0.26485
381.212441452292,557.155679654797,"control","P2050","Multiespecie",98,51,113,117,39,105,0,0,"Ovi_Mixto",NA,NA,NA,0,0,0,2,7,5,38,0.0424,0.20244
380.990196975587,556.856950037974,"control","P2051","Multiespecie",31,24,163,128,3,8,0,0,"Ovi_Carne",NA,NA,NA,0,0,0,6,2,26,13,0.04083,0.13394
383.592956541931,549.506302781133,"control","P2052","Multiespecie",15,8,114,107,1,4,0,0,"Ovi_Lana",NA,NA,2001-03-20,0,0,0,2,4,11,35,0.00065,0.16307
383.043005652203,554.730349627847,"control","P2053","Monoespecie",0,0,85,60,0,0,0,1,"Ovi_Lana",NA,NA,NA,0,0,0,3,3,20,24,0.01254,0.14569
380.179942424874,558.526194248944,"control","P2054","Monoespecie",0,0,43,35,0,0,0,0,"Ovi_Carne",NA,NA,NA,0,0,0,5,7,28,58,0.04487,0.33714
385.11887599456,559.80354040303,"control","P2055","Monoespecie",0,0,0,0,43,130,0,2,"Mixtos",NA,NA,NA,0,0,0,8,5,28,34,0.03185,0.12498
384.61015603204,547.667840290311,"control","P2056","Multiespecie",14,11,124,94,27,90,133,0,"Ovi_Mixto",NA,NA,NA,0,0,0,4,1,20,10,0.02256,0.32621
383.131692496611,546.295332782851,"control","P2057","Multiespecie",45,28,107,89,15,58,379,0,"Ovi_Lana",NA,NA,NA,0,0,0,4,2,8,7,0.03712,0.2127
379.117929265041,557.110311237945,"control","P2058","Monoespecie",0,0,174,164,0,0,22,1,"Ovi_Lana",NA,NA,2001-04-15,0,0,0,3,8,7,53,0.0416,0.24815
381.45523169159,555.844247604096,"control","P2059","Monoespecie",56,40,0,0,0,0,0,0,"Bov_Mixto",NA,NA,NA,0,0,0,3,3,18,7,0.02182,0.12158
381.944634191725,555.002773048801,"control","P2060","Monoespecie",0,0,238,243,0,0,0,0,"Ovi_Mixto",NA,NA,NA,0,0,0,4,3,26,7,0.03599,0.11383
380.999084405453,557.011912222991,"control","P2061","Multiespecie",100,65,279,211,311,1364,0,0,"Mixtos",NA,NA,NA,0,0,0,4,4,30,32,0.00417,0.10074
380.289663358036,556.210322313011,"control","P2062","Monoespecie",0,0,65,59,0,0,0,0,"Ovi_Carne",NA,NA,NA,0,0,0,4,5,31,46,0.01401,0.30223
382.924214515915,558.681130300494,"control","P2063","Multiespecie",53,28,96,101,1,5,0,0,"Ovi_Lana",NA,NA,NA,0,0,0,3,2,15,18,0.04951,0.21951
383.787864295895,556.478863829244,"control","P2064","Multiespecie",116,93,1286,872,12,36,30,0,"Ovi_Lana",NA,NA,NA,0,0,0,2,1,5,10,0.0316,0.21954
383.959547286444,553.257135931172,"control","P2065","Monoespecie",65,33,0,0,0,0,0,0,"Bov_Carne",NA,NA,NA,0,0,0,3,2,16,9,0.03427,0.39241
383.538174447269,553.706812206379,"control","P2066","Monoespecie",0,0,0,0,375,1432,0,0,"Mixtos",NA,NA,2001-03-10,0,0,0,7,2,52,9,0.01808,0.34655
383.434072928204,556.536975245761,"control","P2067","Multiespecie",10,4,92,57,4,9,0,8,"Ovi_Lana",NA,NA,2001-03-11,0,0,0,9,4,53,23,0.01846,0.27335
383.039779575106,555.580057376621,"control","P2068","Multiespecie",51,25,1625,1044,117,550,0,0,"Ovi_Carne",NA,NA,NA,0,0,0,2,2,7,18,0.0331,0.19196
383.263260385266,557.555311889403,"control","P2069","Monoespecie",0,0,76,57,0,0,0,0,"Ovi_Carne",NA,NA,NA,0,0,0,2,3,7,25,0.04106,0.11838
383.959008282039,555.606287018654,"control","P2070","Monoespecie",0,0,100,81,0,0,0,0,"Ovi_Lana",NA,NA,NA,0,0,0,2,1,7,6,0.04123,0.25565
383.207467180024,555.836606817917,"control","P2071","Multiespecie",18,8,14,11,19,64,0,4,"Mixtos",NA,NA,NA,0,0,0,5,2,27,20,0.00814,0.23701
382.384139489211,552.662615680793,"control","P2072","Multiespecie",43,26,270,313,27,125,0,6,"Ovi_Lana",NA,NA,2001-04-06,0,0,0,4,2,16,11,0.03213,0.14693
383.498769798197,556.162681401183,"control","P2073","Multiespecie",13,8,85,77,9,43,1,1,"Ovi_Mixto",NA,NA,NA,0,0,0,6,3,43,12,0.0444,0.16679
380.979765238846,554.954070730345,"control","P2074","Multiespecie",38,21,64,70,3,8,0,0,"Ovi_Lana",NA,NA,NA,0,0,0,3,3,20,12,0.0158,0.17893
384.069661432818,552.334005753466,"control","P2075","Monoespecie",0,0,0,0,49,187,9428,0,"Mixtos",NA,NA,2001-04-16,0,0,0,10,1,74,2,0.0234,0.35254
383.825482167909,553.215072549418,"control","P2076","Monoespecie",0,0,309,358,0,0,0,1,"Ovi_Carne",NA,NA,NA,0,0,0,2,2,14,20,0.04036,0.24405
382.786671045244,550.077608875839,"control","P2077","Multiespecie",21,13,94,111,38,89,0,5,"Ovi_Mixto",NA,NA,NA,0,0,0,2,2,9,16,0.04524,0.28449
381.678741343285,552.197373120322,"control","P2078","Multiespecie",8,3,30,26,1,2,0,0,"Ovi_Mixto",NA,NA,NA,0,0,0,3,4,18,35,0.01195,0.26137
383.773816792997,552.675481847896,"control","P2079","Monoespecie",454,340,0,0,0,0,0,3,"Bov_Mixto",NA,NA,NA,0,0,0,2,2,9,12,0.04929,0.16053
384.846037456575,551.010681779071,"control","P2080","Multiespecie",11,8,86,63,30,135,0,0,"Mixtos",NA,NA,NA,0,0,0,3,4,15,30,0.00903,0.3724
383.96155455349,545.155091203032,"control","P2081","Multiespecie",62,26,268,178,198,732,1198,0,"Mixtos",NA,NA,NA,0,0,0,1,2,8,5,0.00276,0.23141
384.15748293976,550.087903534832,"control","P2082","Multiespecie",14,10,62,69,4,12,0,0,"Ovi_Lana",NA,NA,NA,0,0,0,1,4,8,25,0.00484,0.32626
383.219728143425,549.402620487334,"control","P2083","Multiespecie",9,6,199,239,5,11,179,0,"Ovi_Carne",NA,NA,NA,0,0,0,2,6,5,38,0.02794,0.20423
383.662870374726,545.235793788007,"control","P2084","Multiespecie",144,94,108,83,18,75,0,0,"Bov_Leche",NA,NA,NA,0,0,0,2,5,11,24,0.0063,0.39548
386.567332051708,552.71881784715,"control","P2085","Multiespecie",20,11,107,125,12,37,0,4,"Ovi_Lana",NA,NA,NA,0,0,0,5,2,27,13,0.02359,0.3866
385.62221677704,551.373186796288,"control","P2086","Multiespecie",28,21,18,22,99,343,694,6,"Mixtos",NA,NA,2001-03-22,0,0,0,3,4,17,34,0.00055,0.20929
383.976623587127,549.348222259478,"control","P2087","Multiespecie",227,151,67,78,34,77,13,2,"Bov_Carne",NA,NA,NA,0,0,0,7,3,48,29,0.02533,0.21636
383.888474626493,548.590116181141,"control","P2088","Monoespecie",0,0,136,159,0,0,979,4,"Ovi_Carne",NA,NA,NA,0,0,0,3,1,7,6,0.01488,0.28507
385.129643556336,549.085610545758,"control","P2089","Multiespecie",46,21,281,280,19,61,485,2,"Ovi_Carne",NA,NA,NA,0,0,0,3,2,21,19,0.03087,0.3968
384.695120175068,557.409433590882,"control","P2090","Multiespecie",20,10,20,15,9,18,0,0,"Ovi_Lana",NA,NA,2001-04-14,0,0,0,1,3,6,12,0.03244,0.34525
381.836579713585,554.783787859678,"control","P2091","Multiespecie",26,11,297,212,3,7,0,0,"Ovi_Carne",NA,NA,NA,0,0,0,2,2,12,14,0.03929,0.27724
382.391695353616,551.675008515437,"control","P2092","Monoespecie",0,0,357,310,0,0,0,0,"Ovi_Carne",NA,NA,NA,0,0,0,6,2,28,16,0.04494,0.35649
383.593898654827,553.038898575791,"control","P2093","Multiespecie",22,14,9,9,24,100,0,0,"Mixtos",NA,NA,NA,0,0,0,3,3,23,9,0.02311,0.2839
381.903614542516,554.906112030921,"control","P2094","Monoespecie",140,81,0,0,0,0,32,2,"Bov_Mixto",NA,NA,NA,0,0,0,3,3,18,29,0.02392,0.12941
382.926063578635,547.237052599223,"control","P2095","Multiespecie",33,21,16,19,4,9,9,0,"Bov_Carne",NA,NA,NA,0,0,0,1,2,6,10,0.04814,0.28143
383.826262767483,547.633049404724,"control","P2096","Monoespecie",0,0,0,0,20,60,39,0,"Mixtos",NA,NA,NA,0,0,0,3,9,8,82,0.02014,0.31783
383.20312554375,548.833132157739,"control","P2097","Multiespecie",84,57,17,17,22,70,0,0,"Bov_Leche",NA,NA,NA,0,0,0,7,7,15,56,0.02001,0.13764
385.134295973235,548.031257543932,"control","P2098","Monoespecie",0,0,131,96,0,0,0,0,"Ovi_Carne",NA,NA,NA,0,0,0,3,4,13,22,0.04788,0.10007
383.817971976307,550.582834735921,"control","P2099","Multiespecie",5,2,336,381,3,14,0,5,"Ovi_Carne",NA,NA,NA,0,0,0,3,2,23,9,0.01904,0.18186
384.008687024721,555.313023018713,"control","P2100","Multiespecie",13,8,270,191,12,37,951,5,"Ovi_Mixto",NA,NA,NA,0,0,0,12,3,60,9,0.02036,0.22717
385.209281467499,547.84755735666,"control","P2101","Monoespecie",0,0,54,59,0,0,103,0,"Ovi_Carne",NA,NA,NA,0,0,0,2,2,10,16,0.02499,0.39345
383.61038352804,548.555069224765,"control","P2102","Monoespecie",0,0,154,177,0,0,47,0,"Ovi_Mixto",NA,NA,NA,0,0,0,3,1,6,5,0.04863,0.38964
391.049549597866,550.092873857769,"control","P2103","Multiespecie",15,12,89,99,21,101,0,0,"Ovi_Lana",NA,NA,2001-03-28,0,0,0,1,2,2,17,0.03589,0.1357
390.019178679216,551.131827741729,"control","P2104","Multiespecie",32,18,147,94,20,98,0,0,"Ovi_Lana",NA,NA,2001-04-16,0,0,0,5,5,34,37,0.03173,0.25
393.073488337456,550.671701615621,"control","P2105","Multiespecie",12,7,103,86,41,92,0,0,"Ovi_Carne",NA,NA,NA,0,0,0,6,6,34,42,0.01529,0.18592
391.358181378808,551.863744356274,"control","P2106","Multiespecie",105,54,19,17,21,46,0,2,"Bov_Carne",NA,NA,NA,0,0,0,3,3,16,20,0.00947,0.33176
391.147388687443,555.168980559487,"control","P2107","Multiespecie",30,18,23,19,19,71,0,4,"Mixtos",NA,NA,NA,0,0,0,4,3,31,14,0.03039,0.13688
389.217644538157,556.371843460539,"control","P2108","Multiespecie",30,16,1941,1568,123,517,1084,2,"Ovi_Carne",NA,NA,2001-04-07,0,0,0,5,2,39,12,0.01622,0.36631
393.17740606956,555.828342402656,"control","P2109","Monoespecie",0,0,0,0,36,120,0,5,"Mixtos",NA,NA,NA,0,0,0,2,3,5,27,0.0475,0.10053
390.660727732117,555.237005187988,"control","P2110","Multiespecie",24,17,145,102,35,141,155,2,"Ovi_Carne",NA,NA,NA,0,0,0,2,2,6,14,0.00595,0.14404
388.384496343132,557.758933783598,"control","P2111","Multiespecie",76,40,114,109,59,137,0,2,"Ovi_Lana",NA,NA,NA,0,0,0,1,3,8,14,0.04452,0.15875
389.193454619711,557.462757691783,"control","P2112","Multiespecie",15,9,206,213,30,127,0,0,"Ovi_Lana",NA,NA,NA,0,0,0,1,5,4,45,0.04679,0.35957
390.822053319672,559.038413901343,"control","P2113","Multiespecie",20,9,68,50,8,38,7218,0,"Ovi_Carne",NA,NA,NA,0,0,0,4,7,24,35,0.04133,0.21855
392.947617208806,558.653495068262,"control","P2114","Monoespecie",0,0,0,0,33,123,0,2,"Mixtos",NA,NA,NA,0,0,0,2,12,9,53,0.01807,0.16652
394.639792804693,557.873628633605,"control","P2115","Multiespecie",4,2,13,14,4,9,0,0,"Ovi_Lana",NA,NA,2001-03-23,0,0,0,4,2,21,19,0.01671,0.38482
391.316002950898,558.173128844858,"control","P2116","Monoespecie",0,0,784,528,0,0,0,0,"Ovi_Lana",NA,NA,NA,0,0,0,2,3,9,15,0.02339,0.29644
391.102466173227,557.154941568846,"control","P2117","Multiespecie",4,2,21,17,18,39,0,3,"Mixtos",NA,NA,NA,0,0,0,7,2,29,6,0.00249,0.26004
392.578983196787,558.9172665387,"control","P2118","Monoespecie",171,72,0,0,0,0,8334,0,"Bov_Leche",NA,NA,NA,0,0,0,2,4,14,27,0.00577,0.35984
390.045193130814,557.746064914576,"control","P2119","Multiespecie",31,16,27,31,38,180,0,5,"Mixtos",NA,NA,NA,0,0,0,5,3,25,10,0.00391,0.26619
390.312221930019,554.078176374238,"control","P2120","Monoespecie",0,0,142,113,0,0,99,0,"Ovi_Mixto",NA,NA,NA,0,0,0,4,3,16,15,0.00998,0.17652
391.769266650226,557.124330784758,"control","P2121","Monoespecie",0,0,0,0,136,675,0,0,"Mixtos",NA,NA,2001-03-26,0,0,0,6,5,27,22,0.0252,0.22929
387.859975161473,558.644897795411,"control","P2122","Monoespecie",64,47,0,0,0,0,0,5,"Bov_Leche",NA,NA,NA,0,0,0,5,4,21,16,0.01655,0.15287
393.644542198245,554.147988487861,"control","P2123","Monoespecie",0,0,119,124,0,0,0,0,"Ovi_Lana",NA,NA,NA,0,0,0,3,4,11,33,0.0082,0.2555
390.365009295957,555.981451007466,"control","P2124","Multiespecie",41,24,240,230,19,51,0,2,"Ovi_Mixto",NA,NA,NA,0,0,0,3,5,20,19,0.02077,0.12865
388.720210672611,557.28997915667,"control","P2125","Multiespecie",54,24,83,88,30,108,0,0,"Ovi_Carne",NA,NA,NA,0,0,0,3,3,12,23,0.04521,0.27846
392.607704056973,554.696158674482,"control","P2126","Monoespecie",0,0,45,47,0,0,0,0,"Ovi_Carne",NA,NA,NA,0,0,0,4,6,29,36,0.04371,0.33131
397.342446241697,552.799391231566,"control","P2127","Multiespecie",18,9,39,37,3,14,7,0,"Ovi_Lana",NA,NA,NA,0,0,0,2,1,12,7,0.0032,0.11857
395.668526153942,552.636149864532,"control","P2128","Multiespecie",56,38,15,16,7,32,0,2,"Bov_Carne",NA,NA,NA,0,0,0,8,3,23,28,0.03811,0.21467
395.781670335573,551.697265171839,"control","P2129","Multiespecie",41,22,45,51,1,5,259,6,"Ovi_Lana",NA,NA,2001-04-03,0,0,0,7,2,37,5,0.04489,0.27132
393.656578649925,552.009293146908,"control","P2130","Monoespecie",0,0,83,93,0,0,0,5,"Ovi_Lana",NA,NA,NA,0,0,0,8,8,50,62,0.02893,0.351
377.499811248011,550.099565191294,"control","P2131","Multiespecie",204,161,158,122,1,5,2768,0,"Bov_Leche",NA,NA,NA,0,0,0,9,2,61,15,0.01282,0.33939
377.446945693532,551.018585935371,"control","P2132","Monoespecie",0,0,0,0,79,350,0,3,"Mixtos",NA,NA,NA,0,0,0,8,4,28,11,0.00055,0.27296
378.085046532603,551.909077256528,"control","P2133","Monoespecie",0,0,61,70,0,0,165,0,"Ovi_Carne",NA,NA,NA,0,0,0,2,4,8,25,0.00737,0.20475
379.14472618229,551.948437142308,"control","P2134","Monoespecie",137,82,0,0,0,0,63,2,"Bov_Leche",NA,NA,NA,0,0,0,1,5,5,37,0.02738,0.33554
376.952602592245,551.370483651439,"control","P2135","Multiespecie",3,2,78,76,4,10,0,4,"Ovi_Carne",NA,NA,NA,0,0,0,1,3,8,19,0.02767,0.12375
381.07362867158,546.254707401737,"control","P2136","Multiespecie",38,18,202,209,4,10,350,3,"Ovi_Lana",NA,NA,NA,0,0,0,2,5,9,26,0.00971,0.38119
376.955135684902,550.32634303597,"control","P2137","Multiespecie",46,28,59,37,925,2586,0,3,"Mixtos",NA,NA,NA,0,0,0,4,3,14,21,0.0098,0.10119
379.442181501936,550.272011569786,"control","P2138","Multiespecie",26,18,601,694,9,40,0,0,"Ovi_Lana",NA,NA,2001-04-10,0,0,0,2,3,13,26,0.0018,0.19002
379.050962202914,548.185731991739,"control","P2139","Monoespecie",0,0,0,0,53,185,0,1,"Mixtos",NA,NA,NA,0,0,0,2,8,11,55,0.02891,0.33497
379.109883388882,552.341739623604,"control","P2140","Multiespecie",30,13,414,354,13,39,0,2,"Ovi_Carne",NA,NA,NA,0,0,0,5,2,40,7,0.03336,0.1374
378.944206108086,550.98899539279,"control","P2141","Monoespecie",0,0,26,28,0,0,0,6,"Ovi_Mixto",NA,NA,NA,0,0,0,5,4,17,18,0.02996,0.32363
379.247071188683,551.430520007603,"control","P2142","Multiespecie",25,19,84,98,31,120,0,5,"Ovi_Mixto",NA,NA,NA,0,0,0,2,2,10,10,0.01661,0.24726
379.980893125589,550.483322126593,"control","P2143","Multiespecie",22,12,30,18,5,12,119,0,"Ovi_Lana",NA,NA,NA,0,0,0,2,3,12,15,0.03071,0.23972
378.634889027701,552.732745883901,"control","P2144","Multiespecie",29,20,12,10,3,15,0,1,"Bov_Carne",NA,NA,NA,0,0,0,3,2,8,8,0.03681,0.25038
378.429979925885,549.718343552318,"control","P2145","Monoespecie",0,0,1270,869,0,0,0,6,"Ovi_Carne",NA,NA,NA,0,0,0,2,4,15,39,0.04591,0.27481
373.568108074635,549.176574181176,"control","P2146","Multiespecie",132,57,69,67,19,63,0,0,"Bov_Leche",NA,NA,2001-03-12,0,0,0,4,3,32,23,0.0348,0.25763
369.451488812715,549.860271576713,"control","P2147","Monoespecie",72,36,0,0,0,0,0,0,"Bov_Carne",NA,NA,2001-03-28,0,0,0,1,3,3,23,0.02514,0.21922
369.363976842277,551.973420668315,"control","P2148","Monoespecie",0,0,111,106,0,0,0,1,"Ovi_Lana",NA,NA,NA,0,0,0,3,8,19,70,0.04873,0.10602
368.783240402182,548.63826684734,"control","P2149","Multiespecie",19,8,258,226,9,35,0,0,"Ovi_Carne",NA,NA,NA,0,0,0,3,8,9,71,0.03301,0.37628
368.5356872766,548.0195201821,"control","P2150","Multiespecie",31,19,95,61,117,378,0,0,"Mixtos",NA,NA,2001-04-01,0,0,0,3,3,10,13,0.03485,0.21536
367.978721893843,552.795741780577,"control","P2151","Multiespecie",39,30,83,98,36,73,0,1,"Ovi_Carne",NA,NA,2001-04-11,0,0,0,6,3,13,18,0.01533,0.35187
365.911134298502,553.604665135803,"control","P2152","Monoespecie",0,0,0,0,74,328,0,5,"Mixtos",NA,NA,NA,0,0,0,2,1,14,6,0.02596,0.16461
368.921257405693,554.054657078361,"control","P2153","Multiespecie",11,7,102,96,86,272,0,0,"Mixtos",NA,NA,NA,0,0,0,3,3,11,20,0.02235,0.21694
366.451397906649,554.473383456871,"control","P2154","Monoespecie",72,48,0,0,0,0,0,2,"Bov_Leche",NA,NA,NA,0,0,0,2,1,8,7,0.01697,0.1723
367.736686534432,554.117394458829,"control","P2155","Multiespecie",61,44,32,20,9,41,0,0,"Bov_Leche",NA,NA,NA,0,0,0,5,10,22,28,0.02988,0.21043
367.318248770913,555.048791562372,"control","P2156","Multiespecie",30,18,80,82,3,7,338,0,"Ovi_Carne",NA,NA,NA,0,0,0,5,3,27,9,0.01935,0.19299
369.33773829234,550.666159250867,"control","P2157","Monoespecie",0,0,0,0,58,144,0,3,"Mixtos",NA,NA,NA,0,0,0,6,4,28,27,0.01963,0.22967
366.338847211982,551.06072937191,"control","P2158","Multiespecie",31,14,150,164,3,10,0,6,"Ovi_Lana",NA,NA,NA,0,0,0,1,2,6,14,0.00355,0.15775
366.502520002641,550.627989432604,"control","P2159","Monoespecie",0,0,172,197,0,0,3421,2,"Ovi_Carne",NA,NA,NA,0,0,0,6,2,16,17,0.01244,0.27001
365.761211725046,553.357473793413,"control","P2160","Multiespecie",28,11,432,327,6,24,0,0,"Ovi_Carne",NA,NA,NA,0,0,0,2,2,6,18,0.02253,0.36938
366.800471705376,552.595454115401,"control","P2161","Multiespecie",120,81,158,143,47,137,0,0,"Ovi_Mixto",NA,NA,NA,0,0,0,2,1,6,4,0.02122,0.20067
365.975574341452,548.940113387228,"control","P2162","Multiespecie",7,5,127,146,6,22,0,2,"Ovi_Carne",NA,NA,2001-03-08,0,0,0,2,4,11,19,0.00845,0.28558
373.215204150092,549.709328517317,"control","P2163","Multiespecie",67,51,66,69,5,19,0,1,"Ovi_Carne",NA,NA,NA,0,0,0,6,2,15,13,0.02717,0.31171
367.668818508857,554.454689690865,"control","P2164","Multiespecie",57,39,306,233,63,235,0,0,"Ovi_Carne",NA,NA,NA,0,0,0,8,2,53,7,0.02388,0.23708
369.702776089068,550.215060590385,"control","P2165","Multiespecie",18,13,63,67,13,47,0,0,"Ovi_Lana",NA,NA,NA,0,0,0,10,4,61,39,0.01857,0.36456
395.106948408565,497.834496954154,"control","P2166","Multiespecie",13,7,111,99,4,11,0,3,"Ovi_Carne",NA,NA,NA,0,0,0,4,6,21,57,0.01717,0.22731
395.778423966045,498.738464399982,"control","P2167","Monoespecie",0,0,0,0,43,206,0,0,"Mixtos",NA,NA,NA,0,0,0,2,2,10,10,0.04406,0.19386
400.532342259401,498.814750120525,"control","P2168","Multiespecie",48,21,18,20,6,26,810,4,"Bov_Leche",NA,NA,NA,0,0,0,3,2,22,14,0.01012,0.16815
394.947116749455,496.837921916788,"control","P2169","Multiespecie",91,37,103,81,29,114,0,0,"Ovi_Carne",NA,NA,NA,0,0,0,2,2,15,6,0.01008,0.32955
393.318411682985,501.074410941051,"control","P2170","Multiespecie",27,15,302,205,8,37,0,2,"Ovi_Mixto",NA,NA,NA,0,0,0,2,2,13,12,0.04378,0.39587
388.442225183941,501.593316659587,"control","P2171","Multiespecie",65,33,31,20,29,97,821,2,"Mixtos",NA,NA,NA,0,0,0,3,1,24,5,0.04108,0.32717
388.574910481668,497.957614323521,"control","P2172","Monoespecie",0,0,140,154,0,0,0,0,"Ovi_Carne",NA,NA,NA,0,0,0,11,1,75,6,0.00407,0.27527
383.334302433703,500.170927507814,"control","P2173","Multiespecie",12,5,93,82,59,271,0,0,"Mixtos",NA,NA,2001-03-31,0,0,0,1,3,3,17,0.01081,0.2867
390.537085443151,498.334428229007,"control","P2174","Monoespecie",0,0,86,101,0,0,0,0,"Ovi_Lana",NA,NA,2001-03-09,0,0,0,2,4,8,30,0.02478,0.26201
388.811539192923,498.811631331586,"control","P2175","Monoespecie",0,0,102,117,0,0,5,2,"Ovi_Carne",NA,NA,NA,0,0,0,8,4,49,23,0.03481,0.38347
392.917467032111,497.129504325628,"control","P2176","Monoespecie",0,0,100,77,0,0,0,2,"Ovi_Carne",NA,NA,2001-04-16,0,0,0,4,2,14,17,0.02518,0.3474
386.746093986967,500.585862528671,"control","P2177","Monoespecie",0,0,0,0,92,425,0,0,"Mixtos",NA,NA,NA,0,0,0,4,11,30,76,0.02122,0.36544
389.764017797102,500.758267994349,"control","P2178","Multiespecie",48,19,2181,2376,3,12,0,1,"Ovi_Carne",NA,NA,NA,0,0,0,8,15,57,31,0.04478,0.24567
387.409917886947,499.245249600304,"control","P2179","Multiespecie",117,69,6844,6945,114,398,0,0,"Ovi_Lana",NA,NA,2001-03-20,0,0,0,2,2,6,11,0.04329,0.2988
393.422465248281,498.136331232444,"control","P2180","Monoespecie",0,0,303,234,0,0,0,2,"Ovi_Mixto",NA,NA,NA,0,0,0,5,1,13,7,0.04077,0.10558
389.81026697589,499.070761349324,"control","P2181","Multiespecie",20,11,223,258,8,34,0,0,"Ovi_Carne",NA,NA,NA,0,0,0,2,2,9,5,0.01729,0.23474
389.431667037377,498.457077255917,"control","P2182","Multiespecie",5,3,89,64,3,8,0,1,"Ovi_Carne",NA,NA,NA,0,0,0,2,2,10,8,0.01316,0.10905
388.322315237896,500.481499463509,"control","P2183","Multiespecie",22,17,67,43,78,322,0,0,"Mixtos",NA,NA,NA,0,0,0,9,2,68,19,0.02243,0.12712
389.85542927405,496.765215350567,"control","P2184","Monoespecie",60,42,0,0,0,0,0,0,"Bov_Carne",NA,NA,NA,0,0,0,7,3,53,15,0.03746,0.24035
387.968611958868,502.136610539289,"control","P2185","Multiespecie",17,11,53,39,1,3,13051,0,"Ovi_Mixto",NA,NA,NA,0,0,0,1,4,7,38,0.03236,0.27011
392.353799680917,496.863645104578,"control","P2186","Multiespecie",8,5,6,6,59,173,0,5,"Mixtos",NA,NA,NA,0,0,0,5,4,34,28,0.04237,0.20788
388.593234391201,501.582065658902,"control","P2187","Multiespecie",9,7,105,94,1,5,0,0,"Ovi_Carne",NA,NA,NA,0,0,0,2,2,14,4,0.04207,0.23759
389.175415241303,499.197803022086,"control","P2188","Multiespecie",62,42,74,87,2,7,0,4,"Ovi_Mixto",NA,NA,NA,0,0,0,5,1,28,4,0.04784,0.20861
388.757824429789,502.04695464131,"control","P2189","Monoespecie",0,0,0,0,261,580,2294,0,"Mixtos",NA,NA,2001-04-06,0,0,0,1,3,3,11,0.01305,0.13059
388.828118905898,500.090496175818,"control","P2190","Monoespecie",0,0,44,47,0,0,0,2,"Ovi_Lana",NA,NA,NA,0,0,0,10,1,38,6,0.00484,0.37825
390.408063386273,499.658588458465,"control","P2191","Monoespecie",0,0,1335,1342,0,0,2964,0,"Ovi_Mixto",NA,NA,NA,0,0,0,4,1,15,5,0.04462,0.13158
394.108206381036,496.704312481885,"control","P2192","Monoespecie",0,0,0,0,32,138,0,0,"Mixtos",NA,NA,NA,0,0,0,3,2,18,20,0.01707,0.38317
389.235778993462,497.850026006391,"control","P2193","Monoespecie",13,8,0,0,0,0,0,0,"Bov_Carne",NA,NA,NA,0,0,0,2,1,16,7,0.02145,0.33123
389.684007465361,496.231145636052,"control","P2194","Monoespecie",0,0,117,73,0,0,0,0,"Ovi_Mixto",NA,NA,NA,0,0,0,6,2,37,20,0.01672,0.35493
388.97282167421,502.657387045571,"control","P2195","Multiespecie",123,50,82,58,5,24,0,4,"Bov_Leche",NA,NA,NA,0,0,0,9,6,35,49,0.02666,0.15488
388.132760478805,501.974044048102,"control","P2196","Monoespecie",0,0,0,0,14,59,148,4,"Mixtos",NA,NA,NA,0,0,0,3,2,17,17,0.01514,0.2578
388.201250218082,501.345442727351,"control","P2197","Multiespecie",9,7,56,51,30,69,0,0,"Ovi_Mixto",NA,NA,NA,0,0,0,3,7,20,38,0.04156,0.21009
394.111520557895,492.918321853714,"control","P2198","Multiespecie",39,26,52,56,29,84,0,2,"Mixtos",NA,NA,NA,0,0,0,4,2,24,5,0.01722,0.39997
394.564239744626,490.34948755948,"control","P2199","Monoespecie",0,0,37,40,0,0,0,1,"Ovi_Lana",NA,NA,2001-03-31,0,0,0,4,4,20,13,0.04204,0.2592
395.63756087741,491.983633670612,"control","P2200","Monoespecie",0,0,0,0,95,292,0,0,"Mixtos",NA,NA,NA,0,0,0,5,1,18,4,0.02859,0.38909
396.490585826481,491.945423594983,"control","P2201","Monoespecie",0,0,125,107,0,0,607,2,"Ovi_Carne",NA,NA,NA,0,0,0,2,2,15,10,0.01676,0.27151
392.399746193421,493.331630119252,"control","P2202","Multiespecie",27,18,159,122,61,171,11,0,"Ovi_Carne",NA,NA,2001-03-11,0,0,0,2,2,9,13,0.04382,0.37085
394.973178045738,490.794853689325,"control","P2203","Monoespecie",0,0,0,0,119,501,3377,0,"Mixtos",NA,NA,NA,0,0,0,1,4,2,13,0.04789,0.196
395.321873314652,491.012281299084,"control","P2204","Monoespecie",0,0,66,60,0,0,290,1,"Ovi_Lana",NA,NA,NA,0,0,0,5,3,19,9,0.01572,0.34468
395.704339258695,492.980070639755,"control","P2205","Multiespecie",18,11,55,56,13,56,0,1,"Ovi_Mixto",NA,NA,NA,0,0,0,7,1,27,5,0.01304,0.13958
387.424682693705,489.828231558846,"control","P2206","Monoespecie",141,103,0,0,0,0,8,3,"Bov_Mixto",NA,NA,2001-03-21,0,0,0,3,1,16,3,0.00208,0.32732
389.00285502723,489.930895450824,"control","P2207","Multiespecie",8,5,67,50,36,125,75,5,"Mixtos",NA,NA,NA,0,0,0,5,10,34,36,0.01045,0.20689
379.044931692376,496.971312063153,"control","P2208","Multiespecie",46,22,262,205,28,119,1015,3,"Ovi_Carne",NA,NA,NA,0,0,0,3,10,9,23,0.00784,0.29143
383.24311885688,487.103628352422,"control","P2209","Multiespecie",14,10,323,302,37,184,0,0,"Ovi_Lana",NA,NA,NA,0,0,0,2,5,12,16,0.03707,0.11524
388.735231399788,491.202298072994,"control","P2210","Multiespecie",12,10,81,93,7,33,0,2,"Ovi_Lana",NA,NA,NA,0,0,0,2,2,13,13,0.03592,0.32545
382.377834194941,493.457924030211,"control","P2211","Monoespecie",0,0,631,573,0,0,0,0,"Ovi_Carne",NA,NA,2001-04-10,0,0,0,5,5,37,42,0.00759,0.24091
384.581118356136,489.113605700391,"control","P2212","Multiespecie",4,3,112,91,51,115,212,3,"Ovi_Carne",NA,NA,NA,0,0,0,3,4,11,24,0.01931,0.3345
385.931204862696,487.092891713155,"control","P2213","Multiespecie",174,94,85,52,34,126,0,0,"Bov_Mixto",NA,NA,NA,0,0,0,7,6,19,48,0.04922,0.15276
386.645067849038,489.259957109486,"control","P2214","Multiespecie",9,7,138,151,2,10,371,4,"Ovi_Carne",NA,NA,NA,0,0,0,3,3,8,28,0.00227,0.35048
385.521713334267,488.567459295557,"control","P2215","Monoespecie",0,0,260,265,0,0,0,0,"Ovi_Lana",NA,NA,NA,0,0,0,1,1,6,2,0.01196,0.11633
387.601850010943,488.254954758734,"control","P2216","Monoespecie",0,0,0,0,27,121,0,5,"Mixtos",NA,NA,NA,0,0,0,9,3,55,11,0.03996,0.1496
386.13350251252,490.566891658219,"control","P2217","Multiespecie",38,23,265,200,8,20,113,4,"Ovi_Lana",NA,NA,NA,0,0,0,2,6,5,36,0.03197,0.27265
389.211594527986,488.461880264378,"control","P2218","Monoespecie",0,0,65,51,0,0,0,0,"Ovi_Carne",NA,NA,NA,0,0,0,3,2,18,11,0.03781,0.36265
386.886631855906,488.522319758036,"control","P2219","Monoespecie",0,0,694,453,0,0,1597,0,"Ovi_Lana",NA,NA,2001-03-17,0,0,0,3,5,24,10,0.00115,0.33704
382.56349148845,486.478214496779,"control","P2220","Multiespecie",12,9,599,675,9,43,0,0,"Ovi_Lana",NA,NA,NA,0,0,0,2,2,12,4,0.0396,0.21209
389.505333001749,489.554454771089,"control","P2221","Multiespecie",101,71,29,29,5,22,6,1,"Bov_Leche",NA,NA,2001-04-05,0,0,0,3,4,10,15,0.03754,0.31426
386.646144482582,490.809743722225,"control","P2222","Multiespecie",28,22,100,96,9,37,0,3,"Ovi_Lana",NA,NA,NA,0,0,0,3,1,8,8,0.0105,0.15663
384.343806735193,490.12832250078,"control","P2223","Multiespecie",137,98,8,6,8,38,0,0,"Bov_Leche",NA,NA,NA,0,0,0,2,3,7,14,0.01553,0.25955
385.066222885778,489.368620966194,"control","P2224","Monoespecie",0,0,135,147,0,0,0,0,"Ovi_Carne",NA,NA,NA,0,0,0,7,6,15,20,0.00402,0.38023
384.66321084012,488.657157529732,"control","P2225","Monoespecie",0,0,615,542,0,0,2240,4,"Ovi_Carne",NA,NA,NA,0,0,0,7,6,19,26,0.03118,0.12625
389.706727945974,489.300516218019,"control","P2226","Monoespecie",0,0,184,205,0,0,0,1,"Ovi_Carne",NA,NA,NA,0,0,0,1,3,3,7,0.03822,0.3693
385.030964476088,488.539291694966,"control","P2227","Multiespecie",17,11,34,35,366,1419,1815,0,"Mixtos",NA,NA,NA,0,0,0,2,3,6,14,0.00378,0.14536
385.873736789723,490.698028871179,"control","P2228","Monoespecie",67,39,0,0,0,0,289,3,"Bov_Carne",NA,NA,NA,0,0,0,2,3,9,18,0.02745,0.21498
383.332562125465,487.090001663558,"control","P2229","Multiespecie",74,52,20,24,16,73,0,0,"Bov_Carne",NA,NA,2001-03-17,0,0,0,6,1,26,7,0.01982,0.1182
379.904339081135,486.525757220933,"control","P2230","Monoespecie",0,0,34,25,0,0,0,0,"Ovi_Carne",NA,NA,NA,0,0,0,2,8,14,19,0.04565,0.21119
386.054881967092,490.033750606193,"control","P2231","Multiespecie",313,217,139,121,49,111,0,0,"Bov_Carne",NA,NA,NA,0,0,0,1,15,2,111,0.00781,0.36823
389.43870901074,487.922864450942,"control","P2232","Multiespecie",69,39,146,160,1,5,244,0,"Ovi_Carne",NA,NA,NA,0,0,0,2,3,12,24,0.00395,0.14528
387.334781859117,490.95672863806,"control","P2233","Monoespecie",0,0,167,116,0,0,0,0,"Ovi_Mixto",NA,NA,NA,0,0,0,1,5,7,44,0.0116,0.18909
384.956098134587,487.791605367364,"control","P2234","Monoespecie",0,0,1743,1255,0,0,20,0,"Ovi_Lana",NA,NA,NA,0,0,0,11,2,87,9,0.02459,0.1665
385.671854362608,490.742038216132,"control","P2235","Monoespecie",0,0,123,128,0,0,38,0,"Ovi_Lana",NA,NA,2001-03-27,0,0,0,3,8,10,18,0.02929,0.12353
387.955112737556,489.677092073338,"control","P2236","Multiespecie",140,93,275,266,34,115,0,4,"Ovi_Mixto",NA,NA,NA,0,0,0,1,2,4,18,0.01873,0.35106
382.697244774162,492.990315898071,"control","P2237","Multiespecie",22,12,58,68,28,101,0,0,"Mixtos",NA,NA,NA,0,0,0,2,3,8,10,0.01164,0.38097
386.859273068901,490.611046584175,"control","P2238","Monoespecie",0,0,0,0,47,234,18,0,"Mixtos",NA,NA,NA,0,0,0,5,4,21,28,0.04059,0.37706
384.401955113252,489.670326416063,"control","P2239","Monoespecie",0,0,518,560,0,0,0,0,"Ovi_Mixto",NA,NA,NA,0,0,0,4,6,22,17,0.00438,0.3113
385.000282277532,488.241038510078,"control","P2240","Multiespecie",4,3,96,67,4,18,141,3,"Ovi_Lana",NA,NA,NA,0,0,0,2,2,9,13,0.03677,0.19562
388.513105278721,490.192786503771,"control","P2241","Multiespecie",9,4,379,273,29,126,0,3,"Ovi_Lana",NA,NA,NA,0,0,0,3,3,8,20,0.01345,0.363
389.731879394886,488.401596261506,"control","P2242","Multiespecie",126,96,96,65,4,11,92,2,"Bov_Mixto",NA,NA,NA,0,0,0,4,2,29,17,0.01798,0.26069
385.759803000797,487.788669910441,"control","P2243","Monoespecie",0,0,0,0,51,123,0,0,"Mixtos",NA,NA,NA,0,0,0,4,2,24,15,0.00836,0.21848
388.955053219774,490.721961703628,"control","P2244","Multiespecie",26,19,116,84,14,64,0,4,"Ovi_Carne",NA,NA,NA,0,0,0,4,3,14,9,0.03027,0.33244
385.95390271439,489.795489507341,"control","P2245","Monoespecie",0,0,835,737,0,0,0,1,"Ovi_Carne",NA,NA,2001-04-15,0,0,0,4,4,9,36,0.04932,0.23748
388.02283173805,489.86371703167,"control","P2246","Multiespecie",7,4,38,36,10,38,0,0,"Ovi_Carne",NA,NA,NA,0,0,0,9,1,34,2,0.04965,0.14272
386.588457320172,491.236696888977,"control","P2247","Monoespecie",0,0,0,0,42,157,0,2,"Mixtos",NA,NA,NA,0,0,0,4,2,12,7,0.02895,0.21719
385.65095207439,486.811167795207,"control","P2248","Multiespecie",37,29,61,56,25,82,0,0,"Ovi_Mixto",NA,NA,NA,0,0,0,2,10,11,62,0.03271,0.31096
387.644056772427,488.620423884109,"control","P2249","Multiespecie",14,8,570,679,7,33,142,0,"Ovi_Carne",NA,NA,NA,0,0,0,3,8,9,52,0.00233,0.33058
380.800317214061,484.952943211542,"control","P2250","Multiespecie",40,27,101,89,15,75,1764,5,"Ovi_Carne",NA,NA,NA,0,0,0,3,2,15,9,0.04904,0.15991
385.314153045384,492.425771583047,"control","P2251","Monoespecie",0,0,43,31,0,0,0,2,"Ovi_Lana",NA,NA,NA,0,0,0,4,3,27,15,0.01281,0.25223
389.475379719375,490.994075335099,"control","P2252","Multiespecie",28,12,46,40,7,20,0,0,"Ovi_Carne",NA,NA,NA,0,0,0,3,2,7,17,0.03895,0.1885
383.380428372967,495.313887046456,"control","P2253","Monoespecie",0,0,0,0,17,81,0,0,"Mixtos",NA,NA,NA,0,0,0,3,2,17,19,0.01801,0.31077
387.276633035505,494.235814246175,"control","P2254","Monoespecie",0,0,0,0,72,298,0,3,"Mixtos",NA,NA,NA,0,0,0,4,3,18,8,0.01521,0.26282
385.174647115584,492.562486848327,"control","P2255","Monoespecie",0,0,183,129,0,0,0,1,"Ovi_Carne",NA,NA,NA,0,0,0,2,1,8,6,0.0227,0.15506
389.388985059158,490.9065471847,"control","P2256","Multiespecie",59,28,127,90,22,72,311,4,"Ovi_Mixto",NA,NA,NA,0,0,0,3,3,18,7,0.04659,0.27279
387.179943717886,490.68577601427,"control","P2257","Monoespecie",0,0,0,0,33,161,115,4,"Mixtos",NA,NA,NA,0,0,0,5,3,33,9,0.04901,0.21179
385.242363745588,491.287728611748,"control","P2258","Monoespecie",0,0,54,34,0,0,1639,0,"Ovi_Carne",NA,NA,2001-03-21,0,0,0,7,5,51,32,0.04303,0.32835
378.225162523627,494.216226584071,"control","P2259","Monoespecie",0,0,90,87,0,0,114,6,"Ovi_Carne",NA,NA,NA,0,0,0,5,4,12,34,0.04271,0.35232
381.388799597759,493.452961849549,"control","P2260","Multiespecie",6,5,29,18,90,449,0,3,"Mixtos",NA,NA,NA,0,0,0,4,2,8,16,0.00304,0.3004
390.292781431248,492.365666397947,"control","P2261","Multiespecie",5,3,154,158,47,156,0,0,"Ovi_Mixto",NA,NA,NA,0,0,0,9,4,65,24,0.02386,0.28687
384.229146037777,490.034809737852,"control","P2262","Multiespecie",7,6,14,12,12,26,0,0,"Mixtos",NA,NA,NA,0,0,0,4,5,29,37,0.04017,0.19706
382.31163861927,496.184828427746,"control","P2263","Multiespecie",53,26,48,31,3,9,0,8,"Bov_Mixto",NA,NA,NA,0,0,0,5,8,31,34,0.0047,0.13818
391.205214593238,491.112041115778,"control","P2264","Multiespecie",120,60,143,86,12,28,0,0,"Ovi_Carne",NA,NA,2001-03-30,0,0,0,2,2,10,13,0.02401,0.108
390.703279279684,490.42856590163,"control","P2265","Multiespecie",30,22,20,22,3,14,0,2,"Bov_Leche",NA,NA,NA,0,0,0,8,5,47,48,0.04338,0.27044
393.021775635353,492.797107664807,"control","P2266","Multiespecie",16,8,35,27,13,40,967,0,"Ovi_Mixto",NA,NA,NA,0,0,0,4,5,13,36,0.04327,0.16969
390.283165867761,489.878660721813,"control","P2267","Multiespecie",85,47,139,128,9,43,185,0,"Ovi_Mixto",NA,NA,NA,0,0,0,3,4,10,17,0.01275,0.38005
392.380657218754,492.394220702377,"control","P2268","Monoespecie",0,0,471,387,0,0,0,0,"Ovi_Lana",NA,NA,NA,0,0,0,7,5,18,40,0.04762,0.37795
349.905090201764,497.721127069631,"control","P2269","Multiespecie",189,96,110,112,32,118,1822,1,"Bov_Carne",NA,NA,NA,0,0,0,5,4,36,22,0.00308,0.37725
394.262176003197,521.921262245394,"control","P2270","Multiespecie",56,28,358,360,8,18,0,0,"Ovi_Carne",NA,NA,2001-03-18,0,0,0,7,3,23,27,0.04054,0.12175
389.833061957893,538.023908864647,"control","P2271","Multiespecie",63,28,20,15,56,242,0,5,"Mixtos",NA,NA,NA,0,0,0,4,5,22,40,0.04048,0.1153
393.403772516229,543.538259149246,"control","P2272","Multiespecie",101,70,211,131,6,26,0,0,"Ovi_Mixto",NA,NA,NA,0,0,0,2,7,15,31,0.04679,0.13243
400.977522781157,537.558287792449,"control","P2273","Monoespecie",0,0,119,131,0,0,0,4,"Ovi_Carne",NA,NA,NA,0,0,0,3,2,17,10,0.03826,0.15265
384.46352669282,548.226644691415,"control","P2274","Multiespecie",12,5,94,68,25,92,0,2,"Ovi_Mixto",NA,NA,2001-03-31,0,0,0,3,3,21,9,0.00604,0.24496
379.879087884848,494.431957890907,"control","P2275","Monoespecie",0,0,104,104,0,0,0,1,"Ovi_Carne",NA,NA,NA,0,0,0,2,16,4,112,0.03473,0.29566
388.867556324436,489.12273116968,"control","P2276","Multiespecie",28,13,303,288,11,28,0,5,"Ovi_Carne",NA,NA,NA,0,0,0,2,2,12,9,0.04171,0.10679
